split,case_id,case_name,case_type,class_action_sought,num_source_docs,raw_word_count,summary_clean_word_count,modeling_clean_word_count
train,EE-AL-0045,"EEOC v. House of Philadelphia Center, Inc.",Equal Employment,No,4,4897,4793,4800
train,PB-NJ-0003,Disability Rights New Jersey v. Velez,Public Benefits / Government Services,No,4,23805,22913,22924
train,EE-FL-0136,United States v. Palm Beach County,Equal Employment,No,3,6522,6381,6376
train,EE-CA-0305,Wynne v. McCormick & Schmick's Seafood Restaraunts Inc.,Equal Employment,Yes,13,58302,57072,57063
train,NH-NJ-0002,"U.S. v. Mercer County, New Jersey",Nursing Home Conditions,No,6,15612,15166,15143
train,NS-CA-0021,Freedom of the Press Foundation v. U.S. Department of Justice,National Security,No,3,13607,13497,13499
train,FH-DE-0001,United States v. AIG Federal Savings Bank,Fair Housing/Lending/Insurance,No,4,8391,8089,8098
train,PB-WV-0002,McGee v. Cole,Public Benefits / Government Services,No,6,41651,41331,41345
train,PN-MI-0008,Weber v. City of Grand Rapids,Policing,No,5,44043,43377,43377
train,EE-MI-0184,Owen v. L'anse Area Schools,Equal Employment,No,5,18257,18234,18159
train,EE-IL-0010,EEOC v. AMERICAN BOTTLING CO,Equal Employment,No,3,6655,6655,6657
train,EE-PA-0021,EEOC v. Allstate Insurance Co,Equal Employment,Yes,29,594541,591821,591844
train,PC-MI-0036,McBride v. Michigan Department of Corrections,Prison Conditions,Yes,14,72034,71506,71492
train,EE-AZ-0061,"EEOC v. TIN, Inc. d/b/a Inland Paperboard and Packaging, Inc",Equal Employment,No,5,20995,20825,20825
train,JC-CA-0098,Wooden v. County of Shasta,Jail Conditions,Yes,6,27574,27574,27605
train,PC-NY-0066,Medina v. Fischer,Prison Conditions,Yes,12,59774,57838,57861
train,EE-WA-0117,Nouri v. Boeing Co.,Equal Employment,Yes,13,64177,63853,63813
train,DR-PA-0004,Voices for Independence v. Pennsylvania Department of Transportation,Disability Rights-Pub. Accom.,Yes,15,72129,69483,69591
train,EE-FL-0071,EEOC v. KANON SERVICE CORPORATION,Equal Employment,No,4,5874,5728,5741
train,JC-WA-0014,Bango v. Pierce County,Jail Conditions,Yes,6,36242,35292,35299
train,EE-SC-0011,"EEOC v. Dennis' Foods, Inc.",Equal Employment,No,3,3386,3386,3388
train,NS-UT-0001,Valdez v. National Security Agency,National Security,Yes,6,35928,35058,35069
train,NS-DC-0002,Al-Aulaqi v. Panetta,National Security,No,6,31902,31716,31716
train,EE-IL-0056,EEOC v. CONSOLIDATED FREIGHTWAYS,Equal Employment,No,3,3559,3559,3560
train,IM-WA-0016,Ruiz-Diaz v. United States,Immigration and/or the Border ,Yes,21,47608,47170,47184
train,JC-WA-0002,Orndorff v. Jefferson County,Jail Conditions,Yes,5,16867,16823,16823
train,EE-TX-0048,EEOC v. BLUEGREEN CORPORATION,Equal Employment,No,7,8955,8955,8957
train,JC-CA-0118,Parenti v. County of Monterey,Jail Conditions,No,8,41212,40722,40724
train,PR-ME-0001,"Bayley's Campground, Inc v. Mills",Presidential/Gubernatorial Authority,No,7,27031,26201,26197
train,IM-AL-0009,"Linda Smith v. Reese McKinney, Jr.",Immigration and/or the Border ,Yes,3,9729,9329,9335
train,CJ-CA-0021,Sigma-Beta-XI v. Riverside,Criminal Justice (Other),Yes,5,69555,68005,67996
train,PC-NY-0053,Hilton v. Wright,Prison Conditions,Yes,15,115837,115177,115086
train,DR-NY-0007,Brooklyn Center for Independence of the Disabled v. Bloomberg,Disability Rights-Pub. Accom.,Yes,8,113004,111402,111430
train,EE-PA-0104,EEOC v. MAIN LINE HEALTH SYSTEM,Equal Employment,No,3,5563,5547,5555
train,PC-NC-0011,Bumgarner v. North Carolina Department of Corrections,Prison Conditions,Yes,6,29385,28425,28445
train,EE-CA-0190,Ramirez v. Cintas Corporation,Equal Employment,Yes,30,129749,128109,128198
train,IM-NY-0069,State of New York v. U.S. Department of Homeland Security,Immigration and/or the Border ,No,20,262514,258071,258149
train,EE-FL-0122,"EEOC v. Wal-Mart Stores, Inc.",Equal Employment,No,4,8564,8264,8276
train,EE-IL-0319,Drnek v City of Chicago  ,Equal Employment,Yes,10,70342,70180,70157
train,JC-KY-0012,"Black v. Franklin County, KY",Jail Conditions,Yes,11,45839,44699,44691
train,EE-MI-0152,EEOC v. Servicing Solutions,Equal Employment,No,3,1627,1627,1631
train,EE-IN-0042,"EEOC v. Figgaziga, Inc., d/b/a Brown County IGA",Equal Employment,Yes,4,5310,5260,5252
train,EE-IL-0018,EEOC v. ATMI PRECAST,Equal Employment,No,3,5024,5024,5036
train,PN-MI-0011,Ingram v. County of Wayne,Policing,Yes,3,24562,23860,23867
train,FH-NY-0001,"Powell v. American General Financial, Inc.",Fair Housing/Lending/Insurance,No,5,17189,17189,17184
train,EE-IL-0321,Walker v. Monsanto Co. Pension Plan,Equal Employment,Yes,17,93597,93127,92980
train,PC-CA-0071,Lopez v. Brown,Prison Conditions,Yes,6,23112,23052,23057
train,IM-MI-0005,Hamama v. Adducci,Immigration and/or the Border ,Yes,122,1314160,1306438,1306775
train,EE-LA-0021,EEOC v. Dupont,Equal Employment,No,10,33968,33900,33900
train,PC-PA-0036,Reese v. Global Tel*Link Corporation,Prison Conditions,Yes,5,29229,28749,28747
train,EE-TX-0248,EEOC v. Neatherlin Homes,Equal Employment,No,3,3349,3267,3270
train,EE-NV-0028,EEOC v. CAESARS ENTERTAINMENT INC,Equal Employment,No,5,12598,12424,12431
train,EE-NY-0144,"EEOC v. Rappaport, Hertz, Cherson & Rosenthal, P.C.",Equal Employment,No,4,10586,10316,10322
train,PC-NM-0006,Kinslow v. New Mexico Corrections Dept.,Prison Conditions,No,12,27168,26369,26547
train,EE-GA-0046,"EEOC v. INTOWN SUITES MANAGEMENT, INC.",Equal Employment,No,11,24888,24888,24893
train,CJ-KY-0001,Bowling v. Haas,Criminal Justice (Other),No,9,25923,25349,25370
train,PC-TX-0012,Hall v. Thomas,Prison Conditions,No,9,110179,107707,107184
train,PC-MI-0032,Miller v. Stewart [Brewer],Prison Conditions,No,5,12799,12595,12594
train,EE-CA-0097,EEOC v. HAMMON PLATING,Equal Employment,No,4,5782,5632,5647
train,EE-SC-0052,EEOC v. West Roofing Systems-Georgia,Equal Employment,No,3,3952,3896,3896
train,PC-AZ-0018,Parsons v. Ryan,Prison Conditions,Yes,63,958551,936123,938136
train,IM-CA-0083,Vayeghan v. Kelly,Immigration and/or the Border ,No,4,6154,5994,5993
train,EE-NC-0059,EEOC v. L & L WINGS,Equal Employment,No,5,3664,3520,3525
train,EE-CT-0004,"EEOC v. Benni's, LLC (d/b/a Bennigan's)",Equal Employment,No,5,14888,14468,14477
train,CJ-MS-0003,Burks v. Scott County,Criminal Justice (Other),Yes,7,26207,25117,25121
train,EE-MD-0108,EEOC v. SHREE LALAJI LLC (t/a BEST WESTERN SALISBURY PLAZA),Equal Employment,No,3,2605,2531,2534
train,EE-OH-0072,"EEOC v. THE ESAB GROUP, INC. (d/b/a ESAB WELDING & CUTTING)",Equal Employment,No,6,13054,13054,13064
train,EE-AL-0032,EEOC v. FAROOQI ENTERPRISES,Equal Employment,No,5,6168,5898,5889
train,PR-DC-0008,Cockrum v. Donald J. Trump for President,Presidential/Gubernatorial Authority,No,3,39017,37977,37977
train,EE-NJ-0117,Hawk v. Abercrombie & Fitch Co.,Equal Employment,No,2,4819,4819,4823
train,EE-NC-0029,EEOC v. DOLLAR GENERAL CORPORATION,Equal Employment,No,6,13759,13699,13717
train,EE-MD-0025,EEOC v. Denny's,Equal Employment,No,7,20985,20505,20503
train,ED-MS-0002,A.M. v. Jackson Public Schools Board of Trustees,Education,Yes,6,17019,16829,16829
train,JC-DC-0002,Inmates of D.C. Jail v. Jackson,Jail Conditions,Yes,27,135319,135167,135137
train,NS-FL-0002,American Civil Liberties Union of Florida v. U.S. Department of Homeland Security,National Security,No,8,12126,11892,11878
train,CJ-TX-0014,Booth v. Galveston County,Criminal Justice (Other),Yes,6,63381,62265,62273
train,JC-IL-0009,Young v. County of Cook,Jail Conditions,Yes,21,155045,152821,152880
train,EE-CA-0174,"EEOC v. Prima Frutta Packing, Inc., J. Jesus Gonzalez Labor Contract",Equal Employment,No,5,6365,6265,6272
train,IM-CA-0160,Castillo v. Barr,Immigration and/or the Border ,No,4,49459,48315,48318
train,EE-IL-0252,EEOC v. WEBSTER TEMPORARY SERVICES INC,Equal Employment,No,5,4557,4541,4546
train,CW-MO-0001,G.L. v. Sherman,Child Welfare,Yes,8,90536,90516,90521
train,JI-KY-0002,Doe v. Younger,Juvenile Institution,Yes,11,43845,43549,43559
train,EE-AR-0023,EEOC v. HARDEE'S OF SOUTHWEST MISSOURI INC,Equal Employment,No,3,3008,2868,2879
train,EE-OH-0030,EEOC v. FORD MOTOR COMPANY,Equal Employment,Yes,10,23611,22927,22938
train,FA-PA-0004,Persico v. Sebelius,Speech and Religious Freedom,No,3,32525,31905,31903
train,JC-CA-0022,"Flick v. San Francisco, California",Jail Conditions,No,3,17800,17650,17657
train,EE-LA-0056,"EEOC v. Lowe's Home Centers, Inc.",Equal Employment,No,4,4062,4062,4064
train,PN-NY-0021,Datz v. Suffolk County,Policing,No,3,14056,13580,13583
train,IM-MD-0009,CASA de Maryland v. Trump,Immigration and/or the Border ,No,3,24203,23483,23485
train,FA-MO-0010,Randy Reed Automotive v. Sebelius,Speech and Religious Freedom,No,6,11189,10839,10836
train,EE-AR-0033,"EEOC v. MCKNIGHT PLYWOOD, INC.",Equal Employment,No,4,2993,2981,2987
train,EE-AR-0001,"EEOC v. A. TENENBAUM COMPANY, INC.",Equal Employment,No,3,3408,3408,3423
train,MH-VT-0003,U.S. v. Vermont,Mental Health (Facility),No,6,23745,23695,23695
train,FH-CA-0025,Independent Living Center v. City of Los Angeles,Fair Housing/Lending/Insurance,No,19,226851,220691,220805
train,EE-MS-0060,"BELUE v. WAYNE FARMS, LLC",Equal Employment,Yes,23,43580,42423,42430
train,EE-NV-0041,EEOC v. U-HAUL CO OF NEVADA INC,Equal Employment,No,3,6243,6103,6115
train,EE-FL-0095,"EEOC v. PIZZA HUT OF AMERICA, INC.",Equal Employment,No,3,2100,2044,2046
train,IM-MD-0014,Casa de Maryland v. Trump,Immigration and/or the Border ,No,6,97358,95628,95615
train,EE-IL-0131,EEOC v. JOE HOTZE FORD INC,Equal Employment,No,3,5614,5614,5615
train,NS-CA-0020,Raimondo v. Federal Bureau of Investigation,National Security,No,11,62328,61048,61119
train,EE-NY-0211,Bellifemine v. Sanofi-Aventis U.S. LLC,Equal Employment,Yes,9,55967,55155,55161
train,PC-WA-0024,Teamsters Local Union No. 117 v. Washington State Department of Corrections,Prison Conditions,No,5,20867,20643,20635
train,PC-CO-0020,Vega v. Davis,Prison Conditions,No,6,33624,32664,32665
train,EE-IN-0088,"EEOC v. Protis Executive Innovations, Inc.",Equal Employment,No,5,5620,5620,5619
train,EE-KY-0013,EEOC v. KECO INDUSTRIES INC,Equal Employment,No,3,3121,2999,2999
train,IM-MO-0003,Arapi v. U.S. Citizenship and Immigration Services,Immigration and/or the Border ,No,9,28632,28632,28639
train,EE-FL-0163,United States v. Consolidated City of Jacksonville,Equal Employment,Yes,5,55785,54369,54257
train,JI-IL-0005,"T.S. v. Twentieth Century Fox Television, Inc.",Juvenile Institution,Yes,8,111976,110892,110888
train,ED-MI-0006,Gary B. v. Snyder,Education,Yes,5,85218,84978,84987
train,MH-DC-0005,Costa v. Bazron,Mental Health (Facility),Yes,11,123960,118674,118638
train,PC-TN-0015,Graham v. Parker,Prison Conditions,Yes,8,62726,61188,61177
train,FA-CO-0002,Colorado Christian University v. Sebelius,Speech and Religious Freedom,No,9,30087,29257,29242
train,JC-NY-0010,U.S. v. Nassau County Sheriff's Dept.,Jail Conditions,No,5,13196,12970,12970
train,PC-TX-0017,Ali v. Thaler,Prison Conditions,No,15,85991,84431,84464
train,PC-DC-0002,Garnes v. District of Columbia,Prison Conditions,Yes,4,7232,7208,7221
train,PC-KS-0007,Huff v. CoreCivic,Prison Conditions,Yes,7,37931,36941,36927
train,IM-AZ-0019,Arizona Dream Act Coalition v. Brewer,Immigration and/or the Border ,No,17,166508,164804,164712
train,EE-NY-0210,Velez v. Novartis Pharmaceuticals Corporation,Equal Employment,Yes,13,148414,144984,144814
train,IM-TX-0054,Amezcua v. Garcia,Immigration and/or the Border ,No,4,46257,45357,45225
train,FA-MI-0016,Waechter v. City of Saugatuck,Speech and Religious Freedom,No,4,5969,5837,5852
train,EE-NC-0053,EEOC v. HR AMERICA INC,Equal Employment,No,3,4156,4156,4161
train,EE-NM-0005,EEOC v. LLC RESTAURANT CONCEPTS II (d/b/a APPLEBEE'S NEIGHBORHOOD BAR & GRILL),Equal Employment,No,3,6076,6076,6081
train,PN-MO-0002,United States v. City of Ferguson,Policing,No,41,428865,428861,428631
train,PC-FL-0024,Copeland v. Jones,Prison Conditions,Yes,6,37535,36385,36385
train,IM-LA-0014,"Krishnakutty v. Signal International, LLC",Immigration and/or the Border ,No,13,120854,119644,119644
train,EE-LA-0073,EEOC v. K&B LOUISIANA CORPORATION (d/b/a RITE AID),Equal Employment,No,14,30987,30555,30554
train,PB-UT-0001,Kitchen v. Herbert,Public Benefits / Government Services,No,14,119043,118713,118551
train,CJ-AL-0003,Gooden v. Worley,Criminal Justice (Other),No,5,33943,33911,33932
train,VR-MS-0147,Young v. Hosemann,Election/Voting Rights,No,6,21053,20543,20543
train,NS-CA-0006,Shubert v. Obama,National Security,Yes,17,112979,112659,112636
train,EE-PA-0086,EEOC v. HCR MANOR CARE HEALTH SERVICES AT YARDLEY,Equal Employment,No,3,3440,3440,3440
train,IM-DC-0042,Electronic Privacy Information Center v. U.S. Immigration & Customs Enforcement,Immigration and/or the Border ,No,2,4895,4785,4786
train,EE-NY-0296,Franklin v. Whole Foods,Equal Employment,Yes,2,6402,6222,6232
train,EE-AK-0004,EEOC v. PROVIDENCE HEALTH SYSTEM,Equal Employment,No,4,7448,7238,7227
train,EE-WI-0044,"EEOC v. SPECIALTY CARE SERVICES, d/b/a WEST PARK PLACE",Equal Employment,No,3,2351,2351,2351
train,JC-CA-0127,Avitia v. U.S. Immigration and Customs Enforcement,Jail Conditions,No,2,8061,7881,7882
train,PC-WA-0003,Duffy v. Riveland,Prison Conditions,Yes,17,60913,60637,60637
train,PB-UT-0003,Roe v. Patton,Public Benefits / Government Services,No,5,6851,6671,6677
train,EE-PR-0007,EEOC v. MOKA SHOE CORPORATION,Equal Employment,No,3,4406,4346,4350
train,DR-NY-0012,Center for Independence of the Disabled v. Metropolitan Transportation Authority,Disability Rights-Pub. Accom.,Yes,7,49706,48546,48487
train,EE-AR-0024,"EEOC v. HARGIS-CALDWELL PARTNERS, LLC DBA HUDDLE HOUSE OF CLINTON",Equal Employment,No,4,4321,4281,4310
train,EE-TX-0391,EEOC v. US CONTRACTORS INC,Equal Employment,No,4,2255,2249,2253
train,PB-CA-0035,Smelt v. United States,Public Benefits / Government Services,No,17,59485,59279,59002
train,FA-MO-0012,Roman Catholic Archdiocese of St. Louis v. Burwell,Speech and Religious Freedom,No,4,28856,28856,28843
train,EE-PA-0051,EEOC v. CREATIVE PLAYTHINGS LTD,Equal Employment,No,4,14656,14656,14654
train,PC-VT-0001,Goldsmith v. Dean,Prison Conditions,Yes,5,25949,25801,25811
train,IM-CA-0176,Alcantara v. Archambeault,Immigration and/or the Border ,Yes,12,33953,32963,32953
train,EE-FL-0078,EEOC v. MEDICAL CENTER GROUP,Equal Employment,No,3,4156,3996,3999
train,FA-MI-0003,Satawa v. Macomb County Road Commission,Speech and Religious Freedom,No,11,46872,46872,46862
train,ED-MI-0004,Tooley v. Van Buren Public Schools,Education,No,6,38368,38122,38141
train,JC-FL-0023,H.C. v. Bradshaw,Jail Conditions,Yes,8,68337,66909,66949
train,EE-NJ-0030,EEOC v. FAST BOLT CORP.,Equal Employment,No,4,6956,6716,6721
train,ID-AR-0003,U.S. v. Arkansas,Intellectual Disability (Facility),No,5,9215,9115,9124
train,EE-NC-0050,"EEOC v. HENREDON FURNITURE INDUSTRIES, INC.",Equal Employment,No,3,5443,5313,5315
train,NS-CA-0025,American Civil Liberties Union of San Diego v. U.S. Department of Homeland Security,National Security,No,7,44385,42957,42938
train,PC-MA-0052,Doe v. Massachusetts Department of Corrections,Prison Conditions,No,4,15096,14726,14725
train,FH-CA-0028,Oakland v. Wells Fargo,Fair Housing/Lending/Insurance,No,5,51978,51168,51180
train,EE-NY-0073,EEOC v. THE HOME DEPOT,Equal Employment,No,5,10567,10065,10122
train,EE-GA-0040,EEOC v. HOME IMPROVEMENT FINANCIAL,Equal Employment,No,4,5223,5104,5108
train,IM-NY-0058,Abdi v. Duke [later Nielsen],Immigration and/or the Border ,Yes,8,64106,62216,62233
train,JC-GA-0011,U.S. v. Dooly County,Jail Conditions,No,10,24985,24969,24969
train,FA-IN-0003,Grace Schools v. Sebelius,Speech and Religious Freedom,No,19,165300,160380,160500
train,FA-NY-0004,American Freedom Defense Initiative v. MTA,Speech and Religious Freedom,No,7,26540,25790,25796
train,EE-FL-0125,"Hugo J. Villalobos v. Gulfstream Academy of Aeronautics, Inc",Equal Employment,No,2,2489,2489,2488
train,EE-WA-0044,EEOC v. Les Schwab Tire Centers,Equal Employment,Yes,23,74844,73318,73330
train,EE-DC-0022,"EEOC v. Triad Tax Services, Inc.",Equal Employment,No,3,2862,2862,2868
train,PC-FL-0026,Hoffer v. Inch,Prison Conditions,Yes,9,88376,86228,86216
train,EE-TX-0350,"EEOC v. TCIM SERVICES, INC.",Equal Employment,No,6,6720,6490,6490
train,IM-DC-0056,TheHuffingtonPost.com v. U.S. Immigration and Customs Enforcement,Immigration and/or the Border ,No,2,2849,2759,2761
train,EE-NY-0085,EEOC v. JOHN HARVARD'S BREW HOUSE LLC,Equal Employment,No,6,6461,6257,6261
train,PB-OR-0004,Geiger v. Kitzhaber,Public Benefits / Government Services,No,11,39460,38512,38469
train,VR-NC-0085,Democracy NC v. NC BOE,Election/Voting Rights,No,27,375698,359748,360048
train,EE-TX-0401,EEOC v. W-INDUSTRIES LIMITED LP,Equal Employment,No,4,5111,5111,5113
train,IM-CA-0107,Immigrant Legal Resource Center v. U.S. Department of Homeland Security,Immigration and/or the Border ,No,2,13206,12952,12953
train,EE-MI-0167,EEOC v. Nabi,Equal Employment,No,3,3287,3287,3293
train,ED-WI-0001,Jamie S. v. Milwaukee Public Schools,Education,Yes,28,170337,168782,168810
train,MH-KS-0001,Baker v. DesLauriers,Mental Health (Facility),Yes,7,163817,160247,160286
train,EE-IL-0122,EEOC v. Integrity Financial Services,Equal Employment,No,3,5016,4846,4847
train,NS-WA-0004,ACLU of Washington v. U.S. Department of Homeland Security,National Security,No,4,15014,14624,14624
train,EE-MI-0106,EEOC v. LABORERS' INTERNATIONAL UNION OF NORTH AMERICA LOCAL NO. 465,Equal Employment,No,4,5251,5251,5248
train,IM-TX-0024,Ordoñez Orosco v. Chertoff,Immigration and/or the Border ,Yes,5,44415,44325,44315
train,EE-AZ-0031,EEOC v. Collegeville/Imagineering,Equal Employment,No,6,21356,21356,21369
train,EE-NV-0007,EEOC v. K-T CONTRACT SERVICES INC,Equal Employment,No,3,6901,6763,6764
train,IM-TN-0003,Ramos−Macario v. Jones,Immigration and/or the Border ,Yes,5,20932,20542,20544
train,PN-DC-0009,S.H. v. District of Columbia,Policing,No,5,36192,35082,35084
train,FA-IL-0006,Korte v. United States Department of Health and Human Services,Speech and Religious Freedom,No,9,63618,63396,63436
train,EE-FL-0042,"EEOC v. Dollar Thrifty Automotive Group, Inc.",Equal Employment,No,4,7273,7273,7279
train,PB-MT-0002,Rolando v. Fox,Public Benefits / Government Services,No,3,13877,13697,13696
train,EE-IN-0038,"EEOC v. EBY-Brown Company, LLC",Equal Employment,No,6,10788,10788,10787
train,FH-MO-0003,U.S. v. Midwest Bankcentre,Fair Housing/Lending/Insurance,No,3,10303,10303,10307
train,JI-PR-0004,United States v. Puerto Rico,Juvenile Institution,No,65,1143211,1112111,1112074
train,IM-CA-0152,Doe v. McAleenan,Immigration and/or the Border ,Yes,5,30620,29830,29842
train,EE-TN-0085,"EEOC v. NORTHWEST AIRLINES, INC.",Equal Employment,No,9,18862,18626,18636
train,EE-MD-0077,EEOC v. MARYLAND CLASSIFIED EMPLOYEES ASSOCIATION INC,Equal Employment,No,4,5298,5136,5132
train,JC-CA-0046,Pierce v. Orange County,Jail Conditions,Yes,27,170472,166485,166490
train,DR-CO-0020,Colorado Cross-Disability Coalition v. Abercrombie & Fitch,Disability Rights-Pub. Accom.,Yes,24,109681,107901,107905
train,EE-NV-0042,"EEOC v. VALENTINO LAS VEGAS, LLC",Equal Employment,No,5,8899,8606,8641
train,EE-IL-0047,EEOC v. CHRIST HOSPITAL & MEDICAL CENTER,Equal Employment,No,3,4472,4456,4451
train,PC-WY-0008,Blanchard v. Wyoming Department of Corrections,Prison Conditions,Yes,9,52606,51159,51179
train,EE-LA-0054,"EEOC v. LOUISIANA GUEST HOUSE, INC.",Equal Employment,No,4,3743,3743,3745
train,PB-IN-0005,Baskin v. Bogan,Public Benefits / Government Services,No,9,53083,51983,52048
train,EE-AL-0059,EEOC v. NORTHEAST ALABAMA REGIONAL MEDICAL CENTER,Equal Employment,No,3,1707,1647,1650
train,PB-AL-0018,Alabama v. United States Dep't of Commerce,Public Benefits / Government Services,No,4,31112,30472,30483
train,PC-CO-0022,Decoteau v. Raemisch,Prison Conditions,Yes,6,42598,41452,41454
train,EE-MO-0032,EEOC v. FORT OSAGE R-I SCHOOL DISTRICT,Equal Employment,No,4,6546,6546,6551
train,IM-NY-0067,P.L v. U.S. Immigration and Customs Enforcement,Immigration and/or the Border ,Yes,3,25872,25796,25797
train,EE-GA-0021,EEOC v. Cable Communications,Equal Employment,No,5,7426,7200,7200
train,PC-VA-0026,Whorley v. Northam,Prison Conditions,No,5,27162,26522,26517
train,PB-MI-0018,Hatcher v. Genesee County,Public Benefits / Government Services,No,2,14311,14083,14085
train,JC-DC-0012,Beale v. District of Columbia,Jail Conditions,No,5,25945,25495,25471
train,EE-TX-0431,United States of Ameica v. Weimar Independent School District,Equal Employment,No,4,4208,4208,4206
train,EE-NY-0299,Millien v Madison Square Garden Co.,Equal Employment,Yes,7,49297,48127,48098
train,PN-WA-0007,Hunters Capital v. Seattle,Policing,Yes,6,86817,84477,84361
train,PD-TX-0003,Stone v. Tom Green County,Indigent Defense,No,2,4567,4447,4446
train,EE-MD-0015,"EEOC v. BOUZIANIS, INC. d/b/a DOUBLE T DINER",Equal Employment,No,5,7882,7818,7820
train,PC-IL-0050,Money v. Pritzker,Prison Conditions,Yes,13,222572,220104,220063
train,FA-MO-0006,O'Brien v. HHS,Speech and Religious Freedom,No,10,36509,36509,36543
train,EE-AZ-0050,"EEOC v. GLC RESTAURANTS, INC. DBA MCDONALDS",Equal Employment,No,6,31386,31378,31385
train,EE-NH-0007,EEOC v. THE SALVATION ARMY,Equal Employment,No,4,5504,5504,5510
train,EE-IL-0137,EEOC v. K-B Television And Appliance Co.,Equal Employment,No,3,3143,3143,3144
train,CJ-AL-0022,Schultz v. Alabama,Criminal Justice (Other),Yes,10,76380,74380,74375
train,EE-TX-0369,EEOC v. TRANSIT MIX CONCRETE,Equal Employment,No,4,4210,4210,4219
train,EE-AZ-0137,Hendrix v. Chipotle Mexican Grill Incorporated,Equal Employment,Yes,3,4530,4370,4368
train,VR-MI-0079,Priorities USA v. Nessel,Election/Voting Rights,No,27,185943,181053,181106
train,PC-CO-0026,Dunlap v. Zavaras,Prison Conditions,Yes,4,14207,13818,13845
train,IM-NY-0008,Yakubova v. Chertoff,Immigration and/or the Border ,Yes,8,55612,53416,53462
train,JC-CA-0108,Prison Legal News v. County of Ventura,Jail Conditions,No,5,35075,34549,34560
train,NS-NY-0001,Hedges v. Obama,National Security,No,17,120776,118218,118327
train,CJ-CA-0022,"Edwards v. Leaders in Community Alternatives, Inc.",Criminal Justice (Other),Yes,5,38861,37911,37916
train,EE-TX-0364,EEOC v. THE VISION CENTER,Equal Employment,No,6,11426,11350,11350
train,NS-NY-0016,The New York Times Company v. National Security Agency,National Security,No,4,8370,8306,8312
train,IM-NY-0076,Basank v. Decker,Immigration and/or the Border ,No,9,17668,17168,17169
train,JC-GA-0033,"Prison Legal News v. Fulton County, GA",Jail Conditions,No,9,22172,21262,21270
train,CJ-WV-0001,Baxley v. Jividen,Criminal Justice (Other),Yes,29,194858,189397,189360
train,CJ-LA-0004,Levy v. Louisiana Department of Public Safety and Corrections,Criminal Justice (Other),Yes,5,16164,15800,15802
train,EE-FL-0001,"EEOC v. AEROMAR AIRLINES, INC.",Equal Employment,No,7,8359,8215,8217
train,PB-NY-0031,Rafferty v. Doar,Public Benefits / Government Services,Yes,7,26227,25391,25478
train,PC-MT-0010,Disability Rights Montana v. Batista,Prison Conditions,Yes,4,15736,15396,15394
train,CJ-FL-0007,Doe v. Miami-Dade County,Criminal Justice (Other),No,7,40701,40173,40189
train,PC-CA-0067,Sassman v. Brown,Prison Conditions,No,3,11519,11319,11325
train,EE-MO-0044,EEOC v. KREISLER DRUG NO.3 INC,Equal Employment,No,3,4028,4028,4031
train,JC-PA-0022,Moeller v. Bradford County,Jail Conditions,No,6,27171,27082,27087
train,PR-DC-0007,Lawyers' Committee for Civil Rights Under Law v. Presidential Advisory Commission on Election Integrity,Presidential/Gubernatorial Authority,No,5,42982,41962,41960
train,FH-DC-0008,National Community Reinvestment Coalition v. Novastar Financial,Fair Housing/Lending/Insurance,No,5,15053,14583,14587
train,EE-MO-0025,EEOC v. DaimlerChrysler Corporation,Equal Employment,No,6,9035,8975,8971
train,EE-TX-0371,EEOC v. TRL GROUP INC and TRILEGIANT CORP,Equal Employment,No,3,4138,4138,4145
train,PC-GA-0022,Andrews v. Allen,Prison Conditions,No,3,7343,7083,7080
train,IM-CA-0177,Darchini v. Pompeo,Immigration and/or the Border ,No,7,39606,38986,38992
train,NS-DC-0148,Leopold v. U.S. Department of Justice,National Security,No,15,48132,46822,46805
train,CJ-NE-0001,Doe v. Nebraska,Criminal Justice (Other),No,10,151603,150359,150403
train,MH-DC-0002,U.S. v. District of Columbia,Mental Health (Facility),No,6,34250,33610,33599
train,EE-SD-0006,"Sami Martinez v. North Central Supply, Inc.",Equal Employment,No,5,7318,7318,7320
train,JC-PA-0035,Seitz v. Allegheny County,Jail Conditions,Yes,4,15608,14922,14881
train,FA-CA-0012,Friedrichs v. California Teachers Association,Speech and Religious Freedom,No,4,75647,73517,73547
train,EE-DC-0067,Mills v. Billington,Equal Employment,Yes,18,86240,84220,84261
train,CJ-ID-0002,Bell v. City of Boise,Criminal Justice (Other),No,14,125199,123171,123195
train,ID-IL-0002,U.S. v. Illinois,Intellectual Disability (Facility),Yes,7,16446,16406,16415
train,EE-ID-0011,EEOC v. HALL-COPELAND FORD,Equal Employment,No,3,3513,3493,3495
train,EE-FL-0110,EEOC v. SIX L'S PACKING CO.,Equal Employment,No,6,8964,8609,8622
train,EE-MD-0072,EEOC v. LOCKHEED MARTIN GLOBAL TELECOMMUNIC,Equal Employment,No,9,22387,22187,22203
train,FA-NY-0003,Roman Catholic Archdiocese of New York v. Sebelius,Speech and Religious Freedom,No,12,89928,89114,89075
train,EE-LA-0041,EEOC v. JAMAL & KAMAL INC (d/b/a IHOP),Equal Employment,No,5,8946,8946,8945
train,FH-MI-0005,United States v. Edward Rose & Sons,Fair Housing/Lending/Insurance,No,2,30392,30392,30403
train,EE-CA-0300,SOLIS LARA v. ASSI SUPER,Equal Employment,Yes,3,24034,23469,23481
train,JC-NM-0002,McClendon v. City of Albuquerque,Jail Conditions,Yes,50,297402,288765,288743
train,JC-AL-0007,Rooks & U.S. v. Herring,Jail Conditions,Yes,10,35985,35865,35867
train,EE-MO-0038,EEOC v. HARDEE'S,Equal Employment,No,3,3523,3523,3525
train,IM-CT-0012,J.S.R. v. Sessions / V.F.B. v. Sessions,Immigration and/or the Border ,No,5,24418,23738,23736
train,FA-CA-0015,South Bay United Pentecostal Church v. Newsom,Speech and Religious Freedom,No,20,372516,359836,359394
train,PC-AZ-0015,Prison Legal News v. Corrections Corporation of America,Prison Conditions,No,5,19867,19467,19468
train,VR-AZ-0056,Voto Latino Foundation v. Hobbs,Election/Voting Rights,No,16,115192,111842,111685
train,PC-WI-0009,USA v. Doyle,Prison Conditions,No,6,27669,27669,27676
train,EE-PR-0013,Ortiz v. International Ethical Laboratories,Equal Employment,No,3,5080,4872,4874
train,PN-CO-0004,Epps v. City and County of Denver,Policing,No,3,20403,19813,19811
train,PN-CA-0033,Miranda v. Bonner,Policing,Yes,4,36864,36164,36363
train,PN-CA-0019,Baker v. Katehi,Policing,Yes,7,37728,36755,36724
train,IM-CA-0131,City of Los Angeles v. Sessions III,Immigration and/or the Border ,No,4,40606,39656,39689
train,EE-LA-0068,EEOC v. PHM CORP.,Equal Employment,No,6,6856,6620,6626
train,EE-MI-0157,EEOC v. Daimler Chrysler,Equal Employment,No,3,2595,2587,2593
train,EE-OH-0047,EEOC v. M. DIGIOIA COMPANY,Equal Employment,No,3,1721,1721,1725
train,PN-IL-0010,Vodak v. City of Chicago,Policing,Yes,17,137679,136679,136674
train,EE-NY-0001,EEOC v. ADESA,Equal Employment,No,4,4906,4906,4908
train,EE-IL-0284,Palmer v. Combined Ins. Co. of Am.,Equal Employment,Yes,9,33534,33122,33060
train,DR-NY-0013,E.B. v. Department of Education,Disability Rights-Pub. Accom.,Yes,9,60850,59220,59229
train,JI-KS-0001,T.Y. v. Shawnee County,Juvenile Institution,Yes,13,52619,52527,52520
train,EE-FL-0094,EEOC v. PATTERSON COMPANIES INC,Equal Employment,No,5,13680,13240,13259
train,EE-MO-0050,"EEOC v. May's Drug Stores, Inc.",Equal Employment,No,6,6923,6895,6900
train,NS-DC-0095,American Civil Liberties Union v. Department of Justice,National Security,No,16,33479,33109,33234
train,PN-PA-0013,Bailey v. City of Philadelphia,Policing,Yes,10,52007,50247,50261
train,IM-CA-0100,Sierra Club v. U.S. Department of Homeland Security,Immigration and/or the Border ,No,4,133196,130068,129159
train,JC-CA-0042,Barnett v. County of Contra Costa,Jail Conditions,Yes,13,40167,39851,39870
train,PC-MS-0009,Amos v. Hall,Prison Conditions,Yes,27,271852,271842,271766
train,NS-CO-0001,United States v. Muhtorov,National Security,No,26,196994,193179,193277
train,PC-AL-0010,Pugh v. Locke,Prison Conditions,Yes,14,37668,37664,37664
train,EE-AR-0067,"EEOC v. BFI Waste Services, LLC d/b/a/ Allied Waste Services of Little Rock",Equal Employment,No,3,3223,3083,3088
train,IM-TX-0039,"Marimuthu v. Signal International, LLC",Immigration and/or the Border ,No,14,104960,101864,101854
train,PN-MO-0001,Hussein v. County of St. Louis,Policing,No,7,6113,6113,6115
train,JC-OH-0017,Human Rights Defense Center v. Greene County,Jail Conditions,No,3,11761,11761,11775
train,IM-CA-0140,Emami v. Nielsen,Immigration and/or the Border ,Yes,6,79130,77600,77582
train,PB-CA-0017,California Association For Health Services At Home v. Shewry,Public Benefits / Government Services,No,3,10086,9830,9853
train,DR-PA-0003,Voices for Independence v. Meadville,Disability Rights-Pub. Accom.,No,5,7790,7520,7514
train,EE-OH-0061,"EEOC v. Royal Chemical Company, Ltd",Equal Employment,No,6,8857,8817,8823
train,PC-IL-0023,Westefer v. Snyder,Prison Conditions,Yes,24,168431,167131,167139
train,EE-IL-0128,EEOC v. JEWEL FOOD STORES,Equal Employment,No,5,17364,17234,17236
train,EE-IN-0122,"United States of America v. School City of East Chicago, Indiana",Equal Employment,No,3,1619,1607,1608
train,EE-DC-0009,"EEOC v. IKON OFFICE SOLUTIONS, INC.",Equal Employment,No,3,3044,3044,3039
train,EE-NM-0060,United States of America v. University of New Mexico,Equal Employment,No,3,5197,5149,5142
train,EE-NC-0074,EEOC v. MEDIA PLAY INC,Equal Employment,No,3,2644,2644,2644
train,EE-MD-0021,"EEOC v. Chesapeake Bay Golf Club, LP",Equal Employment,No,3,3299,3299,3298
train,VR-IN-0028,Tully v. Okeson,Election/Voting Rights,Yes,11,79640,76730,76719
train,EE-NY-0209,Ebbert v. Nassau County,Equal Employment,Yes,7,43657,43227,43240
train,PN-CA-0021,Campbell v. City of Oakland,Policing,No,6,31197,31197,31217
train,EE-TX-0103,UGARTE v. DOUBLE TREE HOTEL CORPORATION,Equal Employment,No,9,32637,32617,32739
train,PN-NY-0051,Belle v. New York,Policing,Yes,3,15353,14893,14901
train,JC-GA-0010,U.S. v. Clay County,Jail Conditions,No,6,7961,7961,7963
train,PN-CA-0043,Anti Police-Terror Project v. Oakland,Policing,Yes,8,64752,63332,63328
train,DR-CO-0004,"Farrar-Kuhn v. Conoco, Inc.",Disability Rights-Pub. Accom.,Yes,5,26504,26504,26505
train,PB-CA-0021,California Medical Association v. Shewry,Public Benefits / Government Services,Yes,4,39877,39003,39022
train,EE-MN-0055,EEOC v. RAINBOW RESTAURANT PROPERTIES INC (d/b/a CHINO LATINO RESTAURANT),Equal Employment,No,4,8695,8365,8363
train,PN-NY-0049,Jeffery v. City of New York,Policing,Yes,2,10425,10085,10087
train,PB-AL-0019,Robinson v. Marshall,Public Benefits / Government Services,No,19,93665,89495,89470
train,EE-MI-0165,EEOC v. CONSOLIDATED CHEMICAL CORPORATION,Equal Employment,No,4,4843,4761,4761
train,EE-ID-0006,EEOC v. CREW CONCEPTS INC.,Equal Employment,No,5,9876,9836,9847
train,FA-CA-0013,Twitter v. U.S. Department of Homeland Security,Speech and Religious Freedom,No,4,12172,11902,11901
train,JC-NE-0005,Eastman v. Sheridan County,Jail Conditions,No,7,18750,18518,18525
train,EE-NJ-0102,EEOC v. VENTIV PHARMA SERVICES,Equal Employment,No,3,6830,6610,6621
train,PA-IL-0001,Crawford v. McDonald's,Public Accomm./Contracting,No,3,43015,42543,42557
train,EE-OH-0018,EEOC v. Corporate Security Solutions,Equal Employment,No,6,10511,10431,10436
train,EE-MP-0001,EEOC v. EJ INTERNATIONAL dba MOODS AND MUSIC,Equal Employment,No,4,3278,3274,3274
train,PB-MI-0028,Nappier v. Snyder,Public Benefits / Government Services,Yes,7,30868,30610,30616
train,JC-MI-0007,Lee v. Washtenaw County,Jail Conditions,No,6,20003,20003,19954
train,JC-CA-0110,Amador v. Baca,Jail Conditions,Yes,14,115631,113063,113167
train,ED-CA-0025,Doe v. Pasadena Unified School District,Education,Yes,3,23385,22935,22924
train,EE-IL-0310,Barnes v. Canadian Nat'l IL Central,Equal Employment,Yes,5,33962,33161,33170
train,JC-IL-0051,Koger v. Dart,Jail Conditions,No,5,14004,13960,13962
train,PC-MO-0011,Roe v. Crawford,Prison Conditions,Yes,17,74811,74781,74786
train,IM-WA-0020,Unthaksinkun v. Porter,Immigration and/or the Border ,Yes,6,45392,44651,44682
train,EE-WI-0013,"EEOC v. GANNETT COMPANY, INC. d/b/a GREEN BAY PRESS-GAZETTE",Equal Employment,No,3,4777,4777,4780
train,EE-TX-0328,EEOC v. SLICK WILLIES OF AMERICA INC,Equal Employment,No,3,4410,4410,4409
train,ED-NY-0006,Eccleston v. Pine Bush Central School District,Education,No,11,101226,98390,98424
train,EE-KS-0020,"EEOC v. T-Mobile USA, Inc.",Equal Employment,No,3,4181,4181,4183
train,EE-OR-0007,"EEOC v. INTERNATIONAL LINE BUILDERS, INC.",Equal Employment,No,3,5025,5025,5038
train,CW-MO-0003,M.B. v. Tidball,Child Welfare,Yes,10,109427,106663,106704
train,NS-MA-0001,House v. Napolitano,National Security,No,5,16696,16296,16294
train,VR-OH-0085,Thompson v. DeWine,Election/Voting Rights,No,11,82268,82268,82094
train,IM-TN-0004,Daniel Renteria-Villegas v. Metropolitan Government of Nashville and Davidson County,Immigration and/or the Border ,No,7,75589,73506,73998
train,IM-DC-0072,National Immigration Project of the National Lawyers Guild v. Executive Office of Immigration Review,Immigration and/or the Border ,No,8,104133,99877,99732
train,EE-MI-0014,EEOC v. Applegate Holding Company,Equal Employment,No,7,9062,9030,9037
train,JC-IN-0020,Richardson v. Monroe County Sheriff,Jail Conditions,Yes,6,12275,12055,12061
train,EE-NY-0004,"EEOC v. ALLIED SYSTEMS, INC.",Equal Employment,No,2,3950,3950,3959
train,DR-IN-0002,Steimel v. Minott,Disability Rights-Pub. Accom.,Yes,7,43005,42475,42505
train,ED-MN-0001,Doe v. Anoka-Hennepin School District,Education,No,5,46305,44775,44800
train,EE-MT-0003,EEOC v. LES SCHWABS TIRES,Equal Employment,No,5,11040,10840,10862
train,EE-UT-0011,"EEOC v. LBW Investments, L.L.C. d/b/a JB's",Equal Employment,No,9,18132,18084,18114
train,JI-LA-0010,JD v. Nagin,Juvenile Institution,Yes,17,68706,67276,67276
train,FA-CO-0006,Little Sisters of the Poor Home for the Aged v. Sebelius,Speech and Religious Freedom,Yes,10,77551,76561,76516
train,FA-MN-0006,Hall v. Sebelius,Speech and Religious Freedom,No,6,15123,14333,14338
train,EE-IN-0067,EEOC v. FISERV SOLUTIONS INC (d/b/a MORTGAGESERV),Equal Employment,No,6,10317,10258,10253
train,JC-PA-0036,Logory v. County of Susquehanna,Jail Conditions,Yes,4,20989,20849,20834
train,PC-IN-0026,Isby-Israel v. Wynn,Prison Conditions,No,11,51390,50650,50626
train,FH-MA-0003,Miller v. Countrywide,Fair Housing/Lending/Insurance,Yes,4,18366,17806,17808
train,EE-LA-0033,EEOC v. HOLIDAY INN SOUTH,Equal Employment,No,3,2057,2057,2079
train,PB-MA-0013,"Boston Alliance of Gay, Lesbian, Bisexual and Transgender Youth (BAGLY) v. U.S. Department of Health and Human Services",Public Benefits / Government Services,No,2,30759,30759,30763
train,JC-GA-0034,Georgia Advocacy Office v. Jackson,Jail Conditions,Yes,5,26764,25774,25784
train,PC-SC-0009,Northcutt v. South Carolina Department of Corrections,Prison Conditions,No,7,73921,73041,73034
train,PN-CA-0045,Ruiz v. City of Sacramento,Policing,Yes,3,33777,32897,32811
train,JI-NY-0009,United States of America v. The State of New York,Juvenile Institution,No,35,642767,629189,629123
train,EE-MD-0075,EEOC v. MANTECH MSM SECURITY SERVICES INC.,Equal Employment,No,4,2692,2692,2689
train,JC-IL-0013,Jackson v. Sheriff of Cook County,Jail Conditions,Yes,11,33949,33819,33822
train,PB-CA-0025,California Hospital Association v. Maxwell-Jolly,Public Benefits / Government Services,No,7,38247,36985,37007
train,FA-CA-0002,Multi-Ethnic Immigrant Workers Organizing Network v. City of Los Angeles,Speech and Religious Freedom,Yes,12,111065,108429,108428
train,JC-NY-0063,Doe v. City of New York,Jail Conditions,Yes,4,37793,37371,37380
train,EE-NC-0118,"EEOC v. U.S. Pipeline, Inc.",Equal Employment,No,3,5018,4898,4910
train,EE-MI-0039,EEOC v. Comair Inc,Equal Employment,No,3,3397,3397,3406
train,PB-CT-0010,Briggs v. Bremby,Public Benefits / Government Services,Yes,11,51330,50492,50564
train,EE-NY-0288,EEOC v. New York State Department of Correctional Services,Equal Employment,No,4,15595,15525,15529
train,EE-LA-0080,EEOC v. Sonic Drive Inn,Equal Employment,No,6,30930,30930,30953
train,EE-MI-0053,EEOC v. Electronic Data Systems Corporation,Equal Employment,No,3,6366,6366,6372
train,CW-MS-0002,Troupe v. Barbour,Child Welfare,Yes,18,63930,62482,62468
train,PC-CA-0075,"Romero v. Securus Technologies, Inc.",Prison Conditions,Yes,17,115060,112370,112408
train,CJ-OH-0001,Cooey v. Taft,Criminal Justice (Other),No,24,150177,148561,148574
train,CJ-MD-0004,Maryland Restorative Justice Initiative v. Hogan,Criminal Justice (Other),No,15,112259,109353,109251
train,PC-MI-0019,Hadix v. Caruso,Prison Conditions,Yes,65,460147,455673,455596
train,PB-AL-0016,Lewis v. Bentley,Public Benefits / Government Services,No,5,38427,37687,37678
train,FA-DC-0022,A.N.S.W.E.R. v. Norton,Speech and Religious Freedom,No,14,77167,75717,75691
train,PB-GA-0009,Georgia State Conference of the NAACP v. City of LaGrange,Public Benefits / Government Services,No,4,24529,23599,23575
train,EE-NC-0007,EEOC v. BARTON COLLEGE,Equal Employment,No,3,2880,2770,2773
train,PB-TX-0010,Texas v. United States,Public Benefits / Government Services,No,6,65705,63773,63798
train,EE-NJ-0061,EEOC v. MORAN FOODS (d/b/a SAVE-A-LOT),Equal Employment,No,5,12311,11831,11831
train,FA-AL-0002,Eternal World Television Network v. Sebelius,Speech and Religious Freedom,No,10,66201,64801,64790
train,JC-LA-0027,Prison Legal News v. Gusman,Jail Conditions,No,9,11466,11252,11244
train,IM-DC-0039,National Immigration Project of the National Lawyers Guild v. U.S. Immigration and Customs Enforcement,Immigration and/or the Border ,No,4,6121,5901,5899
train,ID-TN-0003,U.S. v. Tennessee,Intellectual Disability (Facility),No,30,253238,251970,252045
train,IM-WA-0037,State of Washington v. United States of America,Immigration and/or the Border ,No,4,59711,58381,58397
train,IM-CA-0134,Ramos v. Nielsen,Immigration and/or the Border ,Yes,4,72600,71210,71171
train,FA-MN-0008,"Stinson Electric, Inc. v. Sebelius",Speech and Religious Freedom,No,5,16384,15624,15624
train,JI-TX-0002,U.S.A. v. State of Texas,Juvenile Institution,No,6,22005,21721,21723
train,IM-VA-0008,Toure v. Hott,Immigration and/or the Border ,No,5,26645,25555,25554
train,EE-LA-0050,EEOC v. LESON CHEVROLET,Equal Employment,No,5,5763,5763,5770
train,EE-CA-0045,"EEOC v. California Psychiatric Transitions, Inc.",Equal Employment,No,5,33295,33145,33171
train,JC-WA-0008,JW v. Pierce County,Jail Conditions,Yes,4,24869,24493,24497
train,PC-MN-0003,Ligons v. Minnesota Department of Corrections,Prison Conditions,Yes,7,55231,53541,53588
train,PN-MN-0005,Goyette v. Minneapolis,Policing,Yes,5,52800,50540,50539
train,PB-WA-0007,T.R. v. Dreyfus,Public Benefits / Government Services,Yes,17,104329,101089,101086
train,PB-IL-0004,Ligas v. Maram [now Ligas v. Hamos],Public Benefits / Government Services,Yes,35,232966,230359,230315
train,EE-CT-0009,EEOC v. LIN TELEVISION CORP dba WTHN,Equal Employment,No,3,4863,4863,4863
train,IM-CA-0133,State of California v. Sessions,Immigration and/or the Border ,No,5,96677,94397,94515
train,CJ-GA-0008,Thompson v. DeKalb County,Criminal Justice (Other),No,3,15708,15275,15284
train,IM-HI-0003,Walsh v. City and County of Honolulu,Immigration and/or the Border ,Yes,7,29161,28665,28661
train,IM-CA-0126,Ms. J.P. v. Sessions,Immigration and/or the Border ,Yes,5,70245,68455,68444
train,PC-SD-0007,Native American Council of Tribes v. Weber,Prison Conditions,No,11,54936,54656,54663
train,PC-MS-0011,Waddell v. Taylor,Prison Conditions,Yes,4,53310,50758,50708
train,PB-HI-0007,Amsterdam v. Abercrombie,Public Benefits / Government Services,No,5,10557,10387,10387
train,FA-TN-0002,Union University v. Sebelius,Speech and Religious Freedom,No,3,6143,5933,5931
train,EE-AL-0065,EEOC v. PEMCO AEROPLEX,Equal Employment,No,10,24285,23861,23783
train,JC-CA-0138,Norbert v. San Francisco Sheriff's Department,Jail Conditions,Yes,4,46378,45498,45505
train,EE-MI-0201,DeVooght v. City of Warren,Equal Employment,No,14,64045,62227,62240
train,FH-CA-0010,Payares v. J.P. Morgan Chase,Fair Housing/Lending/Insurance,Yes,6,23883,23311,23326
train,EE-NY-0046,EEOC v. EASTMAN KODAK,Equal Employment,No,3,4387,4217,4248
train,EE-MA-0021,"Turnley v. Banc of America Investment Services, Inc.",Equal Employment,Yes,6,50962,50472,50481
train,PC-CT-0020,Reynolds v. Arnone,Prison Conditions,No,7,43898,42478,42501
train,IM-WA-0025,Rosario [formerly Northwest Immigrant Rights Project] v. U.S. Citizenship and Immigration Services,Immigration and/or the Border ,Yes,7,51127,50397,50435
train,PN-CA-0041,Lavan v. City of Los Angeles,Policing,Yes,7,31090,30386,30421
train,IM-AZ-0030,Urdaneta v. Keeton,Immigration and/or the Border ,No,5,64751,63421,63415
train,PB-MI-0009,Blankenship v. Snyder,Public Benefits / Government Services,No,4,5537,5513,5520
train,JC-ID-0005,Davis v. Canyon County,Jail Conditions,Yes,10,39320,37828,37864
train,EE-TN-0123,"EEOC v. Tri-State Plumbing, Heating & Air conditioning Contractors",Equal Employment,No,7,23080,22464,22509
train,PN-IN-0003,Indy 10 Black Lives Matter v. Indianapolis,Policing,No,6,33284,31886,31857
train,IM-DC-0069,L.M.-M. v. Cuccinelli,Immigration and/or the Border ,No,3,40201,38971,38962
train,IM-AZ-0006,"Western Union Financial Services, Inc. v. Goddard",Immigration and/or the Border ,No,5,60864,60864,60869
train,IM-GA-0011,Morales v. United States,Immigration and/or the Border ,No,7,36432,35002,34999
train,EE-UT-0008,EEOC v. BODY FIRM AEROBICS d/b/a GOLD'S GYM,Equal Employment,No,6,28709,28709,28709
train,EE-VA-0126,United States v. City of Virginia Beach,Equal Employment,No,3,11241,11241,11222
train,EJ-ID-0001,Western Watersheds Project v. U.S. Fish and Wildlife Serv.,Environmental Justice,No,5,29647,28775,28779
train,IM-NC-0002,Olvera-Morales v. Int'l Labor Mgmt. Corp.,Immigration and/or the Border ,Yes,10,53410,53150,53141
train,SD-MS-0012,US v. Columbus Municipal Separate School District,School Desegregation,No,11,27823,27823,27914
train,PN-LA-0006,Imani v. City of Baton Rouge,Policing,No,4,89904,88416,88426
train,IM-NC-0005,Guilford College v. Nielsen,Immigration and/or the Border ,No,9,58998,57278,57253
train,IM-WA-0026,Mendez Rojas v. Johnson,Immigration and/or the Border ,Yes,8,54556,53256,53262
train,EE-OH-0039,EEOC v. J.H. ROUTH PACKING COMPANY,Equal Employment,No,5,10461,10437,10434
train,NS-OR-0004,Mayfield v. United States,National Security,No,5,35645,34853,34877
train,IM-OH-0001,Farm Labor Org. Comm. v. Ohio State Highway Patrol,Immigration and/or the Border ,Yes,9,55069,54997,55015
train,EE-TX-0397,EEOC v. VALOR COMMUNICATIONS GROUP,Equal Employment,No,6,5894,5794,5784
train,PC-FL-0028,Davis v. Jones,Prison Conditions,Yes,7,36734,35614,35614
train,CW-NJ-0003,K.J. v. N.J. Dep't of Youth and Family Services,Child Welfare,No,8,47386,46350,46361
train,JC-CA-0084,Rodriguez v. Stanislaus County,Jail Conditions,Yes,5,21322,21322,21328
train,ID-PA-0006,U.S. v. Pennsylvania,Intellectual Disability (Facility),No,16,415544,415476,415647
train,JC-NY-0070,Hill v. County of Montgomery,Jail Conditions,Yes,7,62514,61084,61077
train,EE-OR-0008,EEOC v. LITHIA SUBARU OF OREGON CITY,Equal Employment,No,6,11028,11028,11055
train,EE-CA-0056,EEOC v. COASTAL VALLEY MANAGEMENT,Equal Employment,No,3,12898,12548,12555
train,EE-NY-0063,EEOC v. Grace Church,Equal Employment,No,8,29672,29172,29193
train,CJ-MO-0025,Wright v. Family Support Division,Criminal Justice (Other),Yes,9,73758,73758,73673
train,FH-VA-0002,"United States of America v. Suntrust Mortgage, Inc.",Fair Housing/Lending/Insurance,No,6,23953,23388,23395
train,CW-PA-0001,Anderson v. Houstoun,Child Welfare,Yes,5,15728,15308,15310
train,JC-AZ-0002,U.S. v. Maricopa County,Jail Conditions,No,5,9401,9389,9388
train,IM-CA-0081,Brown v. U.S. Customs and Border Protection,Immigration and/or the Border ,Yes,6,125508,121528,121638
train,PC-CA-0011,Shumate v. Wilson,Prison Conditions,Yes,8,40944,40576,40588
train,EE-TX-0470,United States v. City of Austin,Equal Employment,No,9,49441,47807,47731
train,EE-NM-0007,EEOC v. Arizona Public Service,Equal Employment,No,3,4789,4789,4802
train,EE-UT-0005,EEOC V. CONVERGYS CORPORATION,Equal Employment,No,4,9528,9528,9543
train,FH-MS-0004,United States v. Kelly,Fair Housing/Lending/Insurance,No,3,7771,7513,7519
train,PC-AL-0011,Laube v. Haley,Prison Conditions,Yes,22,123323,121073,121028
train,IM-CA-0077,Alfaro Garcia v. Johnson,Immigration and/or the Border ,Yes,7,49513,49303,49193
train,EE-TN-0067,"EEOC v. LOVE'S TRAVEL STOPS & COUNTRY STORES, INC.",Equal Employment,No,6,10832,10420,10471
train,EE-IN-0087,"EEOC v. Prodesign, LLC",Equal Employment,No,7,7541,7541,7542
train,EE-AL-0013,EEOC v. Bender Shipbuilding,Equal Employment,No,4,6618,6618,6629
train,EE-NC-0071,"EEOC v. M.D.P., INC. (d/b/a PIZZA CITY USA)",Equal Employment,No,3,3353,3353,3356
train,PC-AK-0002,Dowl v. Williams,Prison Conditions,No,5,24059,23260,23227
train,EE-IL-0257,EEOC v. Walgeen Company,Equal Employment,Yes,5,16226,16076,16082
train,ED-MO-0001,Lovins v. Pleasant Hill Pub. Sch. Dist.,Education,No,3,6624,6624,6620
train,JC-TX-0024,Prison Legal News v. Poor,Jail Conditions,No,6,7089,6897,6828
train,EE-LA-0084,"EEOC v. TRAC-WORK, INC.",Equal Employment,No,5,6419,6220,6222
train,EE-WA-0060,EEOC v. OCTON HOLDINGS INC. d/b/a COMFORT INN VALLEY,Equal Employment,No,3,4528,4528,4534
train,IM-WI-0002,Doe v. Trump,Immigration and/or the Border ,No,14,56650,55482,55442
train,CJ-CA-0008,L.H. v. Schwarzennegger,Criminal Justice (Other),Yes,27,232808,228658,228520
train,CJ-MO-0010,Whitner v. City of Pagedale,Criminal Justice (Other),Yes,8,25401,25401,25401
train,DR-VT-0002,"National Federation of the Blind v. Scribd, Inc.",Disability Rights-Pub. Accom.,No,6,21670,21300,21293
train,PB-MT-0003,DiFrancesco v. Bullock,Public Benefits / Government Services,Yes,4,24066,23127,23147
train,EE-TX-0119,EEOC v. Enterprise Rent-A-Car Company of Texas,Equal Employment,No,4,6102,6102,6105
train,PN-TX-0003,Sanchez v. Acevedo,Policing,No,6,25090,24130,24150
train,IM-FL-0026,Americans for Immigrant Justice v. CBP,Immigration and/or the Border ,No,3,14237,13931,13933
train,NS-CA-0018,Electronic Frontier Foundation v. Office of the Director of National Intelligence,National Security,No,5,23728,23728,23727
train,PC-CO-0031,Ajaj v. Federal Bureau of Prisons,Prison Conditions,No,10,76134,74314,74307
train,EE-IA-0020,Ward et al v. Von Maur Inc,Equal Employment,No,6,60588,59268,59264
train,FA-NY-0006,Barry v. City of New York,Speech and Religious Freedom,No,6,23292,22842,22861
train,PB-IL-0005,Williams v. Quinn,Public Benefits / Government Services,Yes,30,188707,184550,184396
train,PN-MN-0002,Goodman v. St. Paul,Policing,No,4,22532,21932,21936
train,ED-NY-0001,J.G. v. Rochester Board of Education,Education,Yes,8,68406,68358,68494
train,EE-IL-0324,Bolden v. Walsh Group,Equal Employment,Yes,3,28742,28472,28469
train,EE-PA-0143,EEOC v. Rite Aid Corporation,Equal Employment,No,5,8161,8061,8074
train,IM-LA-0010,"David v. Signal International, LLC",Immigration and/or the Border ,Yes,36,267084,262904,262886
train,EE-TN-0056,"EEOC v. HILL BOREN, P.C.",Equal Employment,No,5,7698,7488,7496
train,FH-NY-0019,United States v. Bank United,Fair Housing/Lending/Insurance,No,3,3114,3114,3109
train,EE-IL-0296,"Hawkins v. Groot Industries, Inc.",Equal Employment,Yes,8,40308,39796,39791
train,CJ-GA-0004,Whitaker v. Perdue,Criminal Justice (Other),Yes,19,130926,126795,126815
train,EE-MP-0007,EEOC v. RIFU APPAREL CORPORATION,Equal Employment,No,5,10819,10803,10803
train,FA-DC-0008,"Johnson Welded Products, Inc. v. Sebelius",Speech and Religious Freedom,No,5,13235,12785,12792
train,ED-HI-0001,Doe v. Hawaii,Education,Yes,9,29153,28801,28803
train,JC-TN-0007,U.S. v. Robertson County (TN),Jail Conditions,No,7,48667,47377,47357
train,CJ-NY-0004,Graziano v. Pataki,Criminal Justice (Other),Yes,6,24980,24950,24972
train,EE-NC-0091,EEOC v. ROMAN KNIT INC,Equal Employment,No,3,4756,4656,4656
train,JC-NY-0059,United States v. Erie County,Jail Conditions,No,39,204575,199235,199267
train,PC-RI-0001,Palmigiano v. Garrahy,Prison Conditions,Yes,42,178436,177862,177862
train,EE-RI-0003,United States v. Rhode Island Department of Corrections,Equal Employment,No,7,43845,42735,42726
train,VR-NJ-0042,League of Women Voters New Jersey v. Way,Election/Voting Rights,No,7,40140,38199,38237
train,EE-DC-0069,Collins v. Powell,Equal Employment,No,3,8765,8555,8554
train,EE-FL-0129,"Veryzer v. Mills & Murphy Software Systems, Inc.",Equal Employment,No,3,3137,3087,3086
train,PN-OR-0001,United States v. City of Portland,Policing,No,29,363897,357133,356863
train,ID-NM-0003,Jackson v. Fort Stanton Hospital & Training School,Intellectual Disability (Facility),Yes,28,305135,301299,301177
train,EE-CO-0024,"EEOC v. Home Depot U.S.A., Inc.",Equal Employment,No,5,15256,15038,15035
train,ED-FL-0005,Cook v. Florida High School Athletic Ass'n,Education,No,6,19537,18987,19017
train,ID-NE-0002,United States v. Nebraska,Intellectual Disability (Facility),No,8,67151,66703,66704
train,EE-LA-0015,EEOC v. Coastal Fabrication,Equal Employment,No,3,4839,4707,4716
train,EE-CA-0038,EEOC v. BSH HOME APPLIANCES,Equal Employment,No,4,8172,8062,8082
train,EE-MD-0031,"EEOC v. EARTHDATA INTERNATIONAL, INC.",Equal Employment,No,3,3309,3257,3260
train,ED-NY-0018,New York Times Company v. U.S. Department of Justice,Education,No,2,2545,2485,2484
train,EE-PR-0003,"EEOC v. Eureka Marine Products, Inc.",Equal Employment,No,3,5178,5128,5135
train,JC-NY-0069,Parker v. New York,Jail Conditions,Yes,5,42566,40938,40924
train,PA-AK-0001,The Downtown Soup Kitchen v. Municipality of Anchorage,Public Accomm./Contracting,No,3,28575,28035,28017
train,FA-KS-0002,First Baptist Church v. Kelly,Speech and Religious Freedom,No,17,54622,52662,52595
train,CJ-CA-0015,Hazle v. Crofoot,Criminal Justice (Other),No,6,28126,28036,28031
train,CW-NY-0008,S.W. v. City of New York,Child Welfare,No,23,122684,120998,120998
train,EE-ID-0009,EEOC v. FRED MEYERS STORES,Equal Employment,No,3,2333,2326,2334
train,JC-LA-0028,Jones v. Gusman,Jail Conditions,Yes,45,376791,366629,366620
train,EE-OH-0034,EEOC v. Honda of America,Equal Employment,No,10,29852,29792,29832
train,PB-NC-0004,Clinton L. v. Cansler,Public Benefits / Government Services,Yes,20,106107,103537,103541
train,JC-ME-0007,Smith v. Aroostook County,Jail Conditions,No,5,19957,19517,19518
train,VR-AR-0193,Mays v. Thurston,Election/Voting Rights,No,6,50446,47984,47978
train,EE-CA-0360,Rabin v. PricewaterhouseCoopers LLP,Equal Employment,Yes,8,65723,64373,64346
train,FA-NY-0008,Young Advocates For Fair Education v. Cuomo,Speech and Religious Freedom,No,3,25141,24445,24434
train,IM-FL-0027,City of West Palm Beach v. United States Attorney General,Immigration and/or the Border ,No,2,11885,11681,11685
train,EE-ID-0008,"EEOC v. Kimball International, Inc. d/b/a Flexcel",Equal Employment,No,4,7639,7635,7638
train,EE-IL-0060,EEOC v. Cracker Barrel Old Country Store,Equal Employment,No,5,11430,11418,11423
train,PB-MO-0003,Amos v. Higgins,Public Benefits / Government Services,No,4,6399,6199,6205
train,PC-NE-0001,Flemming v. Clarke,Prison Conditions,Yes,2,4846,4786,4786
train,EE-NY-0189,"EEOC v. ZAPPALA FARMS, INC.",Equal Employment,No,4,8135,8135,8135
train,IM-DC-0017,American Immigration Council v. U.S. Department of Homeland Security,Immigration and/or the Border ,No,6,34914,34669,34627
train,IM-AZ-0028,A.I.I.L. v. Sessions,Immigration and/or the Border ,Yes,3,59054,57474,57484
train,EE-PA-0229,Robinson v. Compass Group,Equal Employment,Yes,3,16922,16324,16333
train,EE-MN-0039,"EEOC v. LAND O' LAKES, INC.",Equal Employment,No,3,3393,3243,3256
train,EE-FL-0111,EEOC v. Sun-Rich Of Immokalee,Equal Employment,No,7,12373,12192,12220
train,EE-TX-0326,EEOC v. SHIPLEY'S DONUTS,Equal Employment,No,4,6903,6847,6845
train,JC-KY-0018,French v. Daviess County,Jail Conditions,Yes,7,22050,21860,21871
train,IM-CA-0002,Flores v. Reno,Immigration and/or the Border ,Yes,98,1484162,1432782,1432191
train,PB-RI-0001,Tevyaw v. Colvin,Public Benefits / Government Services,No,3,8099,8099,8101
train,IM-FL-0015,Rodriguez v. United States,Immigration and/or the Border ,Yes,7,34460,34204,34243
train,EE-MI-0174,EEOC v. Victory Lane,Equal Employment,No,3,3934,3934,3937
train,PN-MO-0004,Abdullah v. County of St. Louis,Policing,No,6,19224,19224,19225
train,EE-CO-0058,EEOC v. VISTA MANAGEMENT SERVICES INC,Equal Employment,No,3,4748,4747,4757
train,DR-CA-0057,Willits v. City of Los Angeles,Disability Rights-Pub. Accom.,Yes,7,76004,74644,74705
train,EE-MD-0067,EEOC v. L.A. Weight Loss,Equal Employment,No,7,20576,20296,20304
train,EE-HI-0017,EEOC v. STRAUB CLINIC & HOSPITAL,Equal Employment,No,4,9842,9842,9852
train,FH-MI-0001,JAT Inc. v. Nat'l City Bank of the Midwest,Fair Housing/Lending/Insurance,Yes,11,36980,36790,36819
train,EE-PA-0188,EEOC v. WHITE AND WILLIAMS LLP,Equal Employment,No,4,2705,2679,2686
train,EE-CT-0015,Richards v. FleetBoston Fin. Corp.,Equal Employment,Yes,19,135604,133034,133261
train,EE-DC-0078,National Women's Law Center v. OMB,Equal Employment,No,6,34404,33526,33530
train,CJ-NC-0008,Johnson v. Jessup,Criminal Justice (Other),Yes,6,41535,40115,40116
train,CJ-GA-0013,Luse v. Sentinel Offender Services,Criminal Justice (Other),Yes,5,23107,22027,22026
train,PC-OH-0020,Fussell v. Wilkinson,Prison Conditions,Yes,18,85607,84583,84527
train,CJ-DC-0005,Barroca v. Bureau of Prisons,Criminal Justice (Other),No,4,35778,34528,34545
train,IM-TX-0033,Castro v. Freeman,Immigration and/or the Border ,Yes,10,69263,68411,68430
train,IM-CA-0054,AFL-CIO v. Chertoff,Immigration and/or the Border ,No,15,80182,79210,79244
train,NS-NY-0003,ACLU v. Clapper,National Security,No,16,207139,201803,201443
train,IM-CA-0063,Rodriguez v. Hayes,Immigration and/or the Border ,Yes,25,157622,154094,154567
train,EE-MO-0113,Miller v. John Knox Village,Equal Employment,Yes,6,13616,13106,13112
train,IM-CA-0155,Freedom for Immigrants v. U.S. Department of Homeland Security,Immigration and/or the Border ,No,3,12586,12286,12281
train,EE-MS-0025,EEOC v. Helmerich & Payne International Drilling Company,Equal Employment,No,6,9190,9090,9088
train,EE-FL-0085,EEOC v. Mortgage Information Services,Equal Employment,No,11,16061,15815,15825
train,EE-MO-0064,"EEOC v. PACKAGING DYNAMICS, INC.",Equal Employment,No,3,1975,1963,1970
train,DR-IN-0001,Perdue v. Individual Members of the Indiana State Board of Law Examiners,Disability Rights-Pub. Accom.,Yes,11,45002,44622,44628
train,EE-HI-0003,EEOC v. Chaminade University,Equal Employment,No,3,7533,7533,7540
train,CJ-TX-0013,Daves v. Dallas County,Criminal Justice (Other),Yes,6,66712,64738,64737
train,EE-AR-0030,"EEOC v. LANDERS AUTO SALES, INC.",Equal Employment,No,5,5987,5983,6005
train,EE-NY-0108,EEOC v. MR. GOLD INC. D/B/A LA PIAZZA,Equal Employment,No,4,8047,7911,7911
train,PC-DC-0034,Williams v. Federal Bureau of Prisons,Prison Conditions,Yes,13,73513,70083,70116
train,IM-MD-0004,International Refugee Assistance Project (“IRAP”) v. Trump,Immigration and/or the Border ,Yes,265,2906310,2883542,2886688
train,JC-CA-0063,Lopez v. Youngblood,Jail Conditions,Yes,15,114303,111281,111263
train,IM-FL-0002,Campos v. INS,Immigration and/or the Border ,Yes,9,38582,38174,38207
train,EE-NY-0290,"Keels v. The GEO Group, Inc.",Equal Employment,Yes,6,33664,32554,32579
train,EE-IL-0315,Bell v. Woodward Governor Co.; EEOC v. Woodward Governor,Equal Employment,Yes,7,67568,66016,66041
train,PB-NH-0003,Amanda D. v. Hassan,Public Benefits / Government Services,Yes,30,369051,356099,356052
train,EE-TX-0469,Texas v. EEOC,Equal Employment,No,7,46838,45498,45512
train,FA-OH-0003,Lavin v. Husted,Speech and Religious Freedom,No,15,84966,84898,84912
train,IM-IL-0020,City of Chicago v. Sessions,Immigration and/or the Border ,No,34,358766,355002,354787
train,JC-MA-0015,Garvey v. MacDonald,Jail Conditions,Yes,9,34467,33191,33188
train,DR-CO-0003,"Colorado Cross-Disability Coalition v. Greyhound Lines, Inc.",Disability Rights-Pub. Accom.,No,16,75590,72370,72367
train,IM-WA-0041,The Human Rights Defense Center v. U.S. Department of Homeland Security,Immigration and/or the Border ,No,3,4734,4614,4617
train,PC-TN-0018,American Diabetes Ass'n v. Corecivic,Prison Conditions,Yes,7,31578,30888,30890
train,IM-GA-0004,Mancha v. ICE,Immigration and/or the Border ,Yes,7,42592,42536,42536
train,EE-TX-0025,EEOC v. Adams Extract Company,Equal Employment,No,3,3907,3907,3919
train,PC-PA-0041,Chimenti v. Pennsylvania Department of Corrections,Prison Conditions,Yes,9,142314,136512,136518
train,PC-CO-0027,Aragon v. Raemisch,Prison Conditions,Yes,3,16628,16158,16158
train,EE-WA-0052,"EEOC v. MCCAIN FOODS, INC.",Equal Employment,No,3,3839,3839,3846
train,EE-SD-0010,EEOC v. Siouxland Oral and Maxillofacial Surgery Associate,Equal Employment,No,9,23578,23414,23419
train,NH-NM-0001,U.S. v. State of New Mexico,Nursing Home Conditions,No,7,18087,18027,18031
train,EE-NY-0217,Baergas v. City of New York,Equal Employment,Yes,9,79216,76656,76258
train,FA-MO-0008,Bick Holdings Inc. v. Sebelius,Speech and Religious Freedom,No,10,16870,16870,16832
train,EE-WA-0037,EEOC v. Jack In The Box Inc.,Equal Employment,No,5,8703,8459,8471
train,EE-PA-0024,EEOC v. BIG WAY INC (t/a VALLEY GREEN INN),Equal Employment,No,6,8386,8186,8193
train,EE-CA-0345,Cruz v. Dollar Tree Stores,Equal Employment,Yes,28,205449,205449,205321
train,EE-MO-0079,EEOC v. SHAW ENVIRONMENTAL INC,Equal Employment,No,8,10179,9949,10006
train,EE-FL-0070,EEOC v. KEY LARGO GROUP INC,Equal Employment,No,4,6995,6857,6857
train,EE-NV-0011,EEOC v. EXAMINATION MANAGEMENT SERVICES,Equal Employment,No,4,4429,4299,4309
train,EE-SC-0027,EEOC v. J.W. Aluminum,Equal Employment,No,5,6225,6225,6227
train,FA-TX-0002,"Catholic Charities, Diocese of Fort Worth v. Sebelius",Speech and Religious Freedom,No,20,111807,108561,108621
train,EE-WA-0098,"EEOC v. Trendwest Resorts, Inc.",Equal Employment,No,5,8135,7893,7912
train,FH-DC-0006,Pigford v. Glickman,Fair Housing/Lending/Insurance,Yes,41,260134,258014,258010
train,PC-CA-0044,Jesus Christ Christian Ministry v. CDCR,Prison Conditions,No,8,18364,17974,17958
train,PB-CA-0030,Dragovich v. U.S. Department of Treasury,Public Benefits / Government Services,Yes,10,58741,58671,58664
train,EE-AL-0124,"Hampton v. Secretary, Department of Veteran's Affairs",Equal Employment,Yes,6,19948,19322,19324
train,EE-IL-0065,"EEOC v. Colonial Ice Cream, Inc.",Equal Employment,No,4,5951,5951,5941
train,EE-IL-0229,EEOC v. U-HAUL CO,Equal Employment,No,2,4951,4951,4956
train,EE-IL-0233,EEOC v. UNITED AIRLINES,Equal Employment,No,4,6355,6355,6356
train,PC-TN-0017,Snead v. CoreCivic,Prison Conditions,Yes,4,34369,33349,33345
train,EE-CA-0340,Hulteen v. AT&T Corporation,Equal Employment,Yes,12,110900,110900,110687
train,IM-CA-0128,N.T.C. v. U.S. Immigration and Customs Enforcement,Immigration and/or the Border ,Yes,4,16123,15735,15741
train,IM-TX-0050,Gonzalez v. CoreCivic,Immigration and/or the Border ,Yes,4,12150,11680,11680
train,IM-DC-0029,Villalobos v. District of Columbia,Immigration and/or the Border ,No,2,3245,3125,3133
train,VR-CA-0169,Issa v. Newsom,Election/Voting Rights,No,2,5354,5214,5219
train,EE-MI-0150,"EEOC v. SEELYE-WRIGHT OF SOUTH HAVEN, INC.",Equal Employment,No,6,9210,9210,9205
train,PN-NY-0052,Clark v. City of New York,Policing,Yes,5,17867,17577,17577
train,EE-AZ-0021,EEOC v. BOEING COMPANY,Equal Employment,No,8,26798,26648,26644
train,FH-MI-0007,"Fair Housing Center of Washtenaw County and United States v. Acme Investments, Inc.",Fair Housing/Lending/Insurance,No,5,11702,11412,11409
train,FH-CA-0001,United States v. Long Beach Mortgage Company,Fair Housing/Lending/Insurance,No,4,9418,9418,9418
train,EE-WA-0063,EEOC v. OREGON ELECTRIC CONSTRUCTION INC,Equal Employment,No,3,4541,4513,4518
train,IM-FL-0024,"Methelus v. School Board of Collier County, Florida",Immigration and/or the Border ,Yes,12,89067,86537,86566
train,JC-CA-0112,Prison Legal News v. County of San Diego,Jail Conditions,No,4,20416,19866,19886
train,DR-MI-0001,Michigan Paralyzed Veterans of America v. University of Michigan,Disability Rights-Pub. Accom.,No,6,22019,22019,21997
train,FH-NY-0028,FHJC v. Esplanade Venture Partnership et al.,Fair Housing/Lending/Insurance,No,4,25678,25038,24965
train,EE-TX-0027,EEOC v. ALLIEDBARTON SECURITY SERVICES LLC,Equal Employment,No,3,5376,5372,5366
train,EE-TN-0032,"EEOC v. DIGITAL CONNECTIONS, INC.",Equal Employment,No,4,6873,6659,6661
train,EE-HI-0023,"EEOC v. Step Three, Ltd.",Equal Employment,No,4,8635,8565,8574
train,IM-NY-0077,Jones v. Wolf,Immigration and/or the Border ,No,12,63782,61817,61786
train,EE-CA-0136,"EEOC v. Interstate Hotels, LLC",Equal Employment,No,10,14293,14073,14086
train,NS-ME-0001,American Civil Liberties Union of Maine v. U.S. Customs and Border Protection,National Security,No,11,45677,44727,44721
train,EE-NC-0067,EEOC v. MASONRY REINFORCING CORP. OF AMERICA,Equal Employment,No,5,5040,5040,5045
train,EE-CT-0019,Easterling v. Connecticut Department of Corrections,Equal Employment,Yes,7,48772,48322,48309
train,EE-CA-0146,EEOC v. MEMSCAP INC,Equal Employment,No,4,4380,4310,4319
train,EE-TX-0320,"EEOC v. SBC Communications, Inc.",Equal Employment,No,4,6782,6782,6788
train,PN-NY-0059,Sow v. City of New York,Policing,Yes,3,54204,52464,52416
train,PB-KY-0005,Franklin v. Beshear,Public Benefits / Government Services,No,3,6505,6335,6337
train,EE-NM-0028,"EEOC v. KEY ENERGY SERVICES, INC.",Equal Employment,No,3,4888,4888,4895
train,PC-WA-0029,B.E. v. Teeter,Prison Conditions,Yes,7,23886,23346,23353
train,EE-NM-0036,"EEOC v. NEW MEXICO NEWSPAPERS, INC. (d/b/a THE DAILY TIMES)",Equal Employment,No,3,3195,3195,3199
train,IM-OR-0004,Miranda-Olivares v. Clackamas County,Immigration and/or the Border ,No,6,20800,20690,20692
train,EE-IL-0093,"EEOC v. Family Video Movie Club, Inc.",Equal Employment,No,4,5015,5015,5013
train,PA-CA-0005,Huntsman v. Southwest Airlines,Public Accomm./Contracting,Yes,5,36902,36582,36542
train,EE-FL-0127,United States of America v. The District Board of Trustees of Tallahassee Community College,Equal Employment,No,3,2051,2029,2029
train,EE-CT-0013,Thomas v. General Elec. Co.,Equal Employment,Yes,4,25578,25490,25499
train,JI-GA-0001,Doe v. Napper,Juvenile Institution,Yes,3,21402,21366,21368
train,EE-AR-0019,"EEOC v. FRED'S STORES OF TENNESSEE, INC.",Equal Employment,No,7,9157,9157,9191
train,EE-MI-0033,EEOC v. Central Corporate Credit Union,Equal Employment,No,4,3509,3509,3511
train,PB-NC-0001,Fisher-Borne v. Smith,Public Benefits / Government Services,No,5,56067,54569,54606
train,IM-DC-0078,Ramirez v. U.S. Immigration and Customs Enforcement,Immigration and/or the Border ,Yes,7,146896,143746,143773
train,EE-FL-0047,"EEOC v. Executive Record Services, Inc.",Equal Employment,No,6,12168,11697,11715
train,FH-IN-0005,"United States v. Autumn Ridge Condominium Association, Inc.",Fair Housing/Lending/Insurance,No,3,15313,15133,15132
train,FA-DC-0017,March for Life v. Burwell,Speech and Religious Freedom,No,4,22863,22563,22554
train,EE-NY-0248,Rosenberg v. Ikon Office Solutions,Equal Employment,Yes,7,43584,42564,42520
train,IM-TX-0030,Zamora-Garcia v. Moore,Immigration and/or the Border ,Yes,18,159987,157185,156926
train,FA-VA-0001,"Liberty University, Inc. v. Geithner",Speech and Religious Freedom,No,10,97613,95248,95248
train,JI-MS-0004,U.S. v. Mississippi,Juvenile Institution,No,10,49210,48730,48736
train,ID-WA-0002,People First of Wash. v. Rainer RHC,Intellectual Disability (Facility),Yes,6,50110,50014,50029
train,JC-MS-0021,United States v. Hinds County,Jail Conditions,No,19,523120,511028,510996
train,IM-DC-0063,Capital Area Immigrants' Rights (CAIR) Coalition v. Trump; I.A. v. Barr,Immigration and/or the Border ,No,6,46207,44387,44402
train,EE-MD-0082,"EEOC v. NASDAQ STOCK MARKET, INC.",Equal Employment,No,3,2667,2633,2628
train,EE-NY-0280,EEOC v. The Silvercrest Center for Nursing and Rehabilitation,Equal Employment,No,5,8980,8536,8558
train,EE-TX-0219,"EEOC v. Livings Centers of Texas, Inc.",Equal Employment,No,4,5557,5557,5554
train,IM-AZ-0027,C.M. v. United States,Immigration and/or the Border ,No,4,35397,34627,34629
train,EE-TN-0010,"EEOC v. ATHLETES BUILDING BETTER COMMUNITIES, LLC, DBA ATHLETES FOOT",Equal Employment,No,4,2807,2727,2721
train,ED-CT-0001,Biediger v. Quinnipiac University,Education,Yes,44,467767,452626,452663
train,JC-NY-0025,"Kelsey v. Schoharie County, New York",Jail Conditions,Yes,15,39848,39291,39301
train,VR-GA-0169,The New Georgia Project v. Raffensperger,Election/Voting Rights,No,6,77622,74532,74588
train,EE-NV-0040,EEOC v. Titanium Metals Corporation d/b/a TIMET,Equal Employment,No,7,13083,12663,12662
train,PC-IN-0013,Mast v. Indiana Department of Corrections,Prison Conditions,Yes,11,29796,29266,29264
train,IM-TX-0031,Pantoja−Castillo v. Chertoff,Immigration and/or the Border ,Yes,5,10385,10277,10320
train,IM-MI-0004,Arab American Civil Rights League (ACRL) v. Trump,Immigration and/or the Border ,Yes,35,254662,253660,253619
train,ED-NY-0015,D.D. v. New York City Bd. of Educ.,Education,Yes,8,27687,27148,27148
train,JC-CA-0124,Harman v. Ahern,Jail Conditions,No,7,20823,20309,20331
train,JC-IN-0022,Tyson v. Grant County Sheriff,Jail Conditions,Yes,5,10757,10367,10367
train,VR-IL-0132,Morgan v. White,Election/Voting Rights,No,16,56638,55734,55732
train,PB-MD-0005,Kravitz v. United States Department of Commerce,Public Benefits / Government Services,No,5,76057,74470,74487
train,PB-NY-0038,New York v. U.S. Department of Health and Human Services,Public Benefits / Government Services,No,3,44205,43225,43192
train,EE-CO-0015,EEOC v. Corrections Corporation of America,Equal Employment,No,9,29978,29938,29978
train,EE-TX-0411,EEOC v. WFC LIMITED PARTNERSHIP d/b/a WORLD FINANCE CORP,Equal Employment,No,3,2980,2864,2868
train,JC-NY-0055,Nunez and United States v. City of New York,Jail Conditions,Yes,20,818356,798785,798757
train,EE-MO-0043,"EEOC v. Jolet II, Inc. d/b/a Thompson's Care Center",Equal Employment,No,4,5850,5850,5851
train,PC-NY-0074,Steele-Warrick v. Microgenics,Prison Conditions,Yes,3,12277,11917,11916
train,CW-IN-0001,C.H. v. Payne,Child Welfare,Yes,11,33861,32747,32734
train,EE-NC-0020,EEOC v. CHANNEL MARKER II,Equal Employment,No,3,3586,3470,3474
train,PC-NV-0015,Riker v. Gibbons,Prison Conditions,Yes,14,57262,56438,56443
train,FA-MI-0012,Mersino v. Sebelius,Speech and Religious Freedom,No,10,41338,41320,41274
train,PR-DC-0009,Common Cause v. Presidential Advisory Commission on Election Integrity,Presidential/Gubernatorial Authority,No,7,29942,28782,28777
train,EE-AL-0055,EEOC v. Kraft Foods of North America,Equal Employment,No,5,6046,5852,5863
train,IM-PA-0007,Ignatyev v. Chertoff,Immigration and/or the Border ,Yes,3,22377,21892,21905
train,PC-WA-0019,Peralez v. Washington State Department of Corrections,Prison Conditions,Yes,9,26179,26019,26015
train,FA-DC-0009,Willis & Willis PLC v. Sebelius,Speech and Religious Freedom,No,4,12570,12130,12138
train,EE-WA-0030,EEOC v. HUNTLEIGH USA CORP,Equal Employment,No,3,4566,4492,4497
train,PB-ID-0003,Taylor v. Brasuell,Public Benefits / Government Services,No,5,16492,16148,16150
train,IM-NY-0063,L.V.M. v. Lloyd,Immigration and/or the Border ,Yes,5,25833,25233,25223
train,PC-MA-0037,Battista v. Clarke,Prison Conditions,No,11,46130,44910,44936
train,JC-CA-0059,Johnson v. Los Angeles County Sheriff's Department,Jail Conditions,Yes,18,117689,114369,114427
train,PC-CA-0054,Ashker v. Brown,Prison Conditions,Yes,35,389315,387015,387039
train,NS-OH-0001,Kindhearts for Charitable Humanitarian Development v. Paulsen,National Security,No,11,135956,135956,135987
train,IM-CO-0013,Codner v. Choate,Immigration and/or the Border ,No,4,31367,31187,31190
train,PR-IL-0002,Illinois Republican Party v. Pritzker,Presidential/Gubernatorial Authority,No,5,44031,42867,42908
train,EE-TX-0215,"EEOC V. LOOP 20 TX, INC.",Equal Employment,No,5,5240,5074,5084
train,EE-IA-0011,EEOC v. GOODWILL INDUSTRIES OF NORTHEAST IOWA INC,Equal Employment,No,3,3233,3113,3115
train,IM-DC-0058,Pineda v. Trump,Immigration and/or the Border ,Yes,4,8467,8107,8105
train,FH-IN-0006,United States v. Centier Bank,Fair Housing/Lending/Insurance,No,6,11900,11391,11428
train,NS-CA-0022,"In re Search of an Apple iPhone Seized During the Execution of a Search Warrant on a Black Lexus IS300, California License Plate 35KGD203",National Security,No,5,33649,33297,33299
train,NS-NY-0004,Doe v. Ashcroft,National Security,No,16,101732,101692,101711
train,PC-KY-0009,Human Rights Defense Center v. Ballard,Prison Conditions,No,7,19755,19755,19763
train,IM-DC-0066,Doc Society v. Pompeo,Immigration and/or the Border ,No,2,11591,11241,11245
train,ED-KY-0002,S.R. v. Kenton County,Education,No,5,46501,46333,46339
train,EE-TX-0414,"EEOC v. WVT OF TEXAS, INC.",Equal Employment,No,4,5686,5546,5586
train,PB-DC-0007,Stewart v. Azar,Public Benefits / Government Services,Yes,5,75135,73115,73135
train,EE-PA-0120,EEOC v. Northwestern Human Services,Equal Employment,No,4,9192,9192,9198
train,NS-NY-0002,Wilner v. National Security Agency,National Security,No,9,13326,13102,13108
train,IM-DC-0047,Electronic Privacy Information Center v. U.S. Immigration and Customs Enforcement,Immigration and/or the Border ,No,2,5640,5570,5570
train,EE-NC-0117,EEOC v. TRIAD CLINICAL LABORATORY,Equal Employment,No,3,3479,3429,3434
train,EE-IL-0287,Finley v. Dun & Bradstreet Corp.,Equal Employment,Yes,3,7264,7114,7138
train,IM-CA-0058,Ahmadi v. Chertoff,Immigration and/or the Border ,Yes,10,55028,54618,54632
train,NS-OR-0003,United States v. Mohamud,National Security,No,26,213600,210088,210127
train,EE-IL-0142,EEOC v. Kentucky Fried Chicken,Equal Employment,No,3,3720,3672,3682
train,EE-MD-0016,"EEOC v. BRINKER INTERNATIONAL, INC;CHILI'S OF MD;CHILI'S OF BEL AIR",Equal Employment,No,4,5109,5109,5108
train,JC-NY-0075,"Federal Defenders of New York, Inc. v. Federal Bureau of Prisons",Jail Conditions,No,5,21514,21014,21015
train,EE-TX-0148,EEOC v. GRAND CHINA BUFFET,Equal Employment,No,3,3448,3328,3331
train,JC-GA-0023,Harper v. Bennett,Jail Conditions,Yes,33,109663,105143,105135
train,EE-KS-0027,Semsroth v. City of Wichita,Equal Employment,Yes,8,57171,57147,57134
train,EE-IL-0208,EEOC v. SMURFIT STONE CONTAINER CORP,Equal Employment,No,4,6351,6347,6356
train,PC-NY-0061,Donhauser v. Goord,Prison Conditions,Yes,22,58510,58384,58303
train,EE-NM-0009,"EEOC v. Antigua, Inc., d/b/a/ Miki's Coffee Shop",Equal Employment,No,6,5370,5350,5357
train,PN-MO-0007,Furlow v. Belmar,Policing,Yes,6,46419,46419,46418
train,EE-FL-0086,EEOC v. Motherhood,Equal Employment,No,6,11644,11256,11280
train,DR-CA-0027,Oster v. Wagner,Disability Rights-Pub. Accom.,Yes,34,289018,288922,288667
train,JC-OR-0008,Hinds v. Multnomah County,Jail Conditions,Yes,6,18367,18271,18270
train,JC-CA-0060,Medina v. County of San Bernardino,Jail Conditions,No,6,13117,12757,12763
train,EE-NY-0086,EEOC v. LA BRANCHE & CO INC,Equal Employment,No,4,7873,7873,7851
train,CW-CA-0002,California Alliance of Child and Family Services v. Allenby,Child Welfare,No,16,53283,53283,53287
train,EE-IN-0120,United States of America v. Indiana Department of Correction,Equal Employment,No,5,3291,3263,3255
train,FH-CA-0012,Zamora v. Wachovia,Fair Housing/Lending/Insurance,Yes,8,28628,28628,28647
train,EE-WA-0116,Erickson v. Bartell Drug Company,Equal Employment,Yes,5,18281,17963,17964
train,PN-WA-0005,Black Lives Matter Seattle-King County v. City of Seattle,Policing,No,14,81183,79163,79131
train,FA-CA-0010,Davies v. County of Los Angeles,Speech and Religious Freedom,No,4,40985,40702,40699
train,JI-IN-0005,U.S. v. Indiana,Juvenile Institution,No,6,16081,16061,16085
train,EE-OR-0020,EEOC v. Video Only,Equal Employment,No,5,17186,16826,16837
train,JI-AL-0003,Melvin P. v. Lauderdale County,Juvenile Institution,Yes,3,5881,5871,5886
train,EE-FL-0031,"EEOC v. Diversified Behavioral Health Solutions, Inc.",Equal Employment,No,6,7217,7047,7052
train,PC-WI-0011,Freeman v. Berge,Prison Conditions,No,33,56022,56022,56015
train,EE-IL-0147,EEOC v. Law Bulletin Publishing Co.,Equal Employment,No,3,5394,5244,5247
train,FH-TX-0008,United States v. JPI Construction,Fair Housing/Lending/Insurance,No,9,92057,89855,89943
train,EE-TX-0150,EEOC v. GROOM & SON HARDWARE,Equal Employment,No,3,5639,5639,5646
train,EE-GA-0101,Cavanaugh v. Sprint/United Management Co.,Equal Employment,Yes,6,54285,54095,54094
train,EE-NJ-0052,"EEOC v. JAMES G. KENNEDY & CO., INC",Equal Employment,No,5,6319,6159,6159
train,EE-AZ-0018,EEOC v. Bashas' Inc.,Equal Employment,No,3,9910,9910,9915
train,EE-DC-0076,Equal Employment Opportunity Commission v. Providence Hospital,Equal Employment,No,3,3146,3046,3046
train,IM-CA-0088,Al-Mowafak v. Trump,Immigration and/or the Border ,Yes,5,42047,41087,41046
train,EE-CA-0096,"EEOC v. Golden Gate Meat Company, Inc.",Equal Employment,No,4,8279,8073,8083
train,PC-MS-0003,Russell v. Johnson,Prison Conditions,Yes,10,42615,42231,42225
train,EE-TX-0297,EEOC v. RED MCCOMBS SUPERIOR PONTIAC,Equal Employment,No,3,4284,4194,4196
train,JC-CA-0111,Rodriguez v. County of Los Angeles,Jail Conditions,No,12,111269,109497,109508
train,PR-NY-0003,NAACP Legal Defense & Education Fund v. Trump,Presidential/Gubernatorial Authority,No,4,49697,48307,48310
train,EE-MN-0036,EEOC v. KCD CONSTRUCTION INC,Equal Employment,No,7,12618,12548,12550
train,PB-CA-0055,Doe v. Trump,Public Benefits / Government Services,Yes,17,160861,155957,155792
train,IM-CA-0109,Saravia v. Sessions,Immigration and/or the Border ,Yes,13,80822,79760,79777
train,EE-PA-0209,"EEOC v. MID ATLANTIC MEDICAL SERVICES, INC d/b/a MAMSI HEALTH PLANS",Equal Employment,No,4,11541,11541,11544
train,IM-DC-0048,Buzzfeed Inc. v. U.S. Immigration and Customs Enforcement,Immigration and/or the Border ,No,2,3074,3034,3034
train,EE-PA-0070,EEOC v. FEDERAL EXPRESS CORPORATION,Equal Employment,No,15,40930,40809,40829
train,IM-LA-0001,Brown v. Ridge,Immigration and/or the Border ,Yes,6,32265,31900,31891
train,EE-WA-0035,Equal Employment Opportunity Commission v. Labor Ready Inc.,Equal Employment,No,7,11847,11723,11750
train,PB-DC-0006,Tuaua v. United States of America,Public Benefits / Government Services,No,4,21830,21468,21466
train,EE-NY-0251,"EEOC v. Putnam Stone & Mason Supply, Inc.",Equal Employment,No,4,13621,13621,13659
train,EE-IN-0033,"EEOC v. Damping Technologies, Inc.",Equal Employment,No,4,5255,5255,5262
train,NS-DC-0094,Electronic Frontier Foundation v. Department of Justice,National Security,No,2,2509,2429,2431
train,PC-WY-0003,Skinner v. Uphoff,Prison Conditions,Yes,15,71257,70725,70732
train,CJ-AL-0009,Varden v. City of Clanton,Criminal Justice (Other),Yes,6,22811,22271,22269
train,FA-WI-0002,Freedom From Religion Foundation v. Trump,Speech and Religious Freedom,No,4,23870,23570,23599
train,FA-CA-0009,Fitzgerald v. County of Orange,Speech and Religious Freedom,No,5,26993,26356,26363
train,PN-PA-0003,U.S. v. City of Pittsburgh,Policing,No,23,342272,342044,342077
train,EE-NV-0031,EEOC v. Republic SVCS of Southern Nevada,Equal Employment,No,7,60428,58992,59010
train,NS-CA-0009,Ibrahim v. Department of Homeland Security,National Security,No,18,169041,169041,169050
train,EE-IL-0092,"EEOC v. FUN IN MOTION, INC.",Equal Employment,No,5,8032,7846,7855
train,PC-MA-0051,Sclafani v. Mici,Prison Conditions,No,3,13057,12697,12700
train,PN-IL-0015,Perez v. City of Chicago,Policing,Yes,7,55020,54592,54600
train,EE-TX-0471,Freeman v. Parker,Equal Employment,No,3,5995,5881,5880
train,EE-OH-0112,"United States v. City of Dayton, Ohio",Equal Employment,No,6,15972,15972,15970
train,IM-MD-0018,Adam v. Pompeo,Immigration and/or the Border ,No,2,5591,5421,5423
train,PB-AL-0004,Hard v. Bentley,Public Benefits / Government Services,No,4,14840,14628,14625
train,IM-CA-0114,State of California v. U.S. Department of Justice,Immigration and/or the Border ,No,3,8580,8308,8302
train,ED-OK-0010,Dyer v. Osage Sch. Dist. 38,Education,Yes,7,13457,13177,13191
train,PB-MI-0008,Morgan v. Snyder,Public Benefits / Government Services,No,4,3714,3580,3572
train,PB-GA-0002,Birdsong v. Perdue,Public Benefits / Government Services,Yes,6,22972,22074,22089
train,FA-IL-0017,The Beloved Church v. Pritzker,Speech and Religious Freedom,No,15,66765,65869,65850
train,PN-DC-0015,Buchanan v. Trump,Policing,No,3,22285,21365,21367
train,SD-MO-0004,Jenkins v. Kansas City Missouri School District,School Desegregation,Yes,129,668587,668587,668536
train,DR-LA-0002,Smith v. Board of Commissioners,Disability Rights-Pub. Accom.,No,9,48429,47889,47906
train,IM-TN-0002,"Rosiles-Perez v. Superior Forestry Service, Inc.",Immigration and/or the Border ,Yes,15,82797,80755,80771
train,EE-AL-0007,EEOC v. BALLARD REALTY,Equal Employment,No,4,6533,6357,6362
train,PC-TX-0025,Valentine v. Collier,Prison Conditions,Yes,55,912608,900551,899461
train,PC-ID-0007,Kelly v. Corrections Corporation of America,Prison Conditions,Yes,9,59795,59027,59028
train,PC-AL-0033,Henderson v. Thomas,Prison Conditions,Yes,17,163668,158628,158547
train,EE-PR-0014,United States of America v. Municipio De Vega Alta,Equal Employment,No,8,17168,16718,16720
train,NS-CA-0026,ACLU of Southern California v. U.S. Department of Homeland Security,National Security,No,5,11969,11489,11479
train,NS-GA-0001,ACLU of Georgia v. U.S. Department of Homeland Security,National Security,No,4,15806,15360,15361
train,JC-NY-0072,Scott v. Quay,Jail Conditions,Yes,5,46432,45122,45122
train,IM-HI-0004,Hawaii v. Trump,Immigration and/or the Border ,No,336,3565130,3540195,3537520
train,IM-CA-0154,"Gonzalez v. CoreCivic, Inc.",Immigration and/or the Border ,Yes,3,14551,14201,14203
train,PB-MI-0006,Barry v. Corrigan,Public Benefits / Government Services,Yes,15,86332,86332,86341
train,EE-ID-0007,"EEOC v. FIDELITY FINANCIAL SERVCIES OF IDAHO, INC.",Equal Employment,No,4,11305,11305,11327
train,EE-WI-0032,EEOC v. MT MORRIS MUTUAL INSURANCE CO,Equal Employment,No,3,2506,2494,2496
train,JC-NY-0073,Washington v. City of New York,Jail Conditions,Yes,5,99278,96248,96291
train,ED-CT-0007,"Soule v. Connecticut Association of Schools, Inc.",Education,No,6,40681,39381,39383
train,FA-OK-0006,Catholic Benefits Association v. Sebelius,Speech and Religious Freedom,No,5,60068,57988,58010
train,EE-MA-0018,Bradley v. City of Lynn,Equal Employment,Yes,5,31215,31105,31061
train,EE-MO-0033,EEOC v. FEDEX FREIGHT EAST INC,Equal Employment,No,4,12654,12304,12304
train,CJ-KY-0007,Cole v. Warren County,Criminal Justice (Other),Yes,3,13068,12918,12927
train,CJ-MN-0002,Karsjens v. Minnesota Department of Human Services,Criminal Justice (Other),Yes,44,295602,290196,290074
train,EE-TX-0033,EEOC v. B & A DANE LLC (d/b/a PRO-CUTS),Equal Employment,No,4,5565,5429,5439
train,IM-NY-0059,Amadei v. Duke [later Nielsen],Immigration and/or the Border ,No,4,24629,23899,23908
train,JC-CA-0122,Prison Legal News v. Tulare,Jail Conditions,No,5,9843,9683,9679
train,ED-TN-0001,Madison v. Sullivan Cnty. Bd. of Educ.,Education,No,7,12071,11937,11915
train,FA-HI-0001,Hawaii Defense Foundation v. City and County of Honolulu,Speech and Religious Freedom,No,5,20160,19750,19752
train,PC-MO-0012,Qandah v. Lombardi,Prison Conditions,Yes,3,5295,5175,5175
train,PB-CA-0052,County of Santa Clara v. U.S. Department of Health and Human Services,Public Benefits / Government Services,No,7,54120,52973,52903
train,IM-CA-0061,Committee for Immigrant Rights of Sonoma County v. Sonoma County,Immigration and/or the Border ,No,7,78663,78575,78587
train,EE-AL-0073,"EEOC v. SHOE SHOW OF ROCKY MOUNT, INC.",Equal Employment,No,5,10968,10968,10972
train,NH-PA-0003,U.S. v. Chester Care Center,Nursing Home Conditions,No,4,13829,13809,13828
train,PB-NV-0001,Sevcik v. Sandoval,Public Benefits / Government Services,No,10,371233,370067,370106
train,PN-NY-0038,Argyros v. City of New York,Policing,Yes,3,12312,11962,11969
train,EE-NY-0195,United States of America v. New York Metropolitan Transportation Authority,Equal Employment,No,17,71759,70977,70988
train,JC-CA-0139,Cullors v. County of Los Angeles,Jail Conditions,Yes,5,277664,268744,268737
train,IM-TX-0002,Barrietos v. City of Farmers Branch,Immigration and/or the Border ,No,4,12635,12399,12399
train,EE-SD-0005,EEOC v. Mitchell Temporary And Dakota Pork Industries,Equal Employment,No,7,12700,12648,12641
train,JI-OR-0003,Gary H. v. Hegstrom,Juvenile Institution,Yes,4,21262,21214,21211
train,EE-CA-0281,United States of America v. Regents of the University of California,Equal Employment,No,3,3383,3347,3339
train,IM-VA-0007,J.E.C.M. v. Lloyd,Immigration and/or the Border ,Yes,5,42152,40932,40948
train,EE-NC-0136,EEOC v. MOLL INDUSTRIES,Equal Employment,No,3,3466,3346,3346
train,IM-WA-0029,Washington & Minnesota v. Trump,Immigration and/or the Border ,No,104,945812,923421,922995
train,EE-IL-0019,EEOC v. AUTONATION INC,Equal Employment,No,6,10323,10239,10245
train,PB-OH-0001,Parents League for Effective Autism Servs. v. Jones-Kelley,Public Benefits / Government Services,No,17,45776,45776,45878
train,PB-KS-0002,Planned Parenthood of Kansas and Mid-Missouri v. Mosier,Public Benefits / Government Services,Yes,4,59561,56891,56901
train,JC-CA-0066,Cruz v. County of Fresno,Jail Conditions,Yes,22,69471,69068,69366
train,EE-NM-0059,"United States v. The Village of Cuba, New Mexico",Equal Employment,No,9,6257,6225,6208
train,ED-NH-0001,Rapuano v. Trustees of Dartmouth College,Education,Yes,4,64314,62744,62705
train,PB-AL-0011,Searcy v. Davis,Public Benefits / Government Services,No,2,3431,3361,3361
train,PN-IL-0023,Communities United v. Chicago,Policing,No,5,139070,137786,137758
train,FA-MD-0002,Edgar v. Coats,Speech and Religious Freedom,No,3,17256,16696,16685
train,PR-CA-0003,State of California v. Trump,Presidential/Gubernatorial Authority,No,4,61241,60606,60614
train,PC-PA-0034,Shelton v. Kane,Prison Conditions,Yes,6,32996,32726,32702
train,MH-NY-0010,Kalwasinski v. Maxymillian,Mental Health (Facility),No,4,15832,15447,15479
train,PN-NY-0009,Floyd v. City of New York,Policing,Yes,43,655497,638469,638249
train,PC-PA-0006,Tillery v. Owens,Prison Conditions,Yes,8,57130,57054,56898
train,ED-CO-0001,Congress of Hispanic Educators v. School District No. 1,Education,No,27,226359,221889,221688
train,IM-NY-0011,Jean-Baptiste v. Reno,Immigration and/or the Border ,Yes,9,31009,30953,30954
train,ID-MT-0001,Travis D. v. Eastmont Human Services Center,Intellectual Disability (Facility),Yes,4,32166,31934,31994
train,JC-IN-0021,Olson v. Brown,Jail Conditions,Yes,7,30436,30316,30312
train,FA-IL-0005,Ozinga v. Sebelius,Speech and Religious Freedom,No,7,26045,25805,25829
train,EE-MD-0128,"EEOC v. WORTHINGTON, MOORE, & JACOBS",Equal Employment,No,12,37498,36956,36959
train,EE-CA-0310,Ambat v. City and County of San Francisco,Equal Employment,No,13,71791,71791,71787
train,EE-IL-0258,Tucker v. Walgreen Company,Equal Employment,Yes,10,72845,71046,71043
train,PC-WI-0012,Flynn v. Doyle,Prison Conditions,Yes,11,97458,96779,96758
train,JI-OH-0005,J.P. v. Taft,Juvenile Institution,Yes,13,64577,64417,64411
train,EE-TX-0117,EEOC v. EXXON MOBIL CORPORATION,Equal Employment,No,11,45995,44905,44914
train,EE-AR-0034,EEOC v. MENA SDI LLC (d/b/a SONIC DRIVE-IN),Equal Employment,No,5,6350,6210,6234
train,JC-CA-0123,Chavez v. County of Santa Clara,Jail Conditions,Yes,7,36294,35414,35401
train,EE-PA-0182,"EEOC v. VICTORIA'S SECRET STORES, INC.",Equal Employment,No,8,14368,14364,14368
train,PC-PA-0045,Reid v. Wetzel,Prison Conditions,Yes,5,114092,113528,113425
train,EE-MI-0015,"EEOC v. B & V Construction, Inc.",Equal Employment,No,4,5607,5537,5544
train,IM-MA-0022,K.O. v. Sessions,Immigration and/or the Border ,Yes,6,61547,59907,59917
train,EE-GA-0009,EEOC v. BELLSOUTH TELECOMMUNICATIONS,Equal Employment,No,4,6582,6481,6478
train,EE-MD-0093,EEOC v. PJAX INC,Equal Employment,No,3,9339,9339,9356
train,FA-CA-0008,Doe v. Harris,Speech and Religious Freedom,Yes,11,33468,33188,33228
train,JC-PA-0027,"Allison v. the Geo Group, Inc.",Jail Conditions,Yes,11,71244,68952,68944
train,NS-TX-0004,ACLU Foundation of Texas v. U.S. Customs and Border Protection,National Security,No,3,7386,7128,7128
train,JC-KS-0011,Ogden v. Figgens,Jail Conditions,Yes,7,17436,16894,16890
train,JC-KS-0010,Jackson v. Ash,Jail Conditions,Yes,3,8936,8622,8626
train,CJ-SC-0002,Brown v. Lexington County,Criminal Justice (Other),Yes,7,102022,100818,100818
train,JC-NY-0057,Barley v. City of New York,Jail Conditions,No,4,45732,43872,43919
train,PC-LA-0018,Hacker v. Cain,Prison Conditions,No,9,63524,63044,63021
train,ID-NM-0002,U.S. v. New Mexico,Intellectual Disability (Facility),No,6,11088,11084,11088
train,EE-CA-0351,"EEOC v. Abercrombie & Fitch Stores, Inc.",Equal Employment,No,5,27622,27622,27623
train,FH-MO-0006,Metropolitan St. Louis Equal Housing and Opportunity Council v. City of Maplewood,Fair Housing/Lending/Insurance,No,4,12481,12481,12490
train,EE-MD-0081,"EEOC v. McCREA EQUIPMENT COMPANY, INC.",Equal Employment,No,3,3193,3123,3119
train,EE-NM-0042,"EEOC v. ROSWELL RADIO, INC",Equal Employment,No,6,11107,11107,11107
train,PB-AL-0002,Susan J. v. Riley,Public Benefits / Government Services,Yes,11,75007,74577,74612
train,EE-LA-0022,"EEOC v. EADS AEROFRAME SERVICES, LLC",Equal Employment,No,5,6075,5843,5845
train,PB-IL-0002,Boudreau v. Ryan,Public Benefits / Government Services,Yes,18,110793,110501,110475
train,EE-TX-0318,EEOC v. SAPARK ENTERPRISES LLC (d/b/a RAMADA INN PASADENA),Equal Employment,No,3,4940,4940,4948
train,IM-LA-0009,Cacho v. Gusman,Immigration and/or the Border ,No,6,15396,15164,15155
train,CJ-MO-0022,Gasca v. Precythe,Criminal Justice (Other),Yes,11,59345,56537,56538
train,NS-DC-0108,Knight First Amendment Institute v. U.S. Department of Homeland Security,National Security,No,13,208763,207913,207964
train,JI-MS-0006,D.W. v. Harrison County,Juvenile Institution,Yes,8,17510,16300,16338
train,EE-IN-0118,United States of America v. Town of West Terre Haute,Equal Employment,No,6,8926,8914,8869
train,FH-TN-0002,"City of Memphis v. Wells Fargo Bank, N.A.",Fair Housing/Lending/Insurance,No,5,27265,26375,26377
train,PC-WI-0007,Freedom from Religion Foundation v. Gonzales,Prison Conditions,No,7,14381,14349,14344
train,PC-RI-0009,Cook v. Wall,Prison Conditions,No,5,32343,31583,31625
train,PC-CA-0078,Sweeney v. Herrera,Prison Conditions,No,5,10075,9511,9548
train,SD-IL-0001,People Who Care v. Rockford Board of Education,School Desegregation,Yes,51,561509,560281,559459
train,PC-PA-0002,Austin v. Pennsylvania Department of Corrections,Prison Conditions,Yes,15,124129,124129,123963
train,JC-PA-0034,Williams v. City of Philadelphia,Jail Conditions,Yes,16,56616,55356,55354
train,PC-VA-0018,Prieto v. Clarke,Prison Conditions,No,14,30724,30004,29987
train,EE-KY-0037,EEOC v. Walmart,Equal Employment,Yes,4,12727,12727,12718
train,EE-NC-0005,"EEOC v. Great Steaks, Inc. d/b/a ""Austin's Restaurant""",Equal Employment,No,4,9238,9108,9114
train,JC-AZ-0015,Lucero-Gonzalez v. Kline,Jail Conditions,Yes,14,184331,177157,177163
train,EE-FL-0096,"EEOC v. QUADOMAIN RECREATION ASSOCIATION, INC.",Equal Employment,No,3,4354,4254,4249
train,EE-WV-0002,EEOC v. CHARLESTON AREA MEDICAL CENTER,Equal Employment,No,4,5123,5123,5125
train,EE-MI-0124,EEOC v. DaimlerChrysler Corporation,Equal Employment,No,3,4458,4320,4326
train,CJ-NY-0016,Jones v. Stanford,Criminal Justice (Other),No,4,23642,23006,23010
train,EE-MA-0024,Jones v. City of Boston,Equal Employment,No,7,77592,76982,77012
train,NS-DC-0143,Page v. U.S. Department of Justice,National Security,No,7,15282,14630,14607
train,EE-TN-0125,"EEOC v. U-HAUL INTERNATIONAL, INC. DBA U-HAUL CO. OF TENNESSEE",Equal Employment,No,4,3309,3179,3187
train,EE-TX-0272,EEOC v. PHOENIX SERVICE,Equal Employment,No,3,4506,4464,4467
train,EE-MD-0105,EEOC v. SAFEGUARD MAINTENANCE CORP.,Equal Employment,No,5,7025,6893,6912
train,IM-CT-0011,Giammarco v. Beers,Immigration and/or the Border ,No,4,18705,18525,18526
train,JI-CT-0001,Emily J. v. Weicker,Juvenile Institution,Yes,6,38041,37571,37603
train,EE-KS-0003,EEOC v. BURLINGTON NORTHERN SANTA FE RAILWAY COMPANY,Equal Employment,No,7,10526,10446,10463
train,PB-SC-0003,Bradacs v. Haley,Public Benefits / Government Services,No,4,23405,23173,23205
train,IM-WA-0034,Northwest Immigrant Rights Project (NWIRP) v. Sessions,Immigration and/or the Border ,No,23,180659,173591,173464
train,EE-MI-0151,EEOC v. Select Specialty,Equal Employment,No,3,2327,2327,2328
train,PB-TX-0015,Texas v. United States of America,Public Benefits / Government Services,No,5,76088,74558,74588
train,PD-PA-0002,Flora v. Luzerne County,Indigent Defense,Yes,15,105692,105292,105316
train,EE-TX-0246,"EEOC v. NBC Management, Inc. (II)",Equal Employment,No,3,5252,5073,5069
train,PB-WI-0004,Does v. Trump,Public Benefits / Government Services,Yes,4,15138,14790,14776
train,PN-AZ-0004,United States v. Town of Colorado City,Policing,No,26,150150,146522,146467
train,JC-CA-0040,Way v. Ventura County,Jail Conditions,No,7,22464,22135,22137
train,EE-WA-0038,"EEOC v. Jerry Chambers Chevrolet, Inc.",Equal Employment,No,5,9064,9064,9100
train,FA-WV-0001,Holland v. Sebelius,Speech and Religious Freedom,No,8,22246,21566,21577
train,PN-OR-0002,Don't Shoot Portland v. City of Portland,Policing,Yes,14,102414,99744,99726
train,PC-CA-0037,Freitag v. Ayers,Prison Conditions,No,13,64817,64785,64782
train,PC-FL-0022,Garcia v. Tucker,Prison Conditions,Yes,11,39183,37953,38004
train,EE-FL-0156,Beckford v. Florida Department of Corrections,Equal Employment,Yes,11,49420,48534,48532
train,EE-IL-0138,EEOC v. K-MART CORPORATION,Equal Employment,No,3,4082,4082,4076
train,FA-AZ-0002,Reed v. Town of Gilbert,Speech and Religious Freedom,No,7,55985,55165,55171
train,EE-MA-0009,"EEOC v. KEANE, INC.",Equal Employment,No,6,8990,8834,8840
train,JC-DC-0001,Campbell v. McGruder,Jail Conditions,Yes,52,229384,229032,228918
train,EE-MI-0132,EEOC v. Premier Logistics,Equal Employment,No,3,2591,2591,2592
train,EE-TX-0229,"EEOC v. MINORITY OPPORTUNITY NEWS, INC.",Equal Employment,No,3,1344,1344,1350
train,PC-CA-0045,Warsoldier v. Woodford,Prison Conditions,No,4,14486,14286,14283
train,PC-LA-0017,Hamilton v. Vannoy,Prison Conditions,Yes,2,15213,14985,14986
train,JC-TN-0011,Prison Legal News v. Sullivan County,Jail Conditions,No,6,16627,15953,15952
train,PH-NY-0005,United States v. New York City Housing Authority,Public Housing,No,6,72893,70713,70726
train,EE-MI-0198,United States v. University of Michigan,Equal Employment,No,3,6463,6463,6466
train,EE-MI-0013,EEOC v. Ammex Detroit,Equal Employment,No,3,2775,2775,2782
train,VR-FL-0169,United States v. State of Florida,Election/Voting Rights,No,6,10129,9851,9851
train,FH-PA-0005,Consumer Financial Protection Bureau and United States v. National City Bank,Fair Housing/Lending/Insurance,No,3,9624,9200,9213
train,IM-LA-0017,Vo v. Gee,Immigration and/or the Border ,No,6,26742,25882,25886
train,EE-IL-0030,"EEOC v. Bridgestone/Firestone North American Tire, LLC",Equal Employment,Yes,5,9363,9055,9064
train,JC-GA-0026,Powell v. Barrett,Jail Conditions,Yes,15,145561,143671,143690
train,DR-CO-0015,Shepherd v. U.S. Olympic Committee,Disability Rights-Pub. Accom.,No,16,72594,72484,72537
train,JC-CA-0117,Estate of Claypole v. County of San Mateo,Jail Conditions,No,6,140687,140687,140648
train,VR-TN-0070,A. Phillip Randolph Institute v. Hargett,Election/Voting Rights,No,9,719670,701737,701687
train,PN-CA-0025,Vasquez v. Rackaukas,Policing,Yes,8,93145,91591,91632
train,PC-GA-0018,Miller v. King,Prison Conditions,No,12,88720,87448,87453
train,EE-NY-0287,Goodman v. City of New York,Equal Employment,Yes,7,50203,48901,48915
train,FH-LA-0002,United States v. Bouchon,Fair Housing/Lending/Insurance,No,4,7595,7265,7261
train,FA-TX-0007,Roman Catholic Diocese of Beaumont v. Sebelius,Speech and Religious Freedom,No,11,108955,106165,106274
train,PB-CA-0015,Darensberg v. Metropolitan Transportation Commission,Public Benefits / Government Services,Yes,12,172933,172613,172498
train,EE-IL-0307,Porter v. Intl Profit Assc Inc,Equal Employment,No,3,5698,5553,5555
train,PN-NY-0047,Felix v. City of New York,Policing,No,6,34237,32847,32874
train,CJ-MI-0002,Houle v. Sampson,Criminal Justice (Other),No,4,15666,15666,15687
train,IM-NY-0056,Brennan Center for Justice v. U.S. Department of State,Immigration and/or the Border ,No,9,23489,22599,22581
train,EE-NY-0289,"Zarda v. Altitude Express, Inc.",Equal Employment,No,42,550520,538209,537795
train,EE-NC-0132,United States v. Mecklenburg County,Equal Employment,No,5,7708,7672,7667
train,EE-WA-0039,EEOC v. Kaiser Aluminum Chem,Equal Employment,No,4,8442,8442,8457
train,EE-NC-0051,EEOC v. HOLT'S FAMILY RESTAURANT,Equal Employment,No,3,3220,3220,3220
train,JC-PA-0029,Collins v. Reish,Jail Conditions,Yes,11,61825,59607,59596
train,EE-LA-0063,EEOC v. Wells Fargo Financial Louisiana,Equal Employment,No,5,6392,6232,6232
train,EE-OK-0018,"EEOC V. WESTPHALEN INSURANCE SERVICES, INC.",Equal Employment,No,14,13975,13525,13527
train,EE-NY-0260,Gulino v. New York City Board of Education,Equal Employment,Yes,30,1341831,1341415,1341434
train,PC-AZ-0004,Casey v. Lewis,Prison Conditions,Yes,15,185710,185298,185301
train,EE-AR-0007,"EEOC v. AUTOZONE, INC.",Equal Employment,No,4,5019,5019,5037
train,EE-MD-0089,EEOC v. PAUL HALL CENTER FOR MARITIME TRAINING AND EDUCATION,Equal Employment,No,7,16382,16306,16339
train,EE-NC-0078,EEOC v. NEW HANOVER REGIONAL MEDICAL CENTER,Equal Employment,No,4,3755,3605,3610
train,IM-VA-0006,Doe v. Shenandoah Valley Juvenile Center Commission,Immigration and/or the Border ,Yes,8,92628,89858,89831
train,PN-IL-0012,Mann v. Ramaglia,Policing,No,4,19403,19231,19242
train,EE-OH-0011,"EEOC v. BETZ JOB SERVICE, INC. AND QUAKER MFG. CORP.",Equal Employment,No,3,3936,3936,3937
train,VR-CT-0018,Gottlieb v. Lamont,Election/Voting Rights,Yes,8,96880,93860,93884
train,NS-CA-0002,Jewel v. National Security Agency,National Security,Yes,32,340408,339860,339782
train,PC-NC-0012,Corbett v. Branker,Prison Conditions,No,5,37228,36920,36922
train,IM-RI-0002,Estrada v. Rhode Island,Immigration and/or the Border ,No,5,18709,18465,18473
train,EE-CA-0264,EEOC v. WALKER WOOD PRODUCTS,Equal Employment,No,3,8517,8517,8521
train,IM-DC-0031,P.K. v. Tillerson,Immigration and/or the Border ,Yes,18,69384,67794,67762
train,IM-DC-0060,S.M.S.R. v. Trump,Immigration and/or the Border ,Yes,3,41035,39785,39824
train,FA-WA-0005,State of Washington v. Trump,Speech and Religious Freedom,No,3,193155,186933,187004
train,PC-MO-0015,Postawko v. Missouri Department of Corrections,Prison Conditions,Yes,10,80308,78798,78818
train,EE-NY-0285,Raymond v. The City of New York,Equal Employment,Yes,7,86602,84213,84336
train,EE-IL-0054,EEOC v. Compass International,Equal Employment,No,3,5476,5476,5476
train,PC-CA-0046,Weber v. Lockyer,Prison Conditions,Yes,5,46406,45616,45641
train,EE-AZ-0063,EEOC v. JPI Partners LLC,Equal Employment,No,6,10870,10870,10885
train,EE-IL-0243,EEOC v. URBAN RETAIL PROPERTIES CO,Equal Employment,No,5,5564,5564,5572
train,ID-CO-0001,United States v. Colorado,Intellectual Disability (Facility),No,5,6751,6735,6749
train,JI-AZ-0002,Johnson v. Upchurch,Juvenile Institution,Yes,4,33481,33285,33303
train,EE-TX-0008,EEOC v. I-SECTOR CORPORATION,Equal Employment,No,4,10218,10048,10044
train,EE-NY-0072,EEOC v. HIGHLAND HOSPITAL/STRONG HEALTH INC,Equal Employment,No,4,5615,5419,5423
train,JI-MD-0003,U.S. v. Maryland,Juvenile Institution,No,12,55223,54829,54853
train,JC-CA-0109,McKibben v. McMahon,Jail Conditions,Yes,11,89989,87615,87713
train,PC-KS-0004,Waterman v. McGuire,Prison Conditions,No,4,6755,6735,6739
train,IM-CT-0004,Danbury Area Coalition for the Rights of Immigrants v. U.S. Dept. of Homeland Security,Immigration and/or the Border ,No,6,15911,15701,15700
train,IM-AL-0006,Hispanic Interest Coalition of Alabama v. Governor of Alabama,Immigration and/or the Border ,Yes,41,278146,271290,271493
train,EE-CA-0334,"Jaffe v. Morgan Stanley DW, Inc.",Equal Employment,Yes,35,293792,289202,288832
train,IM-CA-0173,Pangea Legal Services v. U.S. Department of Homeland Security,Immigration and/or the Border ,No,3,57063,55813,55838
train,EE-PA-0150,EEOC v. SHAHIL INC (d/b/a DUNKIN DONUTS/BASKIN ROBBINS),Equal Employment,No,6,18521,18301,18311
train,EE-MI-0091,"EEOC v. Johnson Controls, Inc.",Equal Employment,No,3,4221,4221,4223
train,IM-TX-0047,City of San Antonio v. Texas,Immigration and/or the Border ,No,2,12143,11783,11786
train,JC-MS-0009,U.S. v. Forest City,Jail Conditions,No,7,7625,7613,7628
train,EE-MN-0091,Equal Employment Opportunity Commission v. Deluxe Financial Services,Equal Employment,No,4,19351,18541,18544
train,EE-PA-0245,United States v. Pennsylvania,Equal Employment,No,4,24262,23842,23850
train,PC-MI-0029,"Broder v. Correctional Medical Services, Inc.",Prison Conditions,No,26,181742,177971,177862
train,PB-TX-0004,De Leon v. Perry,Public Benefits / Government Services,No,7,54272,52692,52586
train,PC-MI-0037,Dorn v. Michigan Department of Corrections,Prison Conditions,No,7,24835,24333,24333
train,FA-OK-0002,Reaching Souls International Inc. v. Sebelius,Speech and Religious Freedom,Yes,11,134325,129765,129498
train,PC-OR-0014,Fox v. Peters,Prison Conditions,No,3,4449,4361,4362
train,PN-MN-0006,Williams v. Minneapolis,Policing,Yes,2,2708,2608,2615
train,IM-TX-0055,La O Munoz v. Wolf,Immigration and/or the Border ,No,6,26150,25658,25662
train,PC-WA-0031,Disability Rights Washington v. Inslee,Prison Conditions,No,5,7329,7179,7178
train,PC-FL-0029,Prison Legal News v. Florida Department of Corrections,Prison Conditions,No,6,54196,52674,52671
train,IM-CA-0142,Novoa v. GEO Group,Immigration and/or the Border ,Yes,21,282603,274641,274506
train,EE-NV-0006,EEOC v. CAVALIER INC,Equal Employment,No,3,4483,4353,4352
train,FH-NY-0013,"United States v. Pearl River Gardens, LLC",Fair Housing/Lending/Insurance,No,3,5817,5657,5667
train,DR-CO-0002,Colorado Cross-Disability Coalition v. Taco Bell Corp.,Disability Rights-Pub. Accom.,Yes,5,22759,22759,22771
train,EE-NV-0008,EEOC v. CONSOLIDATED REALTY INC,Equal Employment,No,7,11448,11138,11137
train,EE-CA-0095,EEOC v. GRIMMWAY FARMS,Equal Employment,No,4,8448,8446,8484
train,PR-DC-0004,Blumenthal v. Trump,Presidential/Gubernatorial Authority,No,11,97978,94998,94909
train,EE-NC-0037,EEOC v. FIRESTONE FIBERS AND TEXTILES COMPANY,Equal Employment,No,5,7832,7832,7839
train,PN-NY-0039,Padilla v. City of New York,Policing,No,7,54678,52957,52952
train,EE-IN-0039,EEOC v. EAGLE CONTRACTING INC,Equal Employment,No,3,3361,3361,3357
train,FH-CA-0008,Robidoux v. Rosengren,Fair Housing/Lending/Insurance,No,12,24951,24501,24518
train,FA-LA-0002,Louisiana College v. Sebelius,Speech and Religious Freedom,No,11,45635,44845,44849
train,SD-NC-0009,Lyons-Felton v. Edenton-Chowan Board of Education,School Desegregation,No,4,12759,12459,12468
train,PC-DC-0022,Sample v. Lappin,Prison Conditions,No,9,49190,46418,46413
train,EE-MD-0094,"EEOC v. PROLEASE HR, INC.",Equal Employment,No,4,4911,4911,4903
train,EE-FL-0045,EEOC v. VALLEY MANOR SOUTH INC (d/b/a HALPERN'S ETHAN ALLEN),Equal Employment,No,3,4998,4908,4911
train,PC-WA-0027,Roberts v. Sinclair,Prison Conditions,No,5,34510,33990,33949
train,PB-TX-0005,Nuckols v. Perry,Public Benefits / Government Services,No,3,961,937,935
train,IM-WA-0033,City of Seattle v. Trump,Immigration and/or the Border ,No,6,53402,51932,51918
train,EE-KY-0025,"EEOC v. Tri-Valley Plastics, Inc.",Equal Employment,No,3,3092,3092,3097
train,FA-TX-0003,Roman Catholic Diocese of Dallas v. Sebelius,Speech and Religious Freedom,No,3,26317,25807,25808
train,EE-IL-0088,"EEOC v. FORESIGHT INTERNATIONAL, INC.",Equal Employment,No,3,4959,4959,4963
train,PC-HI-0003,Santos v. Kimoto,Prison Conditions,No,7,34501,33961,33963
train,EE-CA-0293,Caldwell v. FEDEX Corporation,Equal Employment,Yes,8,89494,85500,85457
train,PN-CA-0042,Black Lives Matter - Los Angeles v. City of Los Angeles,Policing,Yes,12,99517,96765,96755
train,EE-TX-0019,"EEOC v. ASI MILLWORK, INC.",Equal Employment,No,5,9236,9091,9105
train,EE-NM-0057,"United States of America v. City of Gallup, New Mexico",Equal Employment,No,3,8273,8273,8271
train,IM-CA-0084,Azad v. Trump,Immigration and/or the Border ,No,3,11705,11473,11475
train,IM-CA-0026,Kiniti v. Myers,Immigration and/or the Border ,Yes,11,45016,44246,44249
train,PC-NY-0056,Pugh v. Goord,Prison Conditions,Yes,8,51861,51399,51402
train,EE-AZ-0107,EEOC v. TARGET STORES INC (d/b/a TARGET FINANCIAL SERVICES),Equal Employment,No,4,4008,3958,3976
train,PB-NY-0005,Williston v. Eggleston,Public Benefits / Government Services,Yes,11,35976,35685,35685
train,PC-NE-0014,Wilson v. Geerdes,Prison Conditions,No,8,20726,20555,20553
train,EE-MN-0052,EEOC v. PARK NICOLLET HEALTH SERVICES f/k/a Health System Minnesota,Equal Employment,No,6,5520,5326,5329
train,FA-OH-0002,University of Cincinnati Chapter of Young Americans for Liberty v. Williams,Speech and Religious Freedom,No,11,98850,98850,98878
train,FH-NY-0021,United States v. Fidelity Federal Bank,Fair Housing/Lending/Insurance,No,4,5561,5329,5335
train,PC-MI-0040,Salem v. Michigan Department of Corrections,Prison Conditions,Yes,7,50344,49744,49731
train,PC-AL-0031,Knight v. Thompson,Prison Conditions,Yes,25,129947,128597,128584
train,IM-OR-0007,Innovation Law Lab v. Nielsen,Immigration and/or the Border ,No,4,23019,22325,22324
train,EE-NC-0062,EEOC v. LIBERTY COMMONS NURSING CENTER,Equal Employment,No,4,5612,5612,5612
train,PN-DC-0006,ACLU v. U.S. Department of Justice,Policing,No,8,29974,29513,29491
train,CJ-TX-0008,"Austin Lawyers Guild v. Securus Technologies, Inc.",Criminal Justice (Other),Yes,8,29989,29229,29240
train,EE-MI-0128,EEOC v. PINNACLE AIRLINES INC,Equal Employment,No,3,2902,2902,2903
train,EE-SD-0009,EEOC v. Sara Lee Corporation,Equal Employment,No,6,12049,11899,11913
train,EE-TX-0022,"EEOC v. AUSTIN COMMERCIAL, INC.",Equal Employment,No,4,2139,2139,2146
train,EE-NY-0216,Cronas v. Willis Group Holdings Ltd.,Equal Employment,Yes,9,55378,54118,54116
train,EE-MA-0025,Smith v. City of Boston,Equal Employment,Yes,10,95930,92520,92521
train,IM-WA-0030,Doe v. Trump,Immigration and/or the Border ,Yes,45,467190,454821,454424
train,NS-DC-0147,"Judicial Watch, Inc. v. U.S. Department of Justice",National Security,No,4,4583,4463,4463
train,PC-PA-0033,Gartrell v. Federal Bureau of Prisons,Prison Conditions,No,4,19358,19078,19080
train,NS-IL-0004,American Civil Liberties Union of Illinois v. U.S. Department of Homeland Security,National Security,No,20,94337,93615,93671
train,EE-AZ-0007,EEOC v. Arrowhead Bagel Company,Equal Employment,No,4,4141,4117,4118
train,PC-OH-0036,Smith v. Dewine,Prison Conditions,Yes,4,25781,25781,25784
train,PC-WI-0020,Gulley-Fernandez v. Johnson,Prison Conditions,Yes,5,14376,13992,13990
train,JC-GA-0002,United States v. Terrell County (GA),Jail Conditions,No,11,26076,25294,25281
train,PN-MO-0009,Street v. O'Toole,Policing,Yes,4,68172,68172,68137
train,EE-PA-0127,EEOC v. PEDIATRIC ALLIANCE,Equal Employment,No,3,5368,5218,5220
train,EE-MD-0044,EEOC v. GLOBAL PEST MANAGEMENT INC,Equal Employment,No,3,2240,2154,2156
train,PR-DC-0016,Trump v. Committee on Oversight and Reform of the U.S. House of Representatives,Presidential/Gubernatorial Authority,No,7,86264,85158,85113
train,EE-PA-0232,EEOC v. Champion Window Manufacturing & Supply,Equal Employment,No,5,15750,15450,15464
train,VR-DC-1166,Florida Department of State v. U.S. Department of Homeland Security,Election/Voting Rights,No,2,12960,12960,12964
train,PN-NY-0030,Garcia v. Bloomberg,Policing,Yes,8,58481,57421,57414
train,FA-AZ-0001,Arizona Attorneys for Criminal Justice v. Ducey,Speech and Religious Freedom,No,7,43720,42760,42766
train,EE-WI-0017,EEOC v. Humane Animal Welfare Society,Equal Employment,No,3,3128,3008,3005
train,CJ-IL-0008,Willard v. Snyder,Criminal Justice (Other),Yes,4,7374,7270,7280
train,CJ-AL-0019,Cook v. Taylor,Criminal Justice (Other),Yes,3,12405,12005,12004
train,EE-NY-0096,EEOC v. MAGGIE'S PARATRANSIT CORP. AND KENN,Equal Employment,No,5,11931,11631,11636
train,NS-OR-0001,Latif v. U.S. Department of Justice,National Security,No,19,159177,156659,156639
train,IM-OK-0001,"National Coalition of Latino Clergy, Inc. v. Henry",Immigration and/or the Border ,No,10,66759,66549,66664
train,PB-CA-0004,Sipprelle v. City of Laguna Beach,Public Benefits / Government Services,No,6,14745,14697,14710
train,EE-MI-0047,"EEOC v. Magna Donnelly Corporation, Inc.",Equal Employment,No,4,4139,4138,4139
train,IM-CA-0014,Escutia v. Ashcroft,Immigration and/or the Border ,Yes,5,14484,14464,14479
train,EE-TX-0252,EEOC v. FIRST AID PRODUCTS,Equal Employment,No,4,5337,5317,5318
train,PB-IN-0006,"Fujii v. Governor, State of Indiana",Public Benefits / Government Services,No,5,47301,46141,46170
train,DR-NY-0015,T.H. v. Walcott,Disability Rights-Pub. Accom.,No,6,57119,55463,55547
train,IM-MI-0007,Albino-Martinez v. Adducci,Immigration and/or the Border ,No,5,60672,59202,59163
train,CJ-CT-0001,NAACP v. Merrill,Criminal Justice (Other),No,5,21555,20915,20906
train,EE-IL-0077,EEOC v. EXELON CORP,Equal Employment,No,3,4497,4497,4500
train,FA-IL-0002,Conlon v. Sebelius,Speech and Religious Freedom,No,3,25023,24723,24727
train,IM-DC-0067,Las Americas Immigrant Advocacy Center v. Wolf,Immigration and/or the Border ,No,5,31807,30907,30901
train,PC-IL-0033,Ross v. Gossett,Prison Conditions,Yes,6,92020,91144,91148
train,PB-CT-0003,State of Connecticut Office of Protection and Advocacy for Persons With Disabilities v. Connecticut,Public Benefits / Government Services,Yes,8,57760,56410,56425
train,PC-MT-0002,Many Horses v. Racicot,Prison Conditions,Yes,5,13018,12934,12948
train,PC-MA-0054,Grinis v. Spaulding,Prison Conditions,Yes,24,104953,101519,101460
train,NS-CA-0029,United States v. Gartenlaub,National Security,No,10,109499,108415,108330
train,EE-LA-0096,"United States of America v. City of Bastrop, Louisiana",Equal Employment,No,6,15602,15396,15395
train,PN-OR-0007,Wise v. Portland,Policing,No,4,40517,39757,39750
train,EE-MO-0096,EEOC v. WAL-MART STORES INC,Equal Employment,No,10,26697,26609,26613
train,EE-TX-0256,EEOC v. ORR AUTOMOTIVE GROUP,Equal Employment,No,4,5958,5942,5942
train,EE-DC-0040,Breen v. Mineta,Equal Employment,Yes,25,251765,246015,245874
train,EE-IL-0283,Wiginton v. CB Richard Ellis,Equal Employment,Yes,8,58603,58031,58074
train,PB-MI-0014,Waid v. Snyder (In re Flint Water Cases),Public Benefits / Government Services,Yes,52,724806,718817,718955
train,EE-TX-0296,EEOC v. Razzoo's,Equal Employment,Yes,5,10410,10145,10147
train,NS-CA-0003,First Unitarian Church of Los Angeles v. National Security Agency,National Security,No,13,119827,119777,119692
train,EE-CO-0041,EEOC v. Outback Steakhouse of Florida,Equal Employment,Yes,10,49658,49658,49671
train,CW-MI-0001,Dwayne B. v. Snyder,Child Welfare,Yes,12,232378,232088,232036
train,EE-TX-0336,EEOC v. STOCKS INC dba CAFE ITALIA,Equal Employment,No,6,7257,7213,7206
train,PD-UT-0001,Remick v. Utah,Indigent Defense,Yes,4,53262,51564,51616
train,IM-CA-0055,Zhang v. Gonzales,Immigration and/or the Border ,Yes,5,16766,16544,16551
train,JI-LA-0001,United States v. Louisiana,Juvenile Institution,No,26,110399,109044,109022
train,PC-IL-0028,Holmes v. Godinez,Prison Conditions,Yes,8,116588,115932,115891
train,CJ-AL-0014,Foster v. City of Alexander City,Criminal Justice (Other),Yes,6,24895,24215,24217
train,PC-IL-0043,Andrews v. Rauner,Prison Conditions,No,3,11374,11166,11168
train,EE-CA-0302,Ellis v. Costco,Equal Employment,Yes,15,184808,184178,184092
train,EE-TX-0175,EEOC v. INTERSTATE BRANDS CORPORATION,Equal Employment,No,3,3367,3367,3374
train,NS-DC-0125,Electronic Privacy Information Center v. U.S. Department of Homeland Security,National Security,No,5,6085,5905,5908
train,EE-NC-0121,"EEOC v. WAL-MART STORES, INC.",Equal Employment,No,5,4525,4369,4384
train,PB-CT-0012,Kennedy v. Fanning,Public Benefits / Government Services,Yes,7,55660,53970,53939
train,PB-LA-0001,Pitts v. Greenstein,Public Benefits / Government Services,Yes,26,201787,197475,197555
train,FA-PA-0005,Geneva College v. Sebelius,Speech and Religious Freedom,No,20,96705,95795,95790
train,CW-NY-0011,S. v. City of New York,Child Welfare,Yes,3,14455,14085,14091
train,IM-IL-0008,Kazarov v. Achim,Immigration and/or the Border ,Yes,8,114384,114384,114638
train,JC-CA-0105,Gray v. County of Riverside,Jail Conditions,Yes,17,329461,320033,319918
train,FH-NY-0017,United States v. Delta Funding Corp.,Fair Housing/Lending/Insurance,No,4,9538,9538,9543
train,FA-MI-0005,Autocam Corp. v. Sebelius,Speech and Religious Freedom,No,23,93436,91886,91953
train,IM-DC-0025,Zadeh v. Trump,Immigration and/or the Border ,No,7,21242,20512,20513
train,FH-GA-0008,"United States v. Housing Authority of the City of Eastman, Georgia",Fair Housing/Lending/Insurance,No,3,8076,7812,7806
train,FH-AL-0001,Cooley v. Sterling Bank,Fair Housing/Lending/Insurance,No,8,16141,15861,15864
train,CJ-TX-0011,West v. City of Hitchcock,Criminal Justice (Other),Yes,6,50375,49403,49392
train,EE-PA-0030,EEOC v. BVI PRECISION MATERIALS COMPANY,Equal Employment,No,3,5159,5159,5162
train,VR-DC-1169,Shelby County v. Holder,Election/Voting Rights,No,12,179772,179552,179705
train,IM-DC-0024,RAICES v. U.S. Immigration and Customs Enforcement,Immigration and/or the Border ,No,3,5164,4994,4998
train,JI-AZ-0003,U.S. v. Arizona,Juvenile Institution,No,5,22857,22842,22844
train,EE-MN-0088,EEOC v. Faribault Foods Inc.,Equal Employment,Yes,4,13944,13944,13940
train,EE-TX-0319,"EEOC v. Satchel's BBQ & Steaks, Inc.",Equal Employment,No,3,2740,2740,2748
train,DR-CA-0036,Saldana-Neily v. Santa Cruz Sch. Dist.,Disability Rights-Pub. Accom.,No,5,10514,10514,10558
train,IM-CA-0158,Ortuño v. Jennings,Immigration and/or the Border ,No,7,34415,34185,34133
train,IM-TX-0052,El Paso County v. Trump,Immigration and/or the Border ,No,8,90173,87333,87477
train,JC-MS-0008,U.S. v. Corinth City,Jail Conditions,No,7,10654,10642,10659
train,EE-PA-0062,EEOC v. EASTERN ENGINEERED WOOD PRODUCTS INC.,Equal Employment,No,5,10261,9995,10000
train,PN-CA-0003,Thomas v. County of Los Angeles,Policing,Yes,7,70122,69830,69836
train,IM-CA-0148,"Owino v. CoreCivic, Inc.",Immigration and/or the Border ,Yes,12,97628,95288,95340
train,EE-CA-0006,EEOC v. ABERCROMBIE & FITCH STORES INC,Equal Employment,Yes,13,117347,113943,114074
train,EE-DC-0081,Bird v. Barr,Equal Employment,Yes,8,78950,76540,76525
train,DR-CO-0023,Civil Rights Education and Enforcement Center v. Sage Hospitality Resources LLC,Disability Rights-Pub. Accom.,Yes,8,37826,36936,36938
train,IM-CA-0067,Franco-Gonzalez v. Holder,Immigration and/or the Border ,Yes,21,175572,173698,173660
train,IM-LA-0018,Dada v. Witte,Immigration and/or the Border ,No,10,105280,102117,101969
train,PB-IL-0012,Gray v. Orr,Public Benefits / Government Services,No,3,10209,10137,10137
train,EE-CT-0018,Ricci v. DeStefano,Equal Employment,No,15,61788,60428,60452
train,EE-FL-0099,"EEOC v. Renters Choice, Inc.",Equal Employment,No,5,19138,19078,19092
train,EE-IL-0078,"EEOC v. FAIRCHILD PRINTING SERVICE, INC.",Equal Employment,No,3,4903,4903,4912
train,FH-CO-0001,Housing For All v. Monroe Group,Fair Housing/Lending/Insurance,No,4,16340,16340,16347
train,EE-GA-0107,"Davis v. Valley Hospitality Services, LLC",Equal Employment,Yes,15,29130,28100,28103
train,PC-NY-0009,Amador v. Department of Correctional Services,Prison Conditions,Yes,11,92335,91593,91581
train,FH-CO-0002,Gonzales v. Katchen and Company,Fair Housing/Lending/Insurance,Yes,3,7015,6805,6805
train,EE-WA-0108,EEOC v. WASHINGTON ENERGY SERVICES COMPANY,Equal Employment,No,3,9535,9193,9215
train,PA-NC-0003,McCrory v. United States,Public Accomm./Contracting,No,5,7337,7234,7232
train,EE-LA-0001,EEOC v. ADVANCE AUTO PARTS,Equal Employment,No,6,9910,9910,9918
train,JC-DC-0015,Banks v. Booth,Jail Conditions,Yes,37,731176,702177,702058
train,FH-NY-0012,"U.S. ex rel. Anti-Discrimination Center of Metro New York, Inc. v. Westchester Co.",Fair Housing/Lending/Insurance,No,15,194239,190849,190984
train,NS-PA-0003,Schuchardt v. Obama,National Security,Yes,10,43336,41486,41450
train,PB-AL-0012,Hathcote v. Green,Public Benefits / Government Services,No,3,3084,2994,2993
train,EE-AR-0002,"EEOC v. AFFILIATED FOODS SOUTHWEST, INC. (d/b/a THRIFTWAY FOODS, INC.)",Equal Employment,No,4,4491,4491,4519
train,EE-IL-0059,"EEOC v. Kirch-Lo, Inc. d/b/a ""Crabby Kims""",Equal Employment,No,3,4932,4932,4934
train,FA-WA-0004,Microsoft v. U.S. Department of Justice,Speech and Religious Freedom,No,7,62772,61532,61530
train,FH-MI-0002,United States v. Old Kent Financial Corporation,Fair Housing/Lending/Insurance,No,3,15493,15493,15492
train,EE-MO-0100,"McCullough v. City of Independence, Missouri",Equal Employment,No,3,2258,2198,2198
train,PB-CA-0029,Perry v. Schwarzenegger,Public Benefits / Government Services,No,22,384378,384378,384274
train,PN-NY-0031,Berg v. Kelly,Policing,Yes,7,41583,40993,41009
train,PR-PA-0002,County of Butler v. Wolf,Presidential/Gubernatorial Authority,No,8,14449,13219,13220
train,JI-AL-0005,Alabama Disabilities Advocacy Program v. Wood,Juvenile Institution,No,9,18117,17587,17622
train,EE-MD-0051,"EEOC v. HOME QUALITY MANAGEMENT, INC.",Equal Employment,No,3,3484,3472,3478
train,VR-OH-0080,"Service Employees International Union, Local #1 v. Husted",Election/Voting Rights,Yes,25,188341,188233,188551
train,EE-UT-0015,DEHART v. STEVENS-HENAGER COLLEGE,Equal Employment,No,9,17171,17171,17157
train,CW-TN-0002,John B. v. Goetz,Child Welfare,Yes,23,313803,313007,313076
train,EE-TX-0356,"EEOC v. Texas Ear, Nose & Throat Consultants",Equal Employment,No,5,7082,7082,7099
train,PB-IL-0010,Hampe v. Hamos,Public Benefits / Government Services,Yes,15,61668,61072,61083
train,EE-AR-0027,"EEOC v. JAYCO ACQUISITION AND HOLDING CO., INC dba COMPTO",Equal Employment,No,5,3725,3709,3718
train,PC-CO-0029,Abdulmutallab v. Sessions,Prison Conditions,No,10,86210,82860,82855
train,IM-CA-0064,Roy v. Los Angeles County,Immigration and/or the Border ,Yes,19,231480,227332,227371
train,IM-CA-0074,Tarek Hamdi v. United States Citizenship and Immigration Service,Immigration and/or the Border ,No,5,41850,40810,40813
train,EE-TX-0060,"EEOC v. HORSETRADERS, INC. D/B/A BULLFROGS",Equal Employment,No,7,8946,8646,8652
train,PB-VA-0005,Bostic v. McDonnell,Public Benefits / Government Services,No,8,60899,60549,60530
train,JC-TX-0019,Prison Legal News v. Lindsey,Jail Conditions,No,3,3644,3614,3616
train,PC-AL-0036,Duke v. Dunn,Prison Conditions,Yes,5,44605,43215,43214
train,EE-MD-0104,"EEOC v. RRR BOWIE, LLC d/b/a TOYOTA OF BOWIE",Equal Employment,No,7,13098,12934,12930
train,PC-CA-0052,Valdivia v. Davis,Prison Conditions,Yes,40,335107,328925,328911
train,DR-DC-0005,Robinson v. Farley,Disability Rights-Pub. Accom.,No,6,48803,47603,47598
train,PC-CA-0013,U.S. v. California,Prison Conditions,No,6,9607,9575,9593
train,PC-NJ-0001,D.M. v. Terhune,Prison Conditions,Yes,12,50176,50092,50104
train,EE-AZ-0116,"EEOC v. University of Phoenix, Inc.",Equal Employment,Yes,8,27199,26819,26826
train,PN-CA-0047,Slusher v. City of Napa,Policing,No,6,48659,47629,47727
train,CJ-SC-0001,Kenny v. Wilson,Criminal Justice (Other),Yes,7,45559,44999,45004
train,PB-MI-0013,Fowler v. Johnson,Public Benefits / Government Services,Yes,9,47130,47130,47115
train,VR-MI-0075,Esshaki v. Whitmer,Election/Voting Rights,No,28,95380,91721,91767
train,EE-NV-0018,"EEOC v. John Brennan, Serge Rigisish, d/b/a Little Waldorf Saloon",Equal Employment,No,4,11632,11188,11238
train,IM-CA-0050,Aziz v. Gonzales,Immigration and/or the Border ,Yes,4,10469,10395,10400
train,PB-MS-0004,Campaign for Southern Equality v. Bryant,Public Benefits / Government Services,No,11,53182,51960,51951
train,EE-LA-0067,EEOC v. PARAGON SYSTEMS INC,Equal Employment,No,3,3444,3444,3448
train,VR-AK-0012,Alaska Libertarian Party v. Fenumiai,Election/Voting Rights,No,7,14734,14046,14019
train,ED-CA-0003,Smith v. Berkeley Unified School District,Education,Yes,6,37955,37595,37614
train,EE-GA-0096,EEOC v. WREN CHEVROLET INC,Equal Employment,No,3,3833,3833,3838
train,IM-AZ-0029,Adlerstein v. U.S. Customs and Border Protection,Immigration and/or the Border ,No,2,14171,13781,13785
train,DR-CA-0051,Smiley v. California Department of Education,Disability Rights-Pub. Accom.,Yes,13,81517,81517,81527
train,EE-NM-0033,EEOC v. MCDONALDS,Equal Employment,No,5,6680,6672,6670
train,DR-CA-0052,Civil Rights Education and Enforcement Center v. RLJ Lodging Trust,Disability Rights-Pub. Accom.,Yes,4,16166,15916,15896
train,EE-FL-0154,"EEOC v. Saturn of St. Petersburg, Inc.",Equal Employment,No,3,4316,4316,4321
train,EE-NY-0237,"Jock v. Sterling Jewelers, Inc.",Equal Employment,Yes,19,72707,71817,71787
train,PC-CA-0068,Norsworthy v. Beard,Prison Conditions,No,10,65666,65642,65646
train,NS-DC-0099,Poitras v. Department of Homeland Security,National Security,No,5,29635,28835,28836
train,EE-AL-0116,Prewett v. Alabama Department of Veterans Affairs,Equal Employment,No,7,56882,55784,55777
train,EE-MI-0011,EEOC v. Acro Service Corporation,Equal Employment,No,3,2902,2902,2904
train,EE-TX-0396,"EEOC v. VALLEY MEDICAL ARTS CLINIC, P.A.",Equal Employment,No,4,4628,4628,4644
train,PC-AZ-0019,Prison Legal News v. Babeu,Prison Conditions,No,8,39203,38923,38926
train,EE-AR-0047,EEOC v. Tanami Trading Corporation (d/b/a Left Lane Express),Equal Employment,No,3,3978,3868,3880
train,IM-CA-0089,County of Santa Clara v. Trump,Immigration and/or the Border ,No,42,402455,391241,390616
train,EE-MI-0073,"EEOC v. GENERAL MOTORS, UAW",Equal Employment,No,3,2327,2315,2321
train,EE-AZ-0073,EEOC v. Lumpy (d/b/a Chilly Bombers Bar & Grill),Equal Employment,No,4,12103,12053,12060
train,PN-DC-0011,Brown v. District of Columbia,Policing,Yes,5,11513,11103,11094
train,IM-LA-0011,"Equal Employment Opportunity Commission v. Signal International, LLC",Immigration and/or the Border ,No,22,122470,121020,121026
train,IM-ME-0001,American Civil Liberties Union of Maine Foundation v. U.S. Department of Homeland Security,Immigration and/or the Border ,No,5,9252,8962,8960
train,EE-AR-0004,"EEOC v. Aramark Educational Services, Inc.",Equal Employment,Yes,3,3411,3411,3428
train,PC-NM-0008,Amaro v. New Mexico,Prison Conditions,No,10,34067,32067,32458
train,PB-CA-0032,Napper v. County of Sacramento,Public Benefits / Government Services,Yes,17,83076,81136,80951
train,CJ-NC-0006,Hayden v. Keller,Criminal Justice (Other),No,11,22549,22005,22060
train,EE-MN-0076,Carlson v. C.H. Robinson Worldwide Inc.,Equal Employment,Yes,6,96126,95966,95800
train,EE-PA-0059,EEOC v. EAGLE NATIONAL BANK,Equal Employment,No,2,3115,3115,3116
train,FH-PA-0004,United States v. Mortgage Guaranty Insurance Corp.,Fair Housing/Lending/Insurance,No,5,11916,11526,11532
train,EE-FL-0008,"EEOC v. ATLANTIS GOLF CLUB, INC.",Equal Employment,No,8,14786,14512,14533
train,PC-TN-0016,Cedillo v. Transcor America LLC,Prison Conditions,Yes,4,26363,26191,26197
train,MH-AL-0002,"Alabama Disabilities Advocacy Program v. SafetyNet Youth, Inc.",Mental Health (Facility),No,8,35041,33653,33677
train,ED-NY-0011,United States v. City of New York (Lafayette High School),Education,No,5,16900,16362,16333
train,EE-IL-0108,EEOC v. HAMILTON COMMUNICATIONS,Equal Employment,No,5,8740,8740,8745
train,JI-MS-0010,United States v. City of Meridian,Juvenile Institution,No,25,135138,132072,132024
train,VR-MI-0080,Powell v. Benson,Election/Voting Rights,No,9,74089,72737,72672
train,PB-MI-0002,Eager v. Engler,Public Benefits / Government Services,No,5,19527,19261,19305
train,IM-PA-0001,"Lozano v. City of Hazleton, Pennsylvania",Immigration and/or the Border ,No,34,319819,313958,313945
train,PB-WV-0003,Michael T. v. Bowling,Public Benefits / Government Services,Yes,7,79428,77578,77630
train,EE-OH-0110,EEOC v. Kaplan Higher Learning Educ. Corp.,Equal Employment,No,7,26268,26268,26279
train,EE-TX-0264,EEOC v. PASS & SEYMOUR INC.,Equal Employment,No,6,7736,7708,7718
train,EE-NY-0204,Murphy v. Super Steel Schenectady,Equal Employment,Yes,8,28562,28292,28287
train,PC-GA-0015,Nwakanma v. Clark,Prison Conditions,No,6,10476,10346,10345
train,EE-DC-0058,"Marable v. District Hospital Partners, L.P.",Equal Employment,Yes,10,37548,36678,36682
train,ED-UT-0002,Gordon v. Jordan School District,Education,Yes,4,55857,55857,55910
train,PN-IL-0021,Rodriguez v. City of Highland Park,Policing,No,4,9643,9583,9588
train,EE-MI-0194,Dallas v. Alcatel-Lucent USA Inc.,Equal Employment,Yes,7,43633,43633,43631
train,EE-SD-0004,EEOC v. JOHN MORRELL & CO.,Equal Employment,No,4,7808,7792,7795
train,IM-CA-0080,"ACLU of Northern California v. Burwell [later Hargan, Azar]",Immigration and/or the Border ,No,11,68859,67339,67215
train,PC-VA-0019,Minnis v. Johnson,Prison Conditions,Yes,14,76838,74850,74770
train,VR-MI-0072,Bellant v. Snyder,Election/Voting Rights,No,4,14478,14340,14362
train,EE-NJ-0029,"EEOC v. ERNST & YOUNG, LLP",Equal Employment,No,8,8660,8360,8366
train,CW-AZ-0003,A.D. v. Washburn,Child Welfare,Yes,6,70413,68741,68801
train,IM-TX-0025,Carreon-Moctezuma v. Cejka,Immigration and/or the Border ,Yes,4,5647,5539,5561
train,PC-SC-0002,Plyler v. Moore,Prison Conditions,Yes,27,121209,121141,121091
train,EE-OH-0023,"EEOC v. DHL EXPRESS (USA), INC.",Equal Employment,No,5,9008,9008,9009
train,EE-PA-0171,EEOC v. U.S. INVESTIGATIONS SERVICES INC,Equal Employment,No,4,15861,15661,15662
train,PB-DC-0002,Washington Legal Clinic for the Homeless v. Barry,Public Benefits / Government Services,Yes,7,41538,41538,41525
train,IM-WA-0023,J.E.F.M. v. Holder,Immigration and/or the Border ,Yes,17,136488,134198,134162
train,EE-IL-0285,Cooper v. IBM Personal Pension Plan,Equal Employment,Yes,9,43005,42933,42946
train,FH-WV-0001,United States v. Wheeling Housing Authority,Fair Housing/Lending/Insurance,No,5,8061,7771,7781
train,JC-WV-0008,Cantley v. The West Virginia Regional Jail and Correctional Facility Authority,Jail Conditions,Yes,10,69208,67688,67694
train,PC-MT-0007,Fish v. Acton,Prison Conditions,Yes,7,23320,22702,22762
train,EE-MI-0035,Serrano v. Cintas,Equal Employment,Yes,14,93987,93331,93343
train,ID-IA-0002,U.S. v. Iowa,Intellectual Disability (Facility),No,7,28516,28268,28265
train,DR-VA-0002,Zemedagegehu v. Arthur and related DOJ matter,Disability Rights-Pub. Accom.,No,5,34728,34268,34273
train,PC-SC-0007,Incumaa v. Stirling,Prison Conditions,No,10,32085,31845,31864
train,NS-VA-0008,Elhady v. Piehota,National Security,No,7,87803,85743,85748
train,VR-AR-0196,Miller v. Thurston,Election/Voting Rights,No,6,35459,34989,34985
train,EE-SC-0008,EEOC v. Critical Care Specialist,Equal Employment,No,3,6131,6131,6137
train,IM-IL-0018,Moreno v. Napolitano,Immigration and/or the Border ,Yes,10,44505,44301,44319
train,PB-NY-0037,NAACP v. DOJ,Public Benefits / Government Services,No,3,16011,15601,15606
train,JI-LA-0011,R.B. v. Livers,Juvenile Institution,Yes,8,34349,33631,33604
train,IM-SC-0002,United States v. South Carolina,Immigration and/or the Border ,No,6,42850,42442,42462
train,EE-OH-0020,EEOC v. Cognis Chemical Company,Equal Employment,No,5,5929,5929,5926
train,PC-WY-0002,U.S. v. Wyoming State Department of Corrections,Prison Conditions,No,4,14636,14524,14517
train,ID-NJ-0003,U.S. v. New Jersey,Intellectual Disability (Facility),No,4,22027,22027,22033
train,VR-KY-0009,Collins v. Adams,Election/Voting Rights,No,5,61433,59393,59378
train,PC-CA-0061,Basra v. Cate,Prison Conditions,No,7,22079,21375,21383
train,EE-MD-0056,EEOC v. IMPORTED CARS OF MARYLAND (d/b/a COLLEGE PARK HONDA),Equal Employment,No,3,3299,3299,3298
train,PC-FL-0032,Harvard v. Inch,Prison Conditions,Yes,10,187029,180449,180357
train,JC-NJ-0018,Suggs v. County of Cumberland,Jail Conditions,Yes,4,10665,10345,10351
train,PB-AR-0002,Porter v. Knickrehm,Public Benefits / Government Services,No,12,62511,61030,60986
train,DR-CO-0026,Kurlander v. Kroenke Sports & Entertainment,Disability Rights-Pub. Accom.,Yes,6,14379,13799,13802
train,PC-IN-0024,Stafford v. Carter,Prison Conditions,Yes,10,59824,58254,58247
train,EE-HI-0010,EEOC v. NCL AMERICA,Equal Employment,No,19,66945,66675,66724
train,EE-ID-0001,EEOC v. AMALGAMATED SUGAR CO.,Equal Employment,No,7,10335,10335,10333
train,PC-MD-0014,Brown v. Department of Public Safety and Correctional Services,Prison Conditions,No,32,103858,101488,101429
train,EE-NC-0079,"EEOC V. WELBORNE AUTOMOTIVE, INC. (FKA NISSAN OF HICKORY)",Equal Employment,No,6,15179,15179,15134
train,PN-NY-0042,Brown v. Kelly,Policing,Yes,12,103036,100301,100307
train,PC-WA-0023,Lopez v. Riveland,Prison Conditions,Yes,3,8117,8117,8121
train,EE-TX-0043,"EEOC v. BICC GENERAL CABLE INDUSTRIES, INC.",Equal Employment,No,6,7036,6782,6796
train,CJ-DE-0001,Jackson v. Taylor,Criminal Justice (Other),Yes,11,63450,62520,62487
train,PN-NY-0002,Sarnicola v. County of Westchester,Policing,No,11,35132,35124,35162
train,DR-FL-0002,American Association of People With Disabilities v. Harris,Disability Rights-Pub. Accom.,Yes,34,296942,290980,290978
train,JC-TN-0001,United States v. Shelby County,Jail Conditions,No,7,21682,21540,21535
train,EE-NY-0295,Times v. Target,Equal Employment,Yes,4,23224,22714,22687
train,PC-CA-0009,Lucas v. White,Prison Conditions,No,6,69451,69451,69469
train,EE-PA-0137,EEOC v. REDSTONE HIGHLANDS PERSONAL CARE HO,Equal Employment,No,4,8485,8215,8220
train,EE-CA-0349,Wellens v. Daiichi Sankyo,Equal Employment,Yes,6,49903,49903,49946
train,FH-MI-0010,United States v. Ally Financial Inc. and Ally Bank,Fair Housing/Lending/Insurance,No,3,10963,10963,10967
train,IM-WA-0009,Immigrant Assistance Project of the Los Angeles County Federation of Labor (AFL-CIO) v. INS,Immigration and/or the Border ,Yes,15,83620,83018,83065
train,EE-GA-0007,"EEOC v. Atlanta Rent-A-Car, Inc.",Equal Employment,No,4,3201,3189,3191
train,PC-IL-0029,Boyd v. Godinez,Prison Conditions,Yes,9,42650,41720,41711
train,EE-NJ-0040,"EEOC v. Halo Sheet Metal, Inc.",Equal Employment,No,3,8912,8504,8497
train,JC-OR-0009,Rollins v. Clatsop County,Jail Conditions,Yes,3,11802,11536,11536
train,EE-PA-0249,EEOC v. Scott Medical Health Center,Equal Employment,No,6,17400,16980,16988
train,JC-IL-0052,Hardeman v. Curran,Jail Conditions,Yes,5,19891,19747,19743
train,PN-MD-0010,Leaders of a Beautiful Struggle v. Baltimore Police Department,Policing,No,8,60921,59371,59305
train,CJ-PA-0007,Brown v. Transportation Security Administration,Criminal Justice (Other),Yes,3,16198,15678,15687
train,EE-CA-0035,EEOC v. RIVERA VINEYARDS INC (d/b/a BLAS RIVERA VINEYARDS),Equal Employment,No,4,13699,13409,13413
train,IM-CT-0006,Barrera v. Boughton,Immigration and/or the Border ,No,15,151955,148511,148611
train,EE-IN-0082,"EEOC v. Mashiana Paradise Plaza, Inc. d/b/a ""Paradise Plaza Truck Stop""",Equal Employment,No,3,4105,4105,4101
train,PN-NY-0017,Blair v. City of New York,Policing,No,3,6213,6013,6017
train,JC-PA-0038,Victory v. Berks County,Jail Conditions,Yes,23,98884,94094,94068
train,PC-AL-0032,Hicks v. Hetzel,Prison Conditions,Yes,12,21112,20972,20967
train,PC-MI-0033,Does v. Michigan Department of Corrections,Prison Conditions,Yes,10,60904,60748,60758
train,EE-AZ-0135,EEOC v. Creative Networks L.L.C.,Equal Employment,No,6,26116,25406,25412
train,EE-AR-0055,"EEOC v. YOUTH HOME, INC.",Equal Employment,No,3,4698,4678,4676
train,EE-MO-0109,"Bunch v. Rent-a-Center, Inc.",Equal Employment,Yes,15,51646,49952,49964
train,EE-CA-0009,"EEOC (Hadji) v. Albion River Inn, Inc.",Equal Employment,No,4,10106,9916,9939
train,EE-MD-0076,"EEOC v. MARYLAND CLASSIFIED EMPLOYEES ASSOCIATION, INC.",Equal Employment,No,3,5891,5891,5890
train,JC-UT-0006,Disability Law Center v. State of Utah,Jail Conditions,Yes,5,64786,62750,62615
train,IM-LA-0019,Dada v. Immigration and Customs Enforcement,Immigration and/or the Border ,No,6,48330,46790,46792
train,PH-TX-0003,"The Inclusive Communities Project, Inc. v. U.S. Department of Housing and Urban Development",Public Housing,No,10,61796,60223,60225
train,EE-NC-0139,"EEOC v. Britthaven, Inc.",Equal Employment,No,5,6598,6378,6377
train,JC-AL-0023,Mason v. Hale,Jail Conditions,Yes,7,40049,38538,38605
train,FA-NY-0001,ACORN v. United States,Speech and Religious Freedom,No,18,63977,62556,62533
train,NS-CA-0015,USA v. Moalin,National Security,No,6,83488,82824,82947
train,ID-CT-0006,McCoy v. Belmont,Intellectual Disability (Facility),No,11,63410,62310,62308
train,PN-NY-0033,Occupy Wall St. v. City of New York.,Policing,No,4,19365,18745,18757
train,JC-NY-0033,McBean v. City of New York,Jail Conditions,Yes,12,56125,56003,55983
train,EE-PA-0158,EEOC v. Target,Equal Employment,No,8,12690,12446,12450
train,PB-GA-0010,Gonzalez v. Moore,Public Benefits / Government Services,Yes,2,7408,7098,7104
train,CJ-TX-0012,Gonzales v. City of Austin,Criminal Justice (Other),Yes,4,23276,22726,22730
train,JC-AL-0021,Danley v. Allen,Jail Conditions,No,7,20421,20421,20414
train,JC-CA-0065,Prison Legal News v. County of Sacramento,Jail Conditions,No,8,31342,31188,31197
train,PC-WI-0017,McKinley Bey v. Pollard,Prison Conditions,Yes,7,42692,41906,42038
train,EE-TX-0064,EEOC v. Bledsoe Dodge,Equal Employment,No,8,11645,11331,11330
train,CJ-CA-0018,Youth Justice Coalition v. City of Los Angeles,Criminal Justice (Other),Yes,6,35512,34862,34859
train,EE-OH-0068,EEOC v. Sara Lee Corporation,Equal Employment,No,4,3817,3817,3817
train,JC-NY-0028,Mitchell v. Clinton County,Jail Conditions,Yes,8,36975,36975,36911
train,EE-NY-0022,EEOC v. QUICK QUALITY RESTAURANT INC,Equal Employment,No,4,6681,6681,6686
train,ED-PA-0006,Barrett v. West Chester Univeristy,Education,No,5,30567,29737,29742
train,EE-IL-0189,EEOC v. ROADWAY EXPRESS,Equal Employment,Yes,7,45016,44600,44638
train,JI-OH-0007,Hamilton v. Ashland County Board of Elections,Juvenile Institution,No,8,20665,20665,20673
train,EE-FL-0058,EEOC v. GEOLOGISTICS AMERICAS INC,Equal Employment,No,10,29782,29340,29337
train,PB-MI-0027,Buck v. Nessel,Public Benefits / Government Services,No,4,26837,26315,26314
train,IM-CA-0106,County of Santa Clara v. Trump,Immigration and/or the Border ,No,10,94251,92705,92749
train,IM-DC-0081,Johns Hopkins University v. U.S. Department of Homeland Security,Immigration and/or the Border ,No,6,42718,41348,41334
train,EE-NY-0130,"EEOC v. PORPIGLIA FARMS, INC.",Equal Employment,No,3,2935,2935,2936
train,PB-CA-0020,California Pharmacists Association v. Maxwell-Jolly,Public Benefits / Government Services,No,11,60312,59926,59923
train,MH-GA-0002,U.S. v. State of Georgia,Mental Health (Facility),No,10,89078,88548,88566
train,MH-IN-0001,United States v. Indiana,Mental Health (Facility),No,4,6665,6665,6673
train,CJ-AL-0021,Carter v. City of Montgomery,Criminal Justice (Other),Yes,9,144853,141423,141458
train,EE-DC-0077,Doe v. Trump,Equal Employment,No,12,110176,108216,108220
train,VR-TX-0445,Texas League of United Latin American Citizens (LULAC) v. Whitley,Election/Voting Rights,Yes,12,65113,63767,63769
train,EE-IL-0331,EEOC v. Harris Bank,Equal Employment,No,4,7316,7280,7286
train,PC-FL-0014,Butler v. McDonough,Prison Conditions,No,32,125773,123793,123761
train,EE-IL-0294,"Griffin v. Sutton Ford, Inc.",Equal Employment,No,5,39007,39007,39062
train,EE-KY-0017,"EEOC v. Physician's Services, Inc.",Equal Employment,No,10,13648,13268,13314
train,JC-NJ-0019,Graff v. County of Salem,Jail Conditions,Yes,5,43090,41676,41731
train,DR-CO-0017,Williams v. Denver,Disability Rights-Pub. Accom.,No,3,14898,14898,14914
train,PB-MI-0011,Concerned Pastors for Social Action v. Khouri,Public Benefits / Government Services,No,14,94454,93962,94003
train,IM-DC-0045,Damus v. Nielsen,Immigration and/or the Border ,Yes,6,40942,40062,40067
train,EE-IN-0127,"In re FedEx Ground Package System, Inc. Employment Practices Litigation",Equal Employment,Yes,43,600182,592036,591915
train,FH-TN-0003,"Jackson v. Novastar Mortgage, Inc.",Fair Housing/Lending/Insurance,Yes,7,15079,14799,14805
train,ED-MS-0003,D.H. v. Moss Point School District,Education,No,2,9495,9295,9303
train,IM-DC-0026,Pars Equality Center v. Trump,Immigration and/or the Border ,No,27,342014,328334,328509
train,EJ-OR-0001,Juliana v. United States,Environmental Justice,No,6,167294,164184,164143
train,EE-CA-0303,"Dukes v. Wal-Mart Stores, Inc.",Equal Employment,Yes,29,381657,381657,380581
train,CJ-AR-0004,Dade v. City of Sherwood,Criminal Justice (Other),Yes,5,50482,48992,48994
train,EE-MI-0023,EEOC v. Billy Bob's Gameroom Furnishings,Equal Employment,No,3,2294,2294,2295
train,EE-CA-0054,EEOC v. CLEARLAKE RIVIERA YACHT & GOLF CLUB,Equal Employment,No,4,4591,4455,4462
train,IM-CA-0092,Al Otro Lado v. Kelly,Immigration and/or the Border ,Yes,16,271483,265207,264850
train,EE-FL-0113,EEOC v. THE CLUB AT FIRESTONE,Equal Employment,No,5,6081,6081,6085
train,FA-IL-0009,Lindsay v. Sebelius,Speech and Religious Freedom,No,8,9930,9806,9804
train,CW-KS-0002,M.B. v. Colyer,Child Welfare,Yes,8,65437,63707,63730
train,PB-OH-0004,Henry v. Wymyslo,Public Benefits / Government Services,No,10,108932,108932,108822
train,DR-CO-0005,Lucas v. Kmart Corp.,Disability Rights-Pub. Accom.,Yes,17,105998,104816,104847
train,DR-CA-0003,American Council of the Blind v. Astrue,Disability Rights-Pub. Accom.,Yes,10,89991,88517,88512
train,PR-DC-0006,ACLU v. Trump,Presidential/Gubernatorial Authority,No,4,32622,31552,31567
train,IM-PA-0008,Mocanu v. Mueller,Immigration and/or the Border ,No,6,24316,23536,23553
train,JC-OR-0011,Dillon v. Clackamas County,Jail Conditions,Yes,7,27158,26528,26527
train,FA-TX-0005,East Texas Baptist University v. Sebelius,Speech and Religious Freedom,No,26,203196,199628,199123
train,PN-MD-0008,United States v. Police Department of Baltimore City,Policing,No,25,442971,434874,434802
train,EE-CA-0332,Knox v. Westly,Equal Employment,Yes,21,113014,112214,112089
train,PB-AZ-0002,Diaz v. Brewer,Public Benefits / Government Services,Yes,15,95158,94818,94815
train,JC-MD-0008,Maryland NAACP v. Baltimore City Police Department,Jail Conditions,Yes,11,99716,98266,98256
train,CW-OR-0001,Wyatt B. v. Brown,Child Welfare,Yes,4,44394,43166,43108
train,EE-NY-0269,"EEOC v. Founders Pavilion, Inc.",Equal Employment,Yes,5,11493,11189,11252
train,EE-MI-0199,United States v. Michigan Department of Corrections,Equal Employment,No,6,19037,18869,18879
train,NS-LA-0001,Rahim v. Federal Bureau of Investigation,National Security,No,4,11790,11720,11718
train,EE-CA-0350,EEOC v. Children's Hospital and Research Center,Equal Employment,No,4,9083,9083,9092
train,IM-CA-0093,City and County of San Francisco v. Sessions,Immigration and/or the Border ,No,11,210207,204863,204545
train,PC-NV-0014,Evans v. Vare,Prison Conditions,No,8,27180,26684,26679
train,FA-NE-0001,State of Nebraska v. U.S. Department of Health and Human Services,Speech and Religious Freedom,No,6,47965,47341,47341
train,EE-MD-0010,EEOC v. B & K RENTALS AND SALES COMPANY,Equal Employment,No,3,2982,2952,2955
train,EE-MO-0016,EEOC v. Best Buy Here Pay Here,Equal Employment,No,5,7015,6935,6937
train,PR-NY-0005,PEN American Center. v. Trump,Presidential/Gubernatorial Authority,No,5,42994,41529,41528
train,CJ-TX-0020,Lomas v. Harris County,Criminal Justice (Other),Yes,3,7512,7374,7373
train,FA-CO-0007,Dobson v. Sebelius,Speech and Religious Freedom,No,9,56252,54702,54589
train,PN-NM-0002,U.S. v. City of Albuquerque,Policing,No,37,1272670,1237068,1236870
train,EE-MA-0013,EEOC v. Preferred People Staffing,Equal Employment,No,6,16719,16359,16364
train,PC-CA-0001,Armstrong v. Newsom,Prison Conditions,Yes,58,591003,585827,585802
train,ID-MD-0002,Hunt v. Meszaros,Intellectual Disability (Facility),Yes,2,15176,15068,15077
train,EE-MN-0090,Arnold v. Cargill,Equal Employment,Yes,10,77411,77391,77391
train,EE-PA-0047,"EEOC v. Conectiv, and related cases",Equal Employment,No,13,29066,29066,29068
train,PC-VA-0020,Porter v. Clarke,Prison Conditions,No,6,51192,50072,50074
train,PR-KY-0001,Nwanguma v. Trump,Presidential/Gubernatorial Authority,No,4,16817,16267,16253
train,IM-WA-0024,Vargas Ramirez v. United States,Immigration and/or the Border ,No,5,31400,31140,31143
train,PC-OH-0007,Thompson v. Alexander,Prison Conditions,Yes,2,12806,12718,12725
train,JC-NJ-0021,Garcia v. Ocean County,Jail Conditions,Yes,5,24942,24632,24632
train,ED-LA-0002,J.W. v. La. Bd. of Elementary and Secondary Education,Education,Yes,4,8043,7773,7774
train,EE-NM-0046,EEOC v. STERLING BROTHERS CONSTRUCTION INC,Equal Employment,No,9,11035,11035,11037
train,EE-DE-0030,EEOC v. NABSTAR LLC (DBA SLEEP INN),Equal Employment,No,3,5636,5604,5609
train,IM-LA-0013,"Chakkiyattil v. Signal International, LLC",Immigration and/or the Border ,No,4,107029,105701,105699
train,PC-NJ-0025,Wragg v. Ortiz,Prison Conditions,Yes,10,229528,221291,221264
train,EE-NV-0039,EEOC v. TruGreen Landcare,Equal Employment,No,3,7829,7599,7607
train,PC-IN-0021,Lacy v. Butts,Prison Conditions,Yes,7,28619,28159,28165
train,NS-CA-0023,Currier v. U.S. Department of Homeland Security,National Security,No,22,164383,159293,159001
train,PC-FL-0007,LaMarca v. Turner,Prison Conditions,Yes,20,423149,423149,423199
train,IM-WA-0007,Gonzales v. U.S. Department of Homeland Security,Immigration and/or the Border ,Yes,15,54617,54137,54150
train,EE-TX-0451,McClain v. Lufkin Industries,Equal Employment,Yes,81,625820,610290,610494
train,FA-MI-0008,Eden Foods v. Sebelius,Speech and Religious Freedom,No,9,56231,56231,56313
train,IM-OH-0003,Muniz v. Gallegos,Immigration and/or the Border ,No,11,65972,65972,65974
train,PC-DC-0008,Twelve John Does v. District of Columbia,Prison Conditions,Yes,30,124927,124359,124362
train,EE-OK-0003,"EEOC v. Health Food Associates, Inc.",Equal Employment,No,6,9823,9749,9764
train,IM-CA-0113,Dvash-Banks v. Tillerson [Dvash-Banks v. Pompeo],Immigration and/or the Border ,No,8,37465,36671,36666
train,EE-AL-0130,EEOC v. Catastrophe Management Solutions,Equal Employment,No,4,14335,13825,13827
train,MH-CT-0001,Protection & Advocacy for Persons with Disabilities v. Hartford Board of Education,Mental Health (Facility),No,7,58888,58868,58947
train,CJ-NY-0014,Flores v. Stanford,Criminal Justice (Other),Yes,5,39682,38292,38306
train,EE-NC-0052,EEOC v. HOWELL CENTER/GATEWOOD,Equal Employment,No,4,4074,3954,3965
train,JC-PA-0024,Delandro v. County of Allegheny,Jail Conditions,Yes,9,52297,51237,51214
train,EE-WI-0008,"EEOC v. BRINKER INTERNATIONAL, INC. d/b/a ""CHILI'S BAR & GRILL""",Equal Employment,No,6,10613,10613,10613
train,EE-FL-0017,"EEOC v. Associated Security Enforcement, Inc.",Equal Employment,No,8,13025,12937,12940
train,EE-LA-0095,Ellias v. Don A. Scoggins d/b/a Five Star Janitorial Supply,Equal Employment,No,3,5578,5506,5517
train,PB-CO-0006,Burns v. Hickenlooper,Public Benefits / Government Services,No,4,20780,20260,20256
train,VR-NY-0357,United Spinal Association v. Board of Elections in the City of New York,Election/Voting Rights,No,14,72844,70166,70166
train,PB-OH-0006,Gibson v. Himes,Public Benefits / Government Services,No,3,7804,7804,7812
train,EE-IL-0100,EEOC v. CMC SERVICE OF CHICAGO LLC (d/b/a GREAT CLIPS FOR HAIR),Equal Employment,No,3,6004,6000,6004
train,PR-DC-0005,Electronic Privacy Information Center v. Presidential Advisory Commission on Election Integrity,Presidential/Gubernatorial Authority,No,8,26063,25295,25300
train,EE-MO-0078,EEOC v. Sappington Garden Shop Company,Equal Employment,No,6,7930,7640,7642
train,PB-OH-0003,Obergefell v. Hodges,Public Benefits / Government Services,No,12,89711,89711,89655
train,PN-NY-0023,Jovanovic v. City of New York,Policing,No,5,40682,39722,39709
train,EE-TX-0450,Hilgert v. May,Equal Employment,No,14,50594,49252,49610
train,JC-ME-0002,Wood v. Hancock County,Jail Conditions,No,8,22824,22824,22816
train,PC-FL-0023,Martos v. Miami-Dade County Department of Corrections and Rehabilitation,Prison Conditions,No,2,6267,6147,6151
train,JC-WA-0012,Doe v. Grays Harbor County,Jail Conditions,No,6,19159,18595,18594
train,EE-TX-0184,"EEOC v. JLP, LLC d/b/a ""Jiffy Lube of Plainview""",Equal Employment,No,5,5669,5479,5473
train,FH-WI-0002,"United States v. Dovenberg Investments, LLC",Fair Housing/Lending/Insurance,No,3,3914,3858,3870
train,EE-DE-0017,EEOC v. LOWE'S,Equal Employment,No,2,4083,4083,4085
train,PC-TX-0013,Durrenberger v. Texas Department of Criminal Justice,Prison Conditions,No,7,29596,28996,28987
train,ED-DC-0010,NAACP v. DeVos,Education,No,7,69944,68224,68269
train,EE-NC-0090,"EEOC v. THE ROMAN CATHOLIC DIOCESE OF RALEIGH, NORTH CAROLINA",Equal Employment,No,5,13567,13507,13503
train,FA-OH-0001,Franciscan University of Steubenville v. Sebelius,Speech and Religious Freedom,No,4,26963,26963,26950
train,EE-IL-0277,McGee v. Illinois Department of Transportation,Equal Employment,No,9,48386,48334,48395
train,IM-LA-0005,"Castellanos-Contreras v. Decatur Hotels, LLC",Immigration and/or the Border ,Yes,8,45910,45310,45301
train,CJ-AL-0002,Nelson v. Campbell,Criminal Justice (Other),No,19,73862,73602,73383
train,EE-PA-0114,EEOC v. MUHLENBERG MEDICAL ASSOCIATES,Equal Employment,No,7,8985,8985,8998
train,EE-DC-0071,Bush v. Ruth's Chris Steak House,Equal Employment,Yes,7,53161,51961,52004
train,CJ-LA-0016,Humphrey v. LeBlanc,Criminal Justice (Other),Yes,3,17845,17569,17568
train,IM-TX-0057,Texas v. United States,Immigration and/or the Border ,No,14,39392,38580,38573
train,PB-NE-0002,Citizens for Equal Protection v. Bruning,Public Benefits / Government Services,No,5,33337,33337,33332
train,EE-NC-0145,"Covarrubias v. Capt. Charlie’s Seafood, Inc.",Equal Employment,Yes,4,20149,19439,19473
train,EE-CA-0327,"EEOC v. AT&T, Inc.",Equal Employment,No,3,3878,3788,3791
train,EE-DE-0032,United States of America v. State of Delaware,Equal Employment,No,6,22461,22244,22244
train,ED-CA-0037,J.P. v. Educational Testing Services,Education,Yes,3,38680,37620,37620
train,PC-DC-0032,Berke v. Federal Bureau of Prisons,Prison Conditions,No,5,56025,54005,54011
train,JC-MT-0003,Cajune v. Lake County,Jail Conditions,No,4,7770,7690,7694
train,EE-UT-0003,EEOC v. C.R. ENGLAND,Equal Employment,No,7,36527,36217,36228
train,EE-MA-0011,EEOC v. NEW ENGLAND SERUM,Equal Employment,No,3,4293,4163,4167
train,EE-IL-0219,"EEOC v. Staffing Network, L.L.C.",Equal Employment,No,5,11400,11356,11355
train,FA-DC-0019,Belmont Abbey College v. Sebelius [II],Speech and Religious Freedom,No,3,13462,12952,12950
train,JC-CA-0129,Murray v. Santa Barbara,Jail Conditions,Yes,10,127757,123923,123837
train,NS-WA-0001,Green v. Transportation Security Administration,National Security,No,3,18534,18254,18257
train,JC-CO-0007,Scott v. City and County of Denver,Jail Conditions,No,5,14150,14020,14016
train,EE-FL-0120,EEOC v. Val Ward Cadillac,Equal Employment,No,7,10123,9736,9746
train,EE-WA-0114,"White v. S.O.G. Specialty Knives & Tools, Inc.",Equal Employment,No,3,3162,3032,3037
train,PN-DC-0004,Bolger v. District of Columbia,Policing,No,6,46306,45922,45929
train,PB-FL-0020,Planned Parenthood of Southwest and Central Florida Inc. v. Philip,Public Benefits / Government Services,No,2,17090,16250,16252
train,ED-FL-0002,Ruiz v. Robinson,Education,Yes,7,28555,28261,28268
train,EE-IL-0066,EEOC v. Courtesy Corporation And Creative Packaging Corp.,Equal Employment,No,3,2878,2878,2884
train,PC-NY-0062,Peoples v. Fischer (Peoples v. Annucci),Prison Conditions,Yes,18,158540,154997,155303
train,JI-TX-0004,Galloway v. Delgado,Juvenile Institution,Yes,8,35839,34857,34862
train,PB-TX-0002,Travis v. Hawkins,Public Benefits / Government Services,Yes,14,120180,118980,118565
train,PB-MI-0016,Mays v. Flint,Public Benefits / Government Services,Yes,5,21435,21408,21423
train,EE-NV-0023,EEOC v. MIRAGE HOTEL & CASINO,Equal Employment,No,5,6603,6381,6382
train,PC-MI-0046,Human Rights Defense Center v. Winn,Prison Conditions,No,4,26983,26371,26373
train,CJ-TX-0004,White v. Johnson,Criminal Justice (Other),No,6,18066,18066,18057
train,FA-PA-0014,Persico v. Sebelius,Speech and Religious Freedom,No,6,26500,25820,25817
train,FA-PA-0012,"Brandt, Bishop of The Roman Catholic Diocese of Greensburg v. Sebelius",Speech and Religious Freedom,No,7,46506,45846,45848
train,IM-TX-0037,"Meganathan v. Signal International, LLC",Immigration and/or the Border ,No,10,67937,66255,66258
train,PH-GA-0002,King v. City of Blakely / U.S. v. City of Blakely Housing Authority,Public Housing,Yes,6,29503,29225,29249
train,PB-AK-0004,Hamby v. Parnell,Public Benefits / Government Services,No,5,22560,21920,21958
train,PB-WI-0002,Wolf v. Walker,Public Benefits / Government Services,No,11,73649,73189,73185
train,EE-NC-0075,"EEOC v. NATIONWIDE ELECTRICAL CONTRACTING, INC. & DOUGLAS ELECTRICAL CONTRACTING, INC.",Equal Employment,No,9,12461,12461,12476
train,IM-PA-0014,Asali v. DHS,Immigration and/or the Border ,No,5,16928,16898,16892
train,IM-DC-0076,Doe v. U.S. Department of State,Immigration and/or the Border ,No,2,6501,6301,6311
train,IM-MI-0006,Malam v. Adducci,Immigration and/or the Border ,Yes,39,464546,454158,454275
train,JC-IL-0046,Zaborowski v. Sheriff of Cook County,Jail Conditions,Yes,20,136187,134048,134044
train,JI-MS-0008,J.H. v. Hinds County,Juvenile Institution,Yes,29,360885,349567,349531
train,CJ-TN-0012,McNeil v. Community Probation Services,Criminal Justice (Other),Yes,10,118681,115517,115411
train,IM-NY-0070,Make the Road New York v. Pompeo,Immigration and/or the Border ,No,3,45883,44203,44203
train,EE-OH-0009,"EEOC v. AutoNation d/b/a Mullinax Ford North Canton n/k/a Mullinax Ford North Canton, Inc.",Equal Employment,No,6,10939,10939,10953
train,CJ-DC-0003,Smith v. District of Columbia,Criminal Justice (Other),No,7,44786,43636,43632
train,EE-AR-0044,EEOC v. SNACK VENDING COMPANY INC,Equal Employment,No,4,5272,5272,5276
train,JC-CA-0128,Human Rights Defense Center v. County of Los Angeles,Jail Conditions,No,4,19538,19138,19139
train,EE-WA-0119,Williams v. Boeing Co.,Equal Employment,Yes,17,149704,148022,148007
train,PC-IL-0025,Ryan v. Walker,Prison Conditions,No,6,24533,24233,24241
train,IM-DC-0068,U.T. v. Barr,Immigration and/or the Border ,No,2,4819,4279,4279
train,PN-NJ-0008,Hickox v. Christie,Policing,No,5,24441,23721,23717
train,JC-NY-0071,John v. City of New York,Jail Conditions,No,4,14747,14507,14509
train,IM-VA-0005,Sarsour v. Trump,Immigration and/or the Border ,No,12,169846,165574,165574
train,PR-DC-0010,Public Citizen v. U.S. Department of the Army,Presidential/Gubernatorial Authority,No,2,2141,2071,2070
train,EE-NY-0002,EEOC v. ALEX C FERGUSSON INC,Equal Employment,No,3,9691,9401,9342
train,PN-NJ-0006,Hassan v. City of New York,Policing,No,10,84115,82161,82043
train,EE-TX-0092,"EEOC v. D & S RESIDENTIAL SERVICES, INC.",Equal Employment,No,3,3509,3509,3508
train,JC-NJ-0003,Essex Co. Jail Inmates v. Treffinger,Jail Conditions,Yes,30,131270,131210,130937
train,IM-AL-0005,United States v. Alabama,Immigration and/or the Border ,No,11,140774,136624,136661
train,PN-FL-0003,Sampson v. City of Miami Gardens,Policing,No,7,138921,136179,135661
train,EE-OR-0019,EEOC v. UNITED STATES BAKERY INC,Equal Employment,No,8,30857,30857,30875
train,FA-AL-0003,Eternal World Television Network v. Sebelius,Speech and Religious Freedom,No,10,73366,73366,73362
train,DR-DC-0006,Seth v. District of Columbia,Disability Rights-Pub. Accom.,No,11,161892,157616,157504
train,EE-TX-0340,EEOC v. WC&M ENTERPRISES INC (d/b/a STREATER-SMITH HONDA),Equal Employment,No,5,7594,7594,7599
train,EE-PA-0005,"EEOC v. American International Group [AIG], Inc.",Equal Employment,No,3,5225,5145,5148
train,VR-MN-0017,League of Women Voters of Minnesota Education Fund v. Simon,Election/Voting Rights,No,27,412072,400464,399870
train,EE-PA-0053,EEOC v. Dan Lepore & Sons Co. and L.F. Driscoll Co.,Equal Employment,No,5,8043,7883,7887
train,IM-NY-0074,Coronel v. Decker,Immigration and/or the Border ,No,6,29661,28791,28810
train,PC-IL-0051,Money v. Jeffreys,Prison Conditions,Yes,7,121286,119894,119888
train,PC-MT-0003,U.S. v. Montana,Prison Conditions,No,6,25667,25547,25548
train,VR-FL-0167,League of Women Voters of Florida v. Browning,Election/Voting Rights,No,8,42773,41057,41077
train,PN-CA-0022,Spalding v. City Of Oakland,Policing,Yes,6,27125,27125,27114
train,EE-NC-0097,"EEOC v. Sara Lee Knit Products, Inc.",Equal Employment,No,4,3902,3902,3911
train,IM-MA-0007,Louhghalam v. Trump,Immigration and/or the Border ,No,22,60414,58394,58402
train,IM-NY-0062,Moreno v. Nielsen,Immigration and/or the Border ,Yes,7,40571,39605,39614
train,PC-MT-0001,Langford v. Racicot AND In Re: Conditions at Montana State Prison v. Montana,Prison Conditions,Yes,16,126154,125040,125028
train,EE-MA-0020,DeLeo v. City of Boston,Equal Employment,No,5,15767,15737,15731
train,EE-GA-0114,Bostock v. Clayton County,Equal Employment,No,12,156649,156109,156208
train,FA-CA-0006,Johnson v. Poway Unified School District,Speech and Religious Freedom,No,14,167155,167155,167036
train,PB-CA-0036,Cooper-Harris v. United States,Public Benefits / Government Services,No,8,37588,36862,36881
train,CJ-OK-0007,Wilkins v. Aberdeen Enterprises,Criminal Justice (Other),Yes,4,82695,81465,81482
train,PB-MO-0002,Hiltibran v. Levy,Public Benefits / Government Services,No,14,62394,60524,60477
train,EE-GA-0056,Reid v. Lockheed Martin Aeronautics Co.,Equal Employment,Yes,6,46160,46148,46144
train,EE-UT-0012,EEOC v. MICRON TECHNOLOGY,Equal Employment,No,6,14716,14380,14391
train,EE-PA-0145,EEOC v. ROSS STORES,Equal Employment,No,3,4286,4208,4211
train,PC-IL-0040,Fontano v. Godinez,Prison Conditions,No,5,24123,23851,23851
train,IM-MA-0013,Commonwealth of Massachusetts v. U.S. Department of Homeland Security,Immigration and/or the Border ,No,3,10120,9815,9816
train,EE-NY-0115,"EEOC v. NEWMARK & COMPANY REAL ESTATE, INC., & KALABI REAL",Equal Employment,No,3,4276,4276,4276
train,EE-DC-0074,Hubbard v. Potter,Equal Employment,Yes,9,54196,52056,52065
train,EE-TN-0050,"EEOC v. GILLEY CONSTRUCTION CO., INC.",Equal Employment,No,3,3692,3552,3555
train,EE-NM-0038,EEOC v. PROGRESSIVE RESIDENTIAL SERVICES,Equal Employment,No,3,4723,4723,4725
train,PN-NY-0057,Payne v. de Blasio,Policing,No,3,42600,41498,41501
train,JC-IN-0023,United States v. Lake County,Jail Conditions,No,11,185084,180574,180576
train,EE-NC-0046,EEOC v. CUSTOM INDUSTRIES INC (d/b/a GREASE MASTER),Equal Employment,No,3,3713,3713,3715
train,PN-NY-0022,Woods v. City of New York,Policing,No,5,10356,10152,10183
train,EE-MO-0095,EEOC v. WOODBRIDGE CORPORATION,Equal Employment,No,8,14349,14281,14289
train,DR-IL-0006,American Council of the Blind of Metropolitan Chicago v. Chicago,Disability Rights-Pub. Accom.,Yes,6,28590,28314,28332
train,IM-AZ-0007,Torres v. Goddard,Immigration and/or the Border ,Yes,10,57809,56911,56940
train,EE-AZ-0134,"Parra v. Bashas', Inc.",Equal Employment,Yes,12,90246,89596,89599
train,ED-GA-0002,K.A. v. Hobby,Education,Yes,6,30672,29446,29407
train,FA-MI-0007,Domino's Farms Corp. v. Sebelius,Speech and Religious Freedom,No,10,53549,53549,53562
train,EE-MO-0014,"EEOC v. BOCK TRANSPORTATION, INC.",Equal Employment,No,3,3929,3929,3935
train,PN-MS-0001,Brown v. Madison County,Policing,Yes,5,79777,77527,77485
train,PN-NC-0004,Drumwright v. Cole,Policing,No,8,36239,35195,35194
train,EE-OR-0026,"Sharr v. NCS Pearson, Inc.",Equal Employment,Yes,8,45909,44723,44719
train,PB-AR-0006,Planned Parenthood of Arkansas & Eastern Oklahoma Inc. v. Gillespie,Public Benefits / Government Services,Yes,9,65611,64001,63991
train,PC-MO-0013,Lane v. Lombardi,Prison Conditions,Yes,6,15981,15425,15407
train,EE-PA-0233,"EEOC v. Lifecare Management Services, LLC",Equal Employment,No,5,19461,18981,19028
train,EE-NY-0272,Calibuso v. Bank of America,Equal Employment,Yes,10,109549,106741,106722
train,VR-FL-0170,Arcia v. Detzner,Election/Voting Rights,No,17,57101,56039,56024
train,ED-CA-0006,Renee v. Duncan,Education,No,11,114740,114484,114655
train,PC-TX-0026,Blake v. Carr,Prison Conditions,Yes,8,21049,19521,19378
train,PR-DC-0013,Alvarez v. Trump,Presidential/Gubernatorial Authority,No,5,6805,6515,6517
train,ID-CT-0003,Messier v. Southbury Training School,Intellectual Disability (Facility),Yes,18,162817,162125,162118
train,EE-IL-0039,EEOC v. Caterpillar,Equal Employment,Yes,9,65915,65787,65797
train,JI-NY-0010,V.W. v. Conway,Juvenile Institution,Yes,7,54307,53317,53329
train,EE-PA-0225,GRIMES v. CONECTIV,Equal Employment,No,6,24314,23754,23755
train,EE-CA-0308,Houston v. Cintas Corporation,Equal Employment,Yes,8,22802,22542,22587
train,EE-AR-0020,EEOC v. GLOBAL MATERIAL SERVICES,Equal Employment,No,6,7041,7041,7083
train,EE-TX-0183,"EEOC v. Jefferson Dental Clinics, P.A.",Equal Employment,No,9,24577,24471,24439
train,EE-TX-0178,EEOC v. Icon Benefit Administrators,Equal Employment,No,4,4815,4655,4663
train,FH-OH-0007,Hood v. Midwest Savings Bank,Fair Housing/Lending/Insurance,No,7,20067,20067,20068
train,ED-OK-0002,Pollard v. Rogers Sch. Dist. 1,Education,Yes,6,12061,11793,11810
train,EE-LA-0045,EEOC v. KANSAS CITY SOUTHERN RAILWAY COMPANY,Equal Employment,No,10,10222,9986,10003
train,IM-GA-0016,Martinez v. Donahue,Immigration and/or the Border ,No,8,55944,54292,54246
train,PR-AZ-0001,United States v. Arpaio,Presidential/Gubernatorial Authority,No,11,64725,64173,64169
train,EE-TX-0212,EEOC v. LYONDELL-CITGO,Equal Employment,No,4,7783,7713,7725
train,ED-MN-0002,Shelton v. Anoka-Hennepin Sch. Dist.,Education,No,2,3784,3644,3648
train,EE-TX-0176,"EEOC v. INVESTAMERICA MANAGEMENT, INC.",Equal Employment,No,5,4408,4408,4423
train,EE-LA-0097,United State v. Calcasieu Parish School Board,Equal Employment,No,3,3906,3778,3780
train,IM-CA-0125,S.A. et al v. Trump,Immigration and/or the Border ,Yes,14,95386,93126,93014
train,EE-TX-0283,EEOC v. PRICE WATERHOUSE COOPERS LLP,Equal Employment,No,3,3897,3897,3900
train,EE-MO-0023,EEOC v. Consolidated Freightways Corporation of Delaware,Equal Employment,No,7,11633,11633,11640
train,EE-GA-0027,EEOC v. FEDERAL EXPRESS,Equal Employment,No,6,12784,12784,12788
train,EE-IN-0129,Hill v. Merrill Gardens LLC,Equal Employment,Yes,12,42492,41950,41957
train,PC-WY-0005,Miller v. Grubbe,Prison Conditions,Yes,3,6800,6780,6776
train,JC-DC-0013,Hughes v. District of Columbia,Jail Conditions,No,3,9742,9512,9516
train,PC-PA-0051,Porter v. Pennsylvania Department of Corrections,Prison Conditions,No,5,32501,32411,32403
train,JC-ME-0004,Dare v. Knox County,Jail Conditions,Yes,39,121443,121193,121142
train,IM-CA-0117,Human Rights Watch v. U.S. Department of Homeland Security,Immigration and/or the Border ,No,2,5025,4935,4940
train,FH-PA-0001,U.S. v. Waisbord,Fair Housing/Lending/Insurance,No,4,5975,5975,5967
train,PB-IL-0014,Doe v. Trump,Public Benefits / Government Services,Yes,11,74576,73568,73402
train,EE-AZ-0041,EEOC v. DESERT SCHOOLS FEDERAL CREDIT UNION,Equal Employment,Yes,3,7371,7331,7335
train,IM-TX-0034,State of Texas v. United States,Immigration and/or the Border ,No,21,399305,394365,394195
train,PB-MI-0010,Love v. Johnson,Public Benefits / Government Services,No,5,20324,20324,20331
train,EE-LA-0113,EEOC v. Boh Bros. Construction Co.,Equal Employment,No,8,12579,12319,12311
train,JC-IN-0025,Buroff v. Gladieux,Jail Conditions,Yes,6,19850,19270,19271
train,EE-FL-0097,EEOC v. RARE HOSPITALITY INTERNATIONAL INC (d/b/a LONGHORN STEAK HOUSE),Equal Employment,No,9,11462,11116,11124
train,EE-UT-0010,EEOC v. HAMLET DEVELOPMENT,Equal Employment,No,3,7266,7196,7193
train,PC-PA-0005,Imprisoned Citizens Union v. Shapp,Prison Conditions,Yes,28,185537,185537,185442
train,EE-KY-0004,EEOC v. Continental Conveyor & Equipment Co,Equal Employment,Yes,4,28903,28789,28789
train,PN-CA-0038,Mitchell v. City of Los Angeles,Policing,No,9,50191,48903,48921
train,EE-MI-0119,EEOC v. MICHIGAN SEAMLESS TUBE,Equal Employment,No,5,6377,6187,6186
train,EE-MI-0054,"EEOC v. Home Depot U.S.A., Inc. / Expo Design Center",Equal Employment,No,4,6260,6204,6200
train,PR-DC-0014,Center for Biological Diversity v. Trump,Presidential/Gubernatorial Authority,No,4,49684,48204,48254
train,FA-VA-0003,"Pro-Football, Inc. v. Blackhorse",Speech and Religious Freedom,No,18,193351,189513,189466
train,JC-NJ-0025,Dittimus-Bey v. Taylor,Jail Conditions,Yes,6,21237,20127,20136
train,PR-MD-0002,City of Columbus v. Trump,Presidential/Gubernatorial Authority,No,5,109814,106104,106027
train,EE-OH-0088,United States of America v. State of Ohio Environmental Protection Agency,Equal Employment,No,12,30271,29197,29187
train,PC-NE-0010,Wilson v. Bruning,Prison Conditions,No,7,16107,15939,15947
train,IM-AL-0002,Hall v. White,Immigration and/or the Border ,Yes,5,44700,43490,43493
train,PC-PA-0032,Chance v. Kulik,Prison Conditions,No,4,13391,12851,12852
train,PC-TX-0018,Moussazadeh v. Texas Dept. of Criminal Justice,Prison Conditions,No,10,55589,55355,55338
train,JI-GA-0002,U.S. v. Georgia,Juvenile Institution,No,12,59647,59647,59666
train,NS-NY-0012,United States v. Hasbajrami,National Security,No,17,105206,103008,103148
train,JC-AR-0002,U.S. v. Crittenden County,Jail Conditions,No,6,25117,25037,25044
train,PC-VA-0003,Congdon v. Murray,Prison Conditions,Yes,2,1999,1989,1993
train,PC-IL-0031,Rasho v. Walker,Prison Conditions,Yes,40,651613,647141,647201
train,NS-NY-0007,Tanvir v. Holder,National Security,No,7,49600,49260,49257
train,FA-IN-0006,Tonn and Blank Construction v. Sebelius,Speech and Religious Freedom,No,8,46982,45533,45473
train,EE-IL-0112,EEOC v. HOWARD PONTIAC INC,Equal Employment,No,3,3802,3802,3803
train,IM-MA-0004,Aguilar v. U.S. Immigration and Customs Enforcement,Immigration and/or the Border ,Yes,12,73515,71383,71407
train,IM-TX-0001,Vazquez v. City of Farmers Branch,Immigration and/or the Border ,No,7,10684,10654,10647
train,JC-NJ-0011,Boisselle v. County of Mercer,Jail Conditions,Yes,4,17794,17454,17453
train,PC-MI-0020,Mason v. Granholm,Prison Conditions,Yes,19,100535,99347,99407
train,EE-GA-0082,EEOC v. SPRAY-N-BAKE INC,Equal Employment,No,3,4877,4853,4854
train,EE-PA-0191,"EEOC v. WORLD KITCHEN, INC",Equal Employment,No,5,13087,12667,12682
train,PN-OR-0009,Pettibone v. Trump,Policing,No,3,43393,41943,41950
train,FH-AL-0004,United States v. Bahr,Fair Housing/Lending/Insurance,No,12,51516,50356,50347
train,ID-NJ-0004,U.S. v. New Jersey,Intellectual Disability (Facility),No,4,20577,20577,20613
train,CJ-IN-0001,Does v. City of Indianapolis,Criminal Justice (Other),Yes,7,16249,16019,16011
train,EE-TX-0093,EEOC v. Da Fa Shanghai Inc,Equal Employment,No,4,4689,4689,4691
train,EE-TX-0156,EEOC v. HARGIS INDUSTRIES,Equal Employment,No,4,5191,5061,5064
train,PN-NY-0034,Lawler v. City of New York,Policing,No,4,19512,19040,19047
train,IM-FL-0008,"Haitian Refugee Center, Inc. v. Baker",Immigration and/or the Border ,Yes,14,54958,54850,54823
train,IM-UT-0003,United States v. Utah,Immigration and/or the Border ,No,3,8863,8533,8533
train,CJ-IN-0004,Doe v. Marion County,Criminal Justice (Other),Yes,7,17851,17691,17684
train,IM-NJ-0007,Argueta v. Myers,Immigration and/or the Border ,No,15,158867,156951,157040
train,PC-WI-0015,Gotti v. Raemisch,Prison Conditions,No,4,5690,5654,5643
train,DR-MI-0006,Harris v. Wayne County Airport Authority,Disability Rights-Pub. Accom.,No,8,25796,25796,25789
train,IM-CA-0138,Castillo v. Nielsen,Immigration and/or the Border ,No,3,12225,12145,12144
train,PC-ID-0004,Balla v. Board of Corrections,Prison Conditions,Yes,22,202727,199869,199846
train,EE-NY-0215,In re J.P. Morgan Chase Cash Balance Litigation,Equal Employment,Yes,10,49919,49529,49528
train,PN-MD-0003,Wilkins v. Maryland State Police,Policing,Yes,13,29417,29169,29182
train,PN-MN-0001,Bernini v. City of St. Paul,Policing,Yes,6,44126,43006,42998
train,JC-CO-0012,Weikert v. Elder,Jail Conditions,Yes,4,68052,65882,65875
train,IM-AL-0011,Williams v. Witte,Immigration and/or the Border ,No,12,133298,130278,130248
train,IM-DC-0019,American Immigration Council v. United States Department of Homeland Security,Immigration and/or the Border ,No,2,18777,18209,18210
train,PB-AZ-0005,Planned Parenthood Arizona Inc. v. Betlach,Public Benefits / Government Services,No,3,8069,7869,7871
train,EE-LA-0075,EEOC v. Security Finance Corporation of Louisiana,Equal Employment,No,4,3634,3499,3510
train,PB-NC-0002,United States v. North Carolina,Public Benefits / Government Services,No,11,33545,33075,33075
train,EE-PA-0081,EEOC v. GLAXOSMITHKLINE,Equal Employment,No,3,2553,2553,2555
train,EE-NM-0049,EEOC v. VICTORY ROYAL EXPRESS,Equal Employment,No,3,4535,4535,4538
train,DR-FL-0003,Ault v. Walt Disney World Co.,Disability Rights-Pub. Accom.,Yes,24,69326,67026,67036
train,CJ-AL-0008,McGuire v. Murphy,Criminal Justice (Other),No,10,78869,77269,77301
train,PC-LA-0002,Bates v. Lynn,Prison Conditions,Yes,6,17995,17931,17948
train,EE-NY-0258,Bonnette v. Rochester Gas & Electric Co.,Equal Employment,Yes,5,18196,18196,18197
train,PC-IL-0047,Monroe v. Baldwin,Prison Conditions,Yes,6,40556,39312,39309
train,JC-CA-0008,McGrath v. County of Nevada,Jail Conditions,Yes,5,11040,11040,11038
train,JI-CO-0001,E. R. v. McDonnell,Juvenile Institution,Yes,8,21403,21403,21418
train,PA-TN-0001,Claybrooks v. American Broadcasting Companies,Public Accomm./Contracting,Yes,3,19968,19728,19729
train,EE-TX-0453,"EEOC v. Jack of All Trades Personnel Services, Inc.",Equal Employment,No,6,7426,7281,7278
train,IM-TX-0028,Villas at Parkside Partners v. City of Farmers Branch,Immigration and/or the Border ,No,9,107071,106021,106084
train,NS-DC-0100,Electronic Privacy Information Center (EPIC) v. U.S. Department of Homeland Security,National Security,No,3,9677,9605,9600
train,CJ-MO-0003,Johnston v. Roper,Criminal Justice (Other),No,18,45616,43906,43933
train,NS-MI-0007,Beydoun v. Sessions,National Security,Yes,5,15856,15764,15765
train,PA-NC-0005,North Carolinians for Privacy v. United States Department of Justice,Public Accomm./Contracting,No,5,40416,39226,39252
train,PN-GA-0006,Anderson v. City of Atlanta,Policing,No,3,6616,6386,6385
train,EE-NY-0109,EEOC v. MUSEUM OF MODERN ART,Equal Employment,No,3,2795,2795,2796
train,EE-NJ-0107,United States v. City of Newark,Equal Employment,No,3,4823,4775,4760
train,IM-DC-0038,Trustees of Princeton University v. U.S.,Immigration and/or the Border ,No,14,118483,115603,115689
train,PC-AL-0035,Braggs v. Dunn,Prison Conditions,Yes,47,659553,643293,643273
train,PC-PA-0047,Yeh v. United States Bureau of Prisons,Prison Conditions,No,5,16345,15835,15835
train,JC-CA-0087,Wyckoff v. County of Tehama,Jail Conditions,Yes,7,7837,7837,7837
train,JC-CA-0005,United States v. County of Los Angeles and Los Angeles County Sheriff [USDOJ CRIPA Case],Jail Conditions,No,27,403566,392956,393020
train,EE-NM-0018,EEOC v. Circle S Stores Inc,Equal Employment,No,4,8698,8698,8703
train,NS-DC-0131,"Judicial Watch, Inc. v. United States DOJ",National Security,No,5,9013,8683,8672
train,EE-WA-0131,Karnoski v. Trump,Equal Employment,No,16,157322,153732,153644
train,PR-NY-0002,Citizens for Responsibility and Ethics in Washington (CREW) v. Trump,Presidential/Gubernatorial Authority,No,11,181688,180326,180191
train,IM-CA-0086,"""People of the U.S. and State of California"" v. Trump",Immigration and/or the Border ,No,8,15522,15102,15050
train,IM-MD-0005,Iranian Alliances Across Borders v. Trump,Immigration and/or the Border ,No,16,187800,181900,181879
train,EE-NY-0018,EEOC v. BEST CLOTHING MFG.,Equal Employment,No,5,6973,6843,6845
train,PC-NC-0010,Urbaniak v. Stanley,Prison Conditions,Yes,11,19761,19257,19262
train,EE-TX-0068,EEOC v. CAPITOL ANESTHESIOLOGY ASSOCIATION,Equal Employment,No,5,5419,5223,5229
train,PC-CA-0004,Gates v. Deukmejian,Prison Conditions,Yes,13,118351,117851,117799
train,EE-CA-0050,EEOC v. VASQUEZ BROTHERS INC (d/b/a CENTRAL COAST PACKING),Equal Employment,No,3,3368,3368,3373
train,PC-NC-0020,Hallinan v. Scarantino,Prison Conditions,Yes,6,70166,68518,68473
train,EE-TX-0031,EEOC v. Asher Investments (d/b/a Bistro A),Equal Employment,No,3,4470,4470,4477
train,EE-FL-0024,"EEOC v. CNC Developments, Inc.",Equal Employment,No,3,3991,3851,3855
train,IM-DC-0050,Muslim Advocates v. U.S. Department of State,Immigration and/or the Border ,No,10,12330,11900,11898
train,EE-MS-0044,EEOC v. RENAL CARE GROUP INC,Equal Employment,No,6,9114,9034,9038
train,EE-FL-0123,"EEOC v. Wal-Mart Stores, Inc.",Equal Employment,No,5,6118,5974,5979
train,EE-AZ-0012,"EEOC v. Alamo Rent-A-Car, LLC",Equal Employment,No,12,18213,18209,18215
train,IM-OR-0003,Service Employees International Union v. Chertoff,Immigration and/or the Border ,No,3,6403,6223,6223
train,DR-CO-0010,Colorado Cross Disability Coalition v. Denver,Disability Rights-Pub. Accom.,Yes,27,106868,102918,102915
train,PB-NC-0006,General Synod of the United Church of Christ v. Cooper,Public Benefits / Government Services,No,11,55754,54604,54633
train,PC-IN-0025,Vermillion v. Levenhagen,Prison Conditions,No,24,168102,160597,160520
train,FA-MO-0014,Fernandez v. St. Louis County,Speech and Religious Freedom,No,4,18676,18676,18675
train,PB-OH-0012,Whitaker v. Kirby,Public Benefits / Government Services,No,3,15648,15648,15656
train,IM-MA-0005,"Gordon v. Napolitano [later Johnson, Nielsen]",Immigration and/or the Border ,Yes,8,73470,73320,73326
train,EE-CA-0278,"Gonzalez v. Abercrombie & Fitch, Inc.",Equal Employment,Yes,6,124761,122555,122541
train,PN-CA-0028,United States of America v. County of Los Angeles,Policing,No,20,235894,230292,230334
train,EE-AL-0093,U.S. v. Escambia County Board of Education,Equal Employment,No,5,8832,8754,8776
train,IM-CO-0008,Yarrito v. Meyers,Immigration and/or the Border ,No,9,13621,13499,13497
train,JI-CA-0008,Nick O. v. Terhune,Juvenile Institution,Yes,8,47404,47340,47414
train,EE-AL-0121,Smith v. United States Steel Corporation,Equal Employment,Yes,8,26568,25668,25681
train,EE-MP-0004,EEOC v. L&T INTERNATIONAL CORP.,Equal Employment,No,5,15263,14923,14936
train,PN-MO-0005,Templeton v. Dotson,Policing,No,8,16147,16147,16145
train,ED-TX-0003,Beal v. Midlothian Independent School District,Education,Yes,6,14374,14038,14077
train,IM-FL-0023,Weaver v. U.S. Citizenship and Immigration Services (USCIS),Immigration and/or the Border ,Yes,4,20474,20120,20132
train,EE-ID-0030,"EEOC v. TELE-SERVICING INNOVATIONS, INC.",Equal Employment,No,7,7316,7238,7256
train,PB-NC-0005,Marlo M. v. Cansler,Public Benefits / Government Services,No,8,23708,22949,22954
train,CJ-TN-0013,Torres v. Collins,Criminal Justice (Other),Yes,2,14433,14103,14103
train,PC-RI-0010,Liberty v. Rhode Island Department of Corrections,Prison Conditions,Yes,2,19841,19251,19258
train,EE-NY-0047,EEOC v. EDEN PARK HEALTH CARE CENTER,Equal Employment,No,3,5094,5094,5096
train,PA-VA-0003,Sines v. Kessler,Public Accomm./Contracting,No,17,203168,197834,197830
train,VR-TN-0067,Johnson v. Bredesen,Election/Voting Rights,No,10,73471,72335,72324
train,PC-PA-0026,United States v. Commonwealth of Pennsylvania Department of Corrections,Prison Conditions,No,5,34823,32516,32465
train,JI-OH-0008,D.D. v. Washington County,Juvenile Institution,Yes,8,28487,28487,28536
train,EE-ID-0012,EEOC v. HOLLYWOOD ENTERTAINMENT CORPORATION,Equal Employment,No,7,9952,9952,9972
train,EE-AL-0002,EEOC v. Aladan Corporation,Equal Employment,No,6,9174,9170,9195
train,EE-IN-0062,"EEOC v. KEN MADDOX HEATING & A/C, INC.",Equal Employment,No,3,3100,3100,3101
train,EE-NC-0106,EEOC v. SUBWAY OF ASHEVILLE #7 LLC,Equal Employment,No,5,14681,14616,14635
train,EE-CA-0013,"EEOC v. AMELCO ELECTRIC SAN FRANCISCO, INC.",Equal Employment,No,4,3328,3208,3220
train,FA-IL-0013,Wheaton College v. Sebelius,Speech and Religious Freedom,No,10,39139,38915,38903
train,IM-LA-0016,"Singh v. Signal International, LLC",Immigration and/or the Border ,No,9,103826,102996,103000
train,PB-ID-0004,Knapp v. City of Coeur D'Alene,Public Benefits / Government Services,No,5,56532,55000,55089
train,CJ-CA-0023,Welchen v. Sacramento,Criminal Justice (Other),Yes,5,23443,22903,22905
train,EE-IL-0165,"EEOC v. MIDWEST RACKING MFG., INC. (d/b/a MIDWEST RACK MFG., INC.)",Equal Employment,No,3,2435,2419,2422
train,EE-FL-0054,"EEOC v. Fugleberg Koch Architects, Inc.",Equal Employment,No,5,9898,9547,9577
train,FA-CA-0005,Hoye v. City of Oakland,Speech and Religious Freedom,No,11,52986,52986,53003
train,EE-CO-0070,EEOC v. University of Denver,Equal Employment,No,10,28131,26993,27016
train,DR-TX-0001,Frame v. City of Arlington,Disability Rights-Pub. Accom.,No,16,99794,98116,97985
train,FA-WA-0001,Doe v. Reed,Speech and Religious Freedom,No,16,83871,83683,83577
train,PC-NV-0007,Prison Legal News v. Crawford,Prison Conditions,No,10,35981,35333,35318
train,FA-FL-0003,Ave Maria University v. Sebelius,Speech and Religious Freedom,No,9,30049,29169,29165
train,FA-PA-0003,Zubik v. Sebelius [I],Speech and Religious Freedom,No,4,28888,28878,28879
train,EE-LA-0057,EEOC v. MICROTEL INN & SUITES,Equal Employment,No,4,4669,4498,4498
train,EE-MD-0084,EEOC v. NORRIS AUTOMOTIVE HOLDINGS LLC (d/b/a NORRIS FORD),Equal Employment,No,5,5866,5806,5815
train,IM-MD-0012,J.O.P. v. U.S. Department of Homeland Security,Immigration and/or the Border ,Yes,5,44204,42744,42753
train,EE-FL-0029,"EEOC v. CSI FORT LAUDERDALE, INC.",Equal Employment,No,3,2262,2212,2213
train,EE-SC-0018,EEOC and ABRAMS v. FREEMAN MECHANICAL INC,Equal Employment,No,6,8400,8400,8407
train,PN-MN-0004,Garcia v. Metro Gang Strike Force,Policing,Yes,8,68891,66997,66983
train,PN-MN-0003,Hill v. Stanek,Policing,No,2,3608,3478,3478
train,EE-NC-0065,EEOC v. MAMASITA'S RESTAURANT,Equal Employment,No,3,5351,5351,5353
train,EE-NY-0123,"EEOC v. PAPILLON SALONS & COMPANY, INC.",Equal Employment,No,7,9252,9036,9045
train,IM-OR-0006,American Civil Liberties Union of Oregon v. U.S. Department of Homeland Security,Immigration and/or the Border ,No,3,8965,8785,8785
train,DR-CA-0058,Independent Living Resource Center San Francisco v. Uber Technologies,Disability Rights-Pub. Accom.,Yes,6,38439,37849,37862
train,EE-MI-0009,"EEOC v. ARAMARK SERVICES, INC.",Equal Employment,No,3,3009,3009,3010
train,EE-CA-0205,"EEOC v. SIZZLER USA RESTAURANTS, INC",Equal Employment,No,4,6374,6304,6313
train,EE-FL-0010,EEOC v. AVATAR REALTY INC & AVATAR PROPERTIES,Equal Employment,No,7,13845,13320,13340
train,FA-PA-0013,Valley Forge Christian College of the Assemblies of God v. Burwell,Speech and Religious Freedom,No,3,4912,4732,4732
train,MH-GA-0001,Georgia Advocacy Office v. Shelp,Mental Health (Facility),No,9,34295,33055,33082
train,EE-NY-0197,United States of America v. New York City Board of Education,Equal Employment,Yes,18,125246,123606,123549
train,EE-NC-0024,"EEOC v. COTT BEVERAGES USA, INC.",Equal Employment,No,3,3651,3513,3523
train,EE-TX-0428,United States v. H.N. McElroy and Harris County,Equal Employment,No,4,7464,7404,7393
train,PN-IL-0022,Illinois v. City of Chicago,Policing,No,9,356655,352939,352810
train,EE-CA-0068,EEOC v. CALPINE CORPORATION,Equal Employment,No,3,2852,2782,2788
train,IM-VA-0004,Aziz v. Trump,Immigration and/or the Border ,Yes,57,338928,329580,329730
train,FA-IN-0005,University of Notre Dame v. Sebelius,Speech and Religious Freedom,No,10,64624,63844,63833
train,EE-DC-0042,Aliotta v. Gruenberg,Equal Employment,Yes,11,77130,76648,76560
train,FA-DC-0003,Belmont Abbey College v. Sebelius [I],Speech and Religious Freedom,No,8,25865,25265,25268
train,FH-KY-0002,Miller v. Countrywide,Fair Housing/Lending/Insurance,Yes,9,27315,26885,26876
train,PN-NY-0036,Goodman v. City of New York,Policing,No,4,12577,12417,12419
train,IM-NY-0068,Asylum Seeker Advocacy Project v. Barr,Immigration and/or the Border ,No,4,21130,20570,20567
train,JC-TX-0005,"Castillo v. Cameron County, TX",Jail Conditions,Yes,12,32989,32901,32904
train,EE-NM-0025,EEOC v. HONSTEIN OIL CO (d/b/a CHEVRON EXPRESS),Equal Employment,No,4,8610,8610,8614
train,EE-CA-0277,Butler v. Home Depot,Equal Employment,Yes,6,73483,73483,73423
train,ED-MD-0005,Council of Parent Attorneys and Advocates (COPAA) v. DeVos,Education,No,3,11053,10741,10745
train,IM-CA-0110,Center for Investigative Reporting v. U.S. Department of Homeland Security,Immigration and/or the Border ,No,3,6889,6689,6696
train,PN-DC-0007,Chang v. US,Policing,No,29,161331,160281,160288
train,IM-DC-0016,United Farm Workers v. Department of Labor,Immigration and/or the Border ,No,6,10743,10523,10524
train,EE-FL-0023,EEOC v. CEDARS HEALTHCARE GROUP dba COLUMBIA CEDARS,Equal Employment,No,7,13173,12959,12966
train,PC-NY-0073,Allen v. New York State Department of Corrections and Community Supervision,Prison Conditions,Yes,2,56781,55431,55430
train,PR-CA-0006,Sierra Club v. Trump,Presidential/Gubernatorial Authority,No,2,14599,14279,14291
train,CW-CA-0003,California Alliance of Child and Family Services v. Wagner,Child Welfare,No,6,16910,16910,16927
train,IM-WA-0002,Ali v. Ashcroft,Immigration and/or the Border ,Yes,12,48634,48294,48298
train,DR-NM-0001,U.S. v. New Mexico,Disability Rights-Pub. Accom.,No,4,11226,11122,11121
train,CW-MI-0002,Dumont v. Lyon,Child Welfare,No,8,56651,55853,55889
train,IM-MD-0011,Ndambi v. CoreCivic,Immigration and/or the Border ,Yes,5,17925,17395,17401
train,PN-TN-0002,Cole v. Memphis,Policing,Yes,10,68986,68536,68528
train,EE-MD-0001,"EEOC v. A E SWEENEY MASONRY, INC.",Equal Employment,No,4,7338,7141,7143
train,PN-NY-0025,Sultan v. Kelly,Policing,No,3,5770,5560,5564
train,PC-WA-0002,Hallett v. Payne,Prison Conditions,Yes,7,50694,50408,50411
train,PR-DC-0017,Marouf v. Azar,Presidential/Gubernatorial Authority,No,6,27081,26191,26186
train,JI-LA-0013,N.H. ex rel J.H. v. Edwards,Juvenile Institution,Yes,14,234918,229831,229479
train,EE-PA-0013,"EEOC v. ENCOMPASS INSURANCE, INC.",Equal Employment,No,6,8473,8473,8474
train,IM-CA-0147,Fraihat v. U.S. Immigration and Customs Enforcement,Immigration and/or the Border ,Yes,49,842827,817672,817148
train,EE-TX-0245,"EEOC v. NBC Management, Inc. (I)",Equal Employment,No,3,3959,3959,3960
train,EE-TX-0429,"United States of America v. City of Garland, Texas",Equal Employment,No,3,35309,34785,34880
train,PC-CA-0074,Lira v. Director of Corrections,Prison Conditions,No,12,146961,145724,145666
train,IM-OR-0011,University of Oregon v. United States Department of Homeland Security,Immigration and/or the Border ,No,5,44413,43123,43121
train,CW-WI-0001,Jeanine B. v. Doyle,Child Welfare,Yes,19,78376,78086,78067
train,PC-NM-0007,Slevin v. Board of County Commissioners of Dona Ana County,Prison Conditions,No,5,22412,21902,21903
train,EE-IL-0029,"EEOC v. BOB WATSON CHEVROLET, INC.",Equal Employment,No,5,9461,9433,9431
train,EE-AZ-0085,"EEOC v. Pinnacle Nissan, Inc.",Equal Employment,No,6,26651,26651,26662
train,EE-MN-0002,"EEOC v. AMERICA'S BEST CONTACTS AND EYEGLASSES, INC.",Equal Employment,No,3,2922,2872,2873
train,JC-WA-0006,"United States v. King County, Washington",Jail Conditions,No,6,16387,16301,16295
train,PB-ND-0001,Ramsey v. Dalrymple,Public Benefits / Government Services,No,4,19916,19356,19366
train,EE-NC-0087,EEOC v. QUALITY SPRINKLER CO INC,Equal Employment,No,3,3123,3123,3129
train,VR-MI-0077,SawariMedia LLC v. Whitmer,Election/Voting Rights,No,13,49465,47791,47824
train,EE-WA-0043,EEOC v. LA MEXICANA INC,Equal Employment,No,8,9679,9489,9507
train,EE-FL-0039,EEOC v. Dias Landscapes,Equal Employment,No,3,6315,6219,6226
train,EE-NJ-0071,EEOC v. OAK LANE PRINTING,Equal Employment,No,5,12199,11999,12002
train,PN-GA-0005,Castro-Torres v. Lignitz,Policing,No,2,7792,7502,7506
train,CW-AZ-0001,J.K. v. Eden,Child Welfare,Yes,27,100114,96608,96607
train,IM-CA-0099,Garcia v. United States of America,Immigration and/or the Border ,No,9,111561,110085,110125
train,JC-IN-0019,Kress v. CCA of Tennessee,Jail Conditions,Yes,13,42489,41959,41962
train,FH-AL-0006,United States v. Compass Bank,Fair Housing/Lending/Insurance,No,4,6517,6277,6287
train,CJ-MO-0009,Van Orden v. Schafer,Criminal Justice (Other),Yes,16,192428,192410,192533
train,PB-SC-0002,Hickey v. Forkner,Public Benefits / Government Services,No,5,9452,9336,9337
train,CJ-TX-0010,O'Donnell v. Harris County,Criminal Justice (Other),Yes,27,362557,359241,359236
train,DR-CO-0016,Hollonbeck v. U.S. Olympic Committee,Disability Rights-Pub. Accom.,No,15,104958,104420,104452
train,CJ-GA-0010,Edwards v. Red Hills Community Probation,Criminal Justice (Other),Yes,3,12848,12308,12304
train,SD-KY-0001,"Meredith, Custodial Parent and Next Friend of McDonald v. Jefferson County Bd. of Ed",School Desegregation,No,9,85663,85553,85458
train,PN-NY-0050,Uniformed Fire Officers Association v. DeBlasio,Policing,No,28,90620,88684,88786
train,EE-MO-0102,United States v. Robertson Fire Protection District,Equal Employment,No,3,4615,4615,4620
train,IM-DC-0032,National Association for the Advancement of Colored People v. Trump,Immigration and/or the Border ,No,13,113564,111484,111314
train,NS-CA-0024,American Civil Liberties Union of Hawai'i v. U.S. Department of Homeland Security,National Security,No,11,23560,22996,22964
train,SD-WA-0001,Parents Involved In Community Schools v. Seattle School District No. 1,School Desegregation,No,13,177786,177560,177345
train,JC-CA-0023,"Gallagher v. San Mateo County, California",Jail Conditions,Yes,8,42072,40850,40765
train,EE-MS-0029,"EEOC v. Hill Brothers Construction & Engineering Company, Inc.",Equal Employment,No,11,16386,16052,16057
train,JC-MT-0002,Laurna Chief Goes Out v. Missoula County,Jail Conditions,Yes,7,21849,21129,21155
train,EE-GA-0089,EEOC v. TRANSPORTATION SOLUTIONS INC,Equal Employment,No,5,6919,6919,6938
train,PB-NY-0020,Joseph S. v. Hogan,Public Benefits / Government Services,No,7,104896,102456,102448
train,CJ-CA-0014,Gilman v. Brown,Criminal Justice (Other),Yes,29,130776,129971,129956
train,EE-MD-0065,EEOC v. KFC U.S. PROPERTIES d/b/a KFC,Equal Employment,No,5,5355,5339,5329
train,DR-MA-0008,Sampson v. Beth Israel Deaconess Medical Center,Disability Rights-Pub. Accom.,No,5,27952,27554,27572
train,EE-NC-0076,EEOC v. NATIVE ANGELS HOMECARE AGENCY INC,Equal Employment,No,3,4769,4593,4590
train,EE-FL-0089,EEOC v. Norstan Apparel Shops,Equal Employment,No,12,28056,27588,27611
train,EE-NM-0002,EEOC v. AIRBORNE EXPRESS,Equal Employment,No,10,39519,39519,39563
train,PN-NC-0003,NAACP v. Peterman,Policing,No,10,54176,52104,52102
train,JC-CA-0121,Estate of Prasad v. County of Sutter,Jail Conditions,No,5,72415,69833,69828
train,EE-LA-0110,Kramer v. New Orleans Saints,Equal Employment,Yes,12,20861,20235,20238
train,IM-DC-0062,Kiakombua v. McAleenan,Immigration and/or the Border ,No,6,53480,51700,51692
train,JC-MO-0015,Mangan v. Christian County,Jail Conditions,Yes,7,5742,5522,5525
train,EE-IL-0314,"EEOC v. Clarice's Home Care Services, Inc.",Equal Employment,No,5,7641,7581,7583
train,IM-NJ-0009,Gayle v. Napolitano,Immigration and/or the Border ,Yes,4,32384,31662,31666
train,IM-DC-0018,American Immigration Council v. U.S. Department of Homeland Security,Immigration and/or the Border ,No,9,48501,44733,44705
train,PB-WY-0002,Guzzo v. Mead,Public Benefits / Government Services,No,7,30910,29726,29725
train,PC-ID-0012,Edmo v. Idaho Department of Correction,Prison Conditions,No,16,166207,162447,162461
train,EE-FL-0030,EEOC v. CENTENNIAL IMPORTS,Equal Employment,No,4,12180,12120,12122
train,PH-NY-0004,Heyer v. New York City Housing Authority and Bennett v. New York City Housing Authority,Public Housing,Yes,8,18039,17619,17645
train,PB-DC-0008,Electronic Privacy Information Center v. United States Dep't of Commerce,Public Benefits / Government Services,No,7,146404,142011,141802
train,EE-FL-0160,NAACP Jacksonville Branch v. Consolidated City of Jacksonville,Equal Employment,Yes,7,26360,25450,25445
train,PB-OK-0002,Fisher v. Oklahoma Health Care Authority,Public Benefits / Government Services,No,9,34598,33986,33931
train,IM-CA-0003,Santillan v. Mukasey,Immigration and/or the Border ,Yes,13,81595,81575,81602
train,NS-DC-0079,Electronic Frontier Foundation v. Department of Justice,National Security,No,4,10922,10622,10622
train,IM-CA-0033,Woods v. Myers,Immigration and/or the Border ,Yes,9,53312,52250,52193
train,ED-OK-0007,Singleton v. McIntosh County School District No. 1,Education,No,3,6680,6592,6600
train,EE-IL-0226,EEOC v. TOWN AND COUNTRY CREDIT CORP.,Equal Employment,No,3,4112,4112,4110
train,EE-NC-0093,"EEOC v. Ryan's Family Steak Houses, Inc.",Equal Employment,No,4,6680,6680,6681
train,EE-MD-0103,EEOC v. RMAX SERVICES,Equal Employment,No,5,6726,6726,6748
train,PC-AZ-0022,Nielson v. Shinn,Prison Conditions,Yes,3,19279,18699,18675
train,EE-MA-0016,EEOC v. WASHINGTON GROUP INTERNATIONAL,Equal Employment,No,5,14361,14111,14113
train,IM-CA-0017,Catholic Charities v. Chertoff,Immigration and/or the Border ,Yes,8,59179,58859,58920
train,IM-DC-0034,Garza v. Hargan,Immigration and/or the Border ,Yes,56,241417,235869,235694
train,PN-PR-0001,United States v. Puerto Rico,Policing,No,38,793059,774439,774040
train,VR-ND-0005,Self Advocacy Solutions v. Jaeger,Election/Voting Rights,No,11,118298,114246,114191
train,ID-WI-0001,U.S. v. Wisconsin,Intellectual Disability (Facility),No,4,24546,24546,24558
train,EE-PA-0142,EEOC v. RICE COHEN INTERNATIONAL,Equal Employment,No,3,4421,4421,4421
train,CJ-LA-0003,George v. Louisiana Department of Public Safety and Corrections,Criminal Justice (Other),No,10,90549,89625,89641
train,ID-PA-0007,U.S. v. Pennsylvania,Intellectual Disability (Facility),Yes,13,39011,38931,38939
train,JC-PA-0020,Bowers v. City of Philadelphia,Jail Conditions,Yes,10,63663,62773,62755
train,JI-PA-0007,Wallace v. Powell/H.T. v. Ciavarella,Juvenile Institution,Yes,31,377891,374951,374768
train,PC-VT-0003,Bock v. Gold,Prison Conditions,No,9,18627,18587,18579
train,JC-IL-0042,Parish v. Sheriff of Cook County,Jail Conditions,Yes,10,58741,58249,58249
train,PB-VT-0002,Jimmo v. Sebelius,Public Benefits / Government Services,Yes,10,67398,65518,65452
train,JC-AZ-0010,Garcia v. Santa Cruz County,Jail Conditions,Yes,3,16149,15691,15692
train,EE-MS-0061,Cook v. Howard Industries,Equal Employment,Yes,6,18646,18202,18202
train,EE-IN-0124,United States v. Indianapolis,Equal Employment,No,8,24504,24094,24095
train,EE-NC-0129,EEOC v. GEORGIA PACIFIC,Equal Employment,No,6,9276,8878,8887
train,PB-CA-0018,"California Medical Transportation Association, Inc. v. Shewry",Public Benefits / Government Services,No,3,13841,13391,13403
train,PN-IL-0027,Chicagoans for an End to the Gang Database v. Chicago,Policing,Yes,5,25333,25041,25042
train,EE-IL-0179,"EEOC v. PRESS REPUBLICAN NEWSPAPERS, INC. & LIBERTY GROUP SUBURBAN NEWSPAPERS, INC.",Equal Employment,No,3,4932,4932,4965
train,CJ-TN-0004,Johnson v. Little,Criminal Justice (Other),No,10,18768,18088,18096
train,IM-CA-0052,Chang v. U.S.,Immigration and/or the Border ,Yes,15,269387,267771,267475
train,PC-MS-0008,Big House Books v. Hall,Prison Conditions,No,3,2510,2430,2432
train,EE-PA-0217,Romero v. Allstate Insurance,Equal Employment,Yes,27,578923,574573,574579
train,FA-MI-0013,The Ave Maria Foundation v. Sebelius,Speech and Religious Freedom,No,8,47162,47162,47196
train,EE-WA-0128,Hall v. BNSF Railway,Equal Employment,No,4,23799,23289,23306
train,EE-NM-0034,"EEOC v. MONK'S INC., d/b/a INTERNATIONAL HOUSE OF PANCAKES",Equal Employment,No,3,4504,4488,4508
train,EE-CA-0140,EEOC v. MERCED COUNTY COMMUNITY ACTION AGENCY,Equal Employment,No,3,2037,2037,2042
train,PB-PA-0012,Whitewood v. Corbett,Public Benefits / Government Services,No,6,49504,48404,48464
train,PB-MA-0010,McLaughlin v. Panetta,Public Benefits / Government Services,No,6,23907,23475,23482
train,EE-TN-0003,EEOC v. AFG INDUSTRIES INC,Equal Employment,No,4,4275,4215,4220
train,EE-NY-0103,EEOC v. MID-STATE MANAGEMENT CORP. & FELGREN PAYROLL CORP,Equal Employment,No,2,5225,5225,5227
train,EE-PA-0164,"EEOC v. ORIGINAL HOT DOG SHOP, INC.",Equal Employment,No,6,13480,13060,13061
train,DR-RI-0004,United States v. Rhode Island and City of Providence,Disability Rights-Pub. Accom.,No,15,175727,171333,171547
train,DR-MA-0005,National Association of the Deaf v. Netflix,Disability Rights-Pub. Accom.,No,13,66332,64136,64082
train,IM-OR-0009,Doe v. Trump,Immigration and/or the Border ,Yes,9,136424,132334,132299
train,EE-GA-0065,EEOC v. OGLETHORPE UNIVERSITY INC,Equal Employment,No,4,10596,10302,10323
train,IM-CA-0056,Hootkins v. Chertoff,Immigration and/or the Border ,Yes,8,79788,78102,78148
train,FA-DC-0002,Wheaton College v. Sebelius,Speech and Religious Freedom,No,9,31818,30908,30808
train,PC-MA-0036,Nunes v. UMass Correctional Health,Prison Conditions,No,12,55001,53627,53645
train,IM-AL-0007,Parsley v. Bentley,Immigration and/or the Border ,No,5,22970,22273,22272
train,EE-CA-0129,EEOC v. LEXUS OF SERRAMONTE & SONIC AUTO,Equal Employment,No,9,21602,21004,21007
train,JI-MD-0001,Melvin C. v. Shilling,Juvenile Institution,Yes,3,18905,18845,18853
train,EE-MD-0152,United States v. Baltimore County,Equal Employment,No,4,27174,26294,26265
train,PB-MD-0009,Amador v. Mnuchin,Public Benefits / Government Services,Yes,5,31459,31045,31042
train,NS-DC-0092,American Civil Liberties Union v. Department of Justice,National Security,No,4,61163,58939,59093
train,EE-CA-0037,EEOC v. Borland Software Corporation,Equal Employment,No,4,4516,4386,4394
train,EE-NY-0190,U.S.A. v. City of New York,Equal Employment,No,8,64115,63254,63212
train,FH-CA-0006,Williams v. City of Antioch,Fair Housing/Lending/Insurance,Yes,7,53604,52854,52830
train,FA-WI-0001,Freedom from Religion Foundation v. Geithner,Speech and Religious Freedom,No,6,27550,27370,27441
train,PN-IL-0025,Chicago Freedom School v. Chicago,Policing,No,4,12431,12211,12213
train,PC-CO-0035,Nellson v. Barnhart,Prison Conditions,Yes,12,75546,72106,71897
train,PC-MI-0006,Knop v. Johnson,Prison Conditions,Yes,16,123001,123001,122941
train,FH-MN-0002,Jones et al. v. City of Faribault,Fair Housing/Lending/Insurance,No,6,76063,72557,72573
train,IM-MS-0002,"Salinas-Rodriguez v. Alpha Services, Inc.",Immigration and/or the Border ,Yes,5,12918,12698,12698
train,EE-NM-0039,"EEOC v. PVNF, LLC d/b/a/ Chuck Daggett Motors",Equal Employment,No,11,29547,29507,29521
train,EE-NV-0035,EEOC v. Scolari Warehouse Markets,Equal Employment,No,7,42225,41767,41884
train,CJ-MO-0004,Doe v. Nixon,Criminal Justice (Other),No,21,55957,55957,55980
train,PB-AL-0010,Hedgepeth v. Davis,Public Benefits / Government Services,No,5,4305,4255,4254
train,EE-MO-0112,Wooten v. Dillard's Inc.,Equal Employment,Yes,11,29263,28293,28305
train,EE-FL-0041,EEOC v. Denny'S,Equal Employment,No,4,9104,8752,8754
train,JC-MS-0007,U.S. v. Alcorn County,Jail Conditions,No,5,12143,12131,12147
train,PC-GA-0011,Fluellen v. Wetherington,Prison Conditions,Yes,4,27770,27706,27698
train,IM-DC-0040,Government Accountability Project v. U.S. Department of Homeland Security,Immigration and/or the Border ,No,9,10909,10557,10549
train,EE-TX-0177,EEOC v. ISSARA SEAFOOD dba BAYTOWN SEAFOOD,Equal Employment,No,3,5227,5227,5232
train,EE-FL-0003,EEOC v. ALLIED PLASTICS CO INC,Equal Employment,No,7,16757,16633,16644
train,IM-DC-0046,Southern Poverty Law Center v. U.S. Department of Homeland Security,Immigration and/or the Border ,No,10,264034,256360,256251
train,EE-NM-0010,EEOC v. BCI Coca-Cola Bottling Company,Equal Employment,No,10,40132,40132,40128
train,EE-MD-0083,EEOC v. NEW YORK FASHIONS,Equal Employment,No,3,2350,2350,2348
train,EE-AR-0046,"EEOC v. SOUTHWESTERN BELL TELEPHONE, L.P. DBA A.T. & T. SOUTHWEST AN",Equal Employment,No,6,7622,7622,7633
train,EE-IL-0259,"EEOC v. Mitsubishi Motor Manufacturing of America, Inc",Equal Employment,Yes,13,72889,72741,72696
train,EE-FL-0117,EEOC v. UNITED HEALTHCARE OF FLORIDA INC,Equal Employment,No,6,18677,18385,18397
train,PH-FL-0001,Reese v. Miami-Dade County,Public Housing,Yes,7,48416,47660,47705
train,PB-VA-0007,Stinnie v. Holcomb,Public Benefits / Government Services,Yes,10,77632,75292,75316
train,EE-NC-0056,EEOC v. K-MART CORPORATION,Equal Employment,No,3,2932,2804,2807
train,EE-TN-0079,EEOC v. MILAN BOX CORPORATION,Equal Employment,No,2,3801,3659,3656
train,PC-NY-0081,Harper v. Cuomo,Prison Conditions,Yes,7,95281,92471,92346
train,EE-TX-0189,EEOC v. Kasper Wire Works,Equal Employment,No,3,7354,7354,7351
train,IM-CA-0070,Abadia-Peixoto v. DHS,Immigration and/or the Border ,Yes,6,50893,50893,50871
train,PR-DC-0001,The Protect Democracy Project v. U.S. Department of Energy,Presidential/Gubernatorial Authority,No,3,9301,9051,9051
train,EE-CA-0119,EEOC v. Kovacevich 5 Farms,Equal Employment,Yes,7,39234,39170,39130
train,IM-DC-0027,Universal Muslim Association of America v. Trump,Immigration and/or the Border ,No,21,292155,280913,280768
train,JC-NY-0045,Kahler v. Rensselaer County,Jail Conditions,Yes,10,57625,57625,57615
train,EE-WI-0005,"EEOC v. AREA ERECTORS, INC.",Equal Employment,No,7,21392,21020,21082
train,EE-CA-0288,Satchell v. Federal Express Corp.,Equal Employment,Yes,38,255950,252884,252768
train,DR-CO-0014,Ehman v. Home Builders Ass'n of Metro. Denver,Disability Rights-Pub. Accom.,Yes,3,10602,10602,10603
train,IM-CA-0137,East Bay Sanctuary Covenant v. Trump,Immigration and/or the Border ,No,5,65599,64069,64099
train,FA-CO-0004,Armstrong v. Sebelius,Speech and Religious Freedom,No,9,19605,19145,19142
train,EE-NY-0255,Mitchell v. Metropolitan Life Insurance,Equal Employment,Yes,19,140679,140679,140275
train,EE-TX-0058,EEOC v. BROWNFIELD MOTORPLEX,Equal Employment,No,3,5087,4987,4984
train,PB-TX-0008,McNosky v. Perry,Public Benefits / Government Services,No,3,4609,4529,4535
train,PC-MA-0038,Kosilek v. Spencer,Prison Conditions,No,14,120546,120174,120186
train,EE-MI-0202,"EEOC v. R.G. & G.R. Harris Funeral Homes, Inc.",Equal Employment,No,25,299918,299890,299892
train,EE-TX-0261,Equal Employment Opportunity Commission v. Bellair Cleaners Inc.,Equal Employment,No,6,5684,5684,5690
train,IM-CA-0157,State of California v. U.S. Department of Homeland Security,Immigration and/or the Border ,No,8,141315,138946,138978
train,PN-IL-0004,"Ledford v. City of Highland Park, Illinois",Policing,Yes,4,10543,10483,10491
train,IM-CO-0002,Soskin v. Reinertson,Immigration and/or the Border ,Yes,6,36774,36662,36644
train,EE-MD-0134,"United States of America v. Prince George's County, Maryland",Equal Employment,No,3,9321,9321,9321
train,NS-MI-0001,Cherri v. Mueller,National Security,No,8,48986,48986,48996
train,IM-IL-0022,City of Evanston v. Sessions,Immigration and/or the Border ,No,5,41147,40787,40797
train,FH-CA-0011,"Ramirez v. Greenpoint Mortgage Funding, Inc.",Fair Housing/Lending/Insurance,Yes,9,49412,49412,49412
train,PB-IN-0008,Lee v. Pence,Public Benefits / Government Services,No,8,40493,40313,40342
train,CJ-FL-0005,Johnson v. Bush,Criminal Justice (Other),Yes,8,78129,77925,77832
train,IM-DC-0052,American Immigration Council v. U.S. Immigration and Customs Enforcement,Immigration and/or the Border ,No,4,15759,15299,15304
train,JI-WI-0004,J.J. v. Litscher,Juvenile Institution,Yes,12,128767,127455,127481
train,VR-NY-0350,Hayden v. Pataki,Election/Voting Rights,Yes,8,84501,84501,84429
train,FA-IL-0003,ACLU of Illinois v. Alvarez,Speech and Religious Freedom,No,13,51367,50759,50752
train,EE-OH-0093,Luke v. Cleveland,Equal Employment,Yes,12,57676,57452,57479
train,EE-NY-0074,"EEOC v. HOME DEPOT U.S.A., INC.",Equal Employment,No,4,7159,7123,7121
train,EE-SC-0053,Brown v. Pennington,Equal Employment,No,5,4514,4466,4466
train,PN-MI-0005,Letten v. Hall,Policing,No,5,11408,11278,11286
train,PC-TX-0014,Prison Legal News v. Livingston,Prison Conditions,No,10,47369,47201,47194
train,PN-MI-0012,McCadden v. Flint,Policing,No,7,18917,18623,18635
train,EE-DE-0014,EEOC v. INTERNATIONAL LONGSHOREMAN'S ASSOCIATION LOCAL 1694,Equal Employment,No,3,4992,4992,4994
train,FA-CO-0003,Newland v. Sebelius,Speech and Religious Freedom,No,9,39717,38627,38592
train,PC-TX-0015,Prison Legal News v. Betterton,Prison Conditions,No,6,20325,19795,19801
train,EE-KY-0030,"EEOC v. Wal-Mart Stores, Inc.",Equal Employment,No,21,155708,153388,153390
train,PC-TX-0008,Johnson v. Wathen,Prison Conditions,No,22,95871,95435,95482
train,VR-TX-0449,Texas Democratic Party v. Abbott,Election/Voting Rights,No,22,178175,172777,172812
train,EE-SC-0051,"EEOC v. John Q Hammons Hotels, Inc",Equal Employment,No,5,8407,8327,8339
train,ED-WV-0001,Doe v. Wood County Board of Education,Education,No,6,23459,23199,23202
train,PN-CA-0048,Angell v. Oakland,Policing,Yes,5,21879,21175,21187
train,PC-CA-0002,Coleman v. Brown,Prison Conditions,Yes,113,2332663,2284302,2283697
train,IM-CA-0098,City of San Jose v. Trump,Immigration and/or the Border ,No,22,132973,131121,131142
train,PB-CA-0002,Martinez v. Astrue,Public Benefits / Government Services,Yes,12,89643,88951,88907
train,EE-SC-0050,Brown v. Nucor Corporation,Equal Employment,Yes,14,180719,179287,178975
train,PN-NY-0019,Matthews v. City of New York,Policing,No,7,30509,30217,30206
train,EE-LA-0018,EEOC v. Conagra Poultry Company,Equal Employment,No,4,3387,3327,3332
train,NS-DC-0080,Electronic Frontier Foundation v. Department of Justice,National Security,No,5,27689,27099,27102
train,NS-DC-0084,Electronic Privacy Information Center v. Department of Justice,National Security,No,5,27575,27135,27142
train,JC-FL-0013,Parilla v. Eslinger,Jail Conditions,Yes,10,45208,43938,43928
train,PB-DC-0001,Coker v. Bowen,Public Benefits / Government Services,Yes,4,12856,12856,12863
train,JI-MD-0004,"USA v. Youth Services International, Inc.",Juvenile Institution,No,3,3448,3438,3450
train,IM-GA-0010,Colotl Coyotl v. Kelly,Immigration and/or the Border ,No,8,32400,31100,31120
train,FH-MA-0004,"Puello v. Citifinancial Services, Inc.",Fair Housing/Lending/Insurance,Yes,11,62014,60034,59976
train,EE-TX-0310,EEOC v. Regis Corporation,Equal Employment,No,9,13241,13241,13243
train,PB-AR-0003,Pediatric Specialty Care Inc. v. Arkansas Department of Human Services,Public Benefits / Government Services,No,18,91401,89512,89547
train,EE-OK-0029,EEOC v. JOHN PICKLE COMPANY,Equal Employment,No,10,58967,58961,58981
train,DR-CA-0032,Castaneda v. Burger King Corporation,Disability Rights-Pub. Accom.,Yes,28,198110,198026,197982
train,CJ-AL-0010,Reynolds v. Judicial Correction Services,Criminal Justice (Other),Yes,5,31310,30420,30422
train,IM-CA-0118,Muslim Advocates v. U.S. Department of Justice,Immigration and/or the Border ,No,5,28592,27780,27786
train,EE-CA-0355,Lee v. Hertz Corporation,Equal Employment,Yes,5,13301,13301,13300
train,EE-NY-0133,EEOC v. American Industrial Sales Corp,Equal Employment,No,3,7249,7141,7156
train,JC-CO-0011,Center for Legal Advocacy v. Marshall,Jail Conditions,No,20,126742,122400,122381
train,EE-TX-0158,"EEOC v. Midland Cardiovascular and Internal Medicine (""The Heart Center"")",Equal Employment,No,3,2947,2947,2956
train,PC-IN-0006,Taifa v. Bayh,Prison Conditions,Yes,18,104996,104906,104903
train,CJ-NY-0012,Trowbridge v. Cuomo,Criminal Justice (Other),Yes,7,64082,62013,62065
train,PN-PA-0014,Seeds of Peace Collective v. City of Pittsburgh Bureau of Police,Policing,No,7,23357,22987,22983
train,EE-CO-0068,"EEOC v. Oldcastle SW Group, Inc.",Equal Employment,No,8,18972,18304,18322
train,PN-CA-0026,K.L. v. City of Glendale,Policing,Yes,4,22598,22118,22130
train,EE-CA-0304,Syverson v. International Business Machines Corporation,Equal Employment,Yes,12,77997,77981,77958
train,VR-CA-0168,Republican National Committee v. Newsom,Election/Voting Rights,No,3,11671,11391,11405
train,CJ-CO-0002,G.G. v. Hickenlooper,Criminal Justice (Other),Yes,2,13125,12507,12511
train,EE-NC-0025,EEOC v. CROWDER CONSTRUCTION COMPANY,Equal Employment,No,11,16897,16897,16880
train,DR-CA-0055,Vallabhapurapu v. Burger King,Disability Rights-Pub. Accom.,Yes,7,111737,111501,111493
train,CJ-CA-0004,Morales v. Hickman,Criminal Justice (Other),No,59,644565,634838,634396
train,MH-MN-0001,Jensen v. Minnesota Department of Human Services,Mental Health (Facility),Yes,41,347735,337599,336921
train,PC-CA-0066,Rouser v. White,Prison Conditions,No,27,123026,120585,120597
train,NH-TN-0004,U.S. v. State of Tennessee,Nursing Home Conditions,No,3,4754,4664,4665
train,EE-NV-0027,"EEOC v. NV/GOLDEN WEST ADVERTISING, INC.",Equal Employment,No,3,6665,6267,6280
train,FA-NY-0009,National Family Planning and Reproductive Health Association v. Azar,Speech and Religious Freedom,No,4,77891,75641,75664
train,CJ-WA-0003,Rucker v. Spokane County,Criminal Justice (Other),Yes,6,16542,16338,16346
train,DR-CA-0037,Shields v. Walt Disney Parks and Resorts US,Disability Rights-Pub. Accom.,Yes,16,130312,127260,127555
train,PN-DC-0013,Horse v. District of Columbia,Policing,No,3,35855,34875,34890
train,EE-NV-0025,EEOC v. SUN CAB COMPANY INC (d/b/a NELLIS CAB COMPANY),Equal Employment,No,6,10696,10450,10454
train,PB-DC-0014,NAACP v. USPS,Public Benefits / Government Services,No,6,50156,48746,48720
train,PC-NY-0082,Chunn v. Edge,Prison Conditions,Yes,30,330700,320287,320222
train,NS-PA-0001,Rajcoomar v. Transportation Security Administration,National Security,No,3,2561,2541,2541
train,PC-UT-0004,Redmond v. Bigelow,Prison Conditions,Yes,6,30939,30367,30369
train,JC-ME-0006,Luciano v. Vitiello,Jail Conditions,No,5,5130,5126,5120
train,PB-AZ-0004,Majors v. Jeanes,Public Benefits / Government Services,No,7,53394,52244,52263
train,EE-CO-0046,"EEOC v. PROFESSIONAL TRANSIT MANAGEMENT LTD, LLC (d/b/a SPRINGS TRANSIT)",Equal Employment,No,5,8124,8092,8093
train,NS-DC-0109,Muslim Advocates v. U.S. Department of Homeland Security,National Security,No,3,5295,5185,5183
train,JC-IL-0008,Wilkes v. Sheahan,Jail Conditions,Yes,3,8666,8348,8351
train,EE-IL-0201,"EEOC v. Scientific Colors, Inc. d/b/a ""Apollo Colors""",Equal Employment,No,18,28750,28571,28534
train,NS-DC-0089,Electronic Privacy Information Center v. Department of Justice,National Security,No,3,3056,2946,2945
train,PC-NJ-0022,Riley v. Brown,Prison Conditions,Yes,11,68526,66264,66255
train,ID-PA-0002,Halderman v. Pennhurst,Intellectual Disability (Facility),Yes,47,398755,398755,398534
train,NS-NY-0005,Raza v. City of New York,National Security,No,6,50953,50453,50462
train,EE-TN-0068,"EEOC v. LOWE'S HOME CENTERS, INC.",Equal Employment,No,4,5721,5657,5662
train,FA-FL-0002,Miami for Peace v. Miami-Dade County,Speech and Religious Freedom,No,12,40723,39877,39915
train,PC-MA-0040,Baggett v. Ashe,Prison Conditions,Yes,5,30253,29563,29564
train,EE-FL-0084,EEOC v. Midnight Gambler Casino Cruises,Equal Employment,No,5,5122,5032,5042
train,EE-PA-0246,Foster v. City of Pittsburgh,Equal Employment,Yes,5,104788,101511,101549
train,EE-LA-0042,"EEOC v. JOE CHRISTIANA FOOD DISTRIBUTORS, I",Equal Employment,No,4,6557,6529,6535
train,EE-IL-0007,EEOC v. ALLIED VALVE INDUSTRIES,Equal Employment,No,4,3525,3465,3469
train,PB-NJ-0004,Disability Rights New Jersey v. Velez,Public Benefits / Government Services,No,10,47587,45567,45544
train,EE-IL-0135,"EEOC v. PJR Enterprises, Inc.",Equal Employment,No,3,4534,4534,4536
train,JC-MI-0003,Rose v. Saginaw County,Jail Conditions,Yes,25,78553,77381,77306
train,EE-MI-0118,EEOC v. Metro Specialties,Equal Employment,No,7,7275,7125,7121
train,IM-MD-0019,Dubon Miranda v. Barr,Immigration and/or the Border ,Yes,3,22311,21731,21732
train,FH-CA-0009,United States v. Luther Burbank Savings,Fair Housing/Lending/Insurance,No,5,48535,48345,48344
train,PN-OR-0006,Rosenblum v. John Does 1-10,Policing,No,7,30386,29436,29344
train,JC-IL-0055,Henry v. Hulett,Jail Conditions,Yes,10,62161,61865,61859
train,FH-GA-0002,United States v. Decatur Federal Savings & Loan Association,Fair Housing/Lending/Insurance,No,3,9013,8949,8971
train,PB-FL-0007,A.R. v. Dudek,Public Benefits / Government Services,Yes,19,146684,144866,144895
train,PC-FL-0012,"Brash v. Wexford Health Source, Inc.",Prison Conditions,No,8,16346,16286,16282
train,EE-NY-0087,EEOC v. LABOR READY,Equal Employment,No,3,8132,8128,8134
train,PB-LA-0005,Forum for Equality Louisiana v. Barfield,Public Benefits / Government Services,No,6,22126,21386,21398
train,JC-TX-0027,Sanchez v. Dallas County Sheriff,Jail Conditions,Yes,22,216834,209044,208781
train,FH-PA-0003,USAA Federal Savings Bank v. Pennsylvania Human Relations Commission,Fair Housing/Lending/Insurance,No,6,15734,15274,15268
train,EE-DC-0047,Quarles v. General Investment,Equal Employment,Yes,4,15807,15797,15772
train,EE-MI-0117,EEOC v. Meijer Stores Limited Partnership,Equal Employment,No,3,4950,4946,4948
train,PC-IN-0018,Carr v. Federal Bureau of Prisons,Prison Conditions,No,4,27331,26801,26803
train,EE-FL-0053,EEOC v. Fitness First,Equal Employment,No,13,17838,17442,17452
train,EE-TX-0468,Chapman v. Dell,Equal Employment,Yes,6,25741,25681,25699
train,NS-NY-0010,New York Times Company v. United States Department of Justice,National Security,No,5,63952,63532,63440
train,PR-DC-0018,New York v. Trump,Presidential/Gubernatorial Authority,No,7,51834,50034,49999
train,EE-MD-0085,EEOC v. NORTH AMERICA AVIATION SERVICES INC,Equal Employment,No,3,3707,3707,3707
train,IM-CA-0069,Dayo v. Napolitano,Immigration and/or the Border ,Yes,3,11520,11146,11138
train,NS-AZ-0001,ACLU of Arizona v. U.S. Department of Homeland Security,National Security,No,5,15059,14469,14468
train,PB-NY-0018,Strouchler v. Shah,Public Benefits / Government Services,Yes,12,54790,53538,53572
train,PC-CA-0051,Schilling v. TransCor America LLC,Prison Conditions,Yes,15,50847,50697,50707
train,PC-CT-0005,Doe v. Meachum,Prison Conditions,Yes,14,58149,58149,58153
train,PB-PA-0011,Benjamin v. Pennsylvania Department of Public Welfare,Public Benefits / Government Services,Yes,29,130708,126746,126713
train,JI-CA-0019,Suon v. County of Alameda,Juvenile Institution,Yes,5,18976,18710,18714
train,PC-OH-0035,Hanrahan v. Mohr,Prison Conditions,No,8,11500,11500,11497
train,DR-CA-0048,Communities Actively Living Independent and Free v. City of Los Angeles,Disability Rights-Pub. Accom.,Yes,10,102952,101224,101229
train,CJ-OK-0005,White v. Hesse,Criminal Justice (Other),Yes,2,51997,50377,50405
train,PB-PA-0007,Alexander v. Rendell,Public Benefits / Government Services,Yes,4,28139,27479,27497
train,EE-NC-0058,"EEOC v. KNIFE & FORK ON SHARON AMITY, INC.",Equal Employment,No,4,1491,1491,1492
train,IM-CA-0062,Aranas v. Napolitano,Immigration and/or the Border ,Yes,5,32051,31681,31694
train,NS-DC-0004,Ali v. Rumsfeld,National Security,No,7,106110,105230,105204
train,PB-WA-0006,M.R. v. Dreyfus,Public Benefits / Government Services,Yes,9,128096,126646,126674
train,FH-FL-0003,United States v. Cairns,Fair Housing/Lending/Insurance,No,3,7817,7587,7600
train,PC-LA-0020,Gumns v. Edwards,Prison Conditions,Yes,13,179033,175641,175588
train,IM-CO-0010,Hagig v. Trump,Immigration and/or the Border ,Yes,10,102181,96440,96411
train,NS-DC-0081,Electronic Frontier Foundation v. Department of Justice,National Security,No,8,18480,18080,18074
train,IM-CA-0072,Tartakovsky v. Pierre,Immigration and/or the Border ,Yes,5,18331,17925,17936
train,JI-LA-0006,Brian B. v. Stalder,Juvenile Institution,Yes,10,104211,103537,103544
train,EE-ID-0020,"EEOC v. Life Care Centers of America, Inc.",Equal Employment,No,3,4834,4822,4835
train,EE-DC-0062,"Kosen v. American Express Financial Advisors, Inc.",Equal Employment,Yes,5,37258,36058,36110
train,PA-CA-0004,Riddick v. Facebook,Public Accomm./Contracting,Yes,2,15252,14902,14867
train,EE-CA-0204,EEOC v. SIGNATURE FLIGHT SUPPORT CORPORATION,Equal Employment,No,5,3988,3888,3895
train,EE-PA-0034,"EEOC v. CACTUS-LANCASTER, LLC",Equal Employment,No,4,7590,7590,7594
train,FA-IL-0018,Elim Romanian Pentecostal Church v. Pritzker,Speech and Religious Freedom,No,15,113034,111374,111229
train,PN-DC-0005,Barham v. Ramsey,Policing,Yes,35,219681,214291,214295
train,JC-CA-0075,Pederson v. County of Plumas,Jail Conditions,Yes,5,11301,11031,11031
train,FA-DC-0024,Turner v. U.S. Agency for Global Media,Speech and Religious Freedom,No,6,90465,87695,87672
train,IM-NY-0075,Doe v. U.S. Immigration and Customs Enforcement,Immigration and/or the Border ,No,3,37105,36225,36236
train,PB-CA-0023,Sierra Medical Services Alliance v. Maxwell-Jolly,Public Benefits / Government Services,No,8,45165,44167,44149
train,PN-NY-0035,Crisp v. City of New York,Policing,No,4,19354,18892,18895
train,PN-ID-0001,Ashcroft v. Al-Kidd,Policing,No,39,413010,401225,400781
train,PN-NJ-0007,United States v. City of Newark,Policing,No,23,236909,231079,230917
train,IM-CA-0111,Center for Investigative Reporting v. U.S. Department of Homeland Security,Immigration and/or the Border ,No,3,4698,4558,4563
train,EE-CA-0075,EEOC v. DIVERSIFIED PARATRANSIT,Equal Employment,No,4,14307,14147,14151
train,JC-CA-0116,Mayfield v. Orozco,Jail Conditions,No,6,58686,57472,57497
train,PB-IL-0011,Lee v. Orr,Public Benefits / Government Services,Yes,6,20998,20798,20756
train,PB-SC-0004,Condon v. Haley,Public Benefits / Government Services,No,4,21654,21430,21442
train,PC-MI-0044,Doe v. Anderson,Prison Conditions,No,11,68547,67319,67332
train,JC-IN-0027,Huerta v. Ewing,Jail Conditions,Yes,10,36864,36114,36129
train,PB-CA-0022,California Hospital Association v. Maxwell-Jolly,Public Benefits / Government Services,No,3,23041,23013,23021
train,EE-AL-0066,EEOC v. R & J ENTERPRISES (d/b/a IHOP),Equal Employment,No,4,7404,7136,7138
train,IM-DC-0084,Common Cause v. Trump,Immigration and/or the Border ,No,5,81881,79401,79436
train,PB-NY-0017,Windsor v. United States,Public Benefits / Government Services,No,27,319223,318693,317841
train,EE-MO-0099,Lemons v. Pattonville-Bridgeton Fire Protection District,Equal Employment,No,4,14506,14244,14257
train,EE-PA-0121,Equal Employment Opportunity Commission v. Novartis Pharmaceuticals Corporation,Equal Employment,No,7,28738,28258,28269
train,PC-VI-0002,U.S. v. Virgin Islands,Prison Conditions,No,48,632042,622882,622906
train,PB-MS-0006,Alford v. Moulder,Public Benefits / Government Services,No,5,7166,7036,7033
train,DR-CA-0060,United States of America v. Humboldt County,Disability Rights-Pub. Accom.,No,4,17278,17008,17022
train,PB-AL-0003,Boyd v. Mullins,Public Benefits / Government Services,No,12,110288,105164,105303
train,MH-TN-0002,Brown v. Tennessee Department of Finance and Administration,Mental Health (Facility),No,13,60490,60103,60113
train,IM-WA-0021,Khoury v. Asher,Immigration and/or the Border ,Yes,7,45451,45081,45050
train,EE-CA-0070,"EEOC v. Cheap Tickets, Inc. d/b/a ""Cheap Tickets""",Equal Employment,No,5,23070,22561,22614
train,EE-MI-0155,EEOC v. SPEEDWAY SUPERAMERICA LLC,Equal Employment,No,4,9427,9427,9423
train,PC-CT-0015,Connecticut v. Northern Correctional Institution,Prison Conditions,No,11,33273,32855,32864
train,FH-MI-0006,United States v. Tel-Clinton Trailer Courts,Fair Housing/Lending/Insurance,No,3,8917,8917,8904
train,EE-KY-0014,EEOC v. Kentucky Conventional hotel Partners (d/b/a Louisville Marriott Downtown),Equal Employment,No,3,4975,4975,4985
train,PC-IN-0002,Anderson v. Bayh,Prison Conditions,Yes,12,43637,43637,43644
train,CW-NY-0009,Elisa W. v. City of New York,Child Welfare,Yes,9,191081,187207,187320
train,EE-IL-0309,Puffer v. Allstate Insurance Company,Equal Employment,Yes,9,53407,52435,52436
train,ED-NM-0002,Women's Liberation Front v. U.S. Department of Justice,Education,No,2,5351,5201,5201
train,EE-NC-0057,EEOC v. KERR DRUG INC,Equal Employment,No,3,3749,3749,3753
train,NS-IL-0003,United States v. Aws Mohammed Younis Al-Jayab,National Security,No,8,36160,35700,35760
train,DR-OR-0002,Association of Oregon Centers for Independent Living v. Oregon Department of Transportation,Disability Rights-Pub. Accom.,Yes,7,45100,43642,43713
train,IM-GA-0013,Abiala v. Barr,Immigration and/or the Border ,Yes,3,18633,18083,18088
train,PN-FL-0002,Occupy Ft. Meyers v. City of Ft. Meyers,Policing,No,6,59080,57142,57165
train,ID-OR-0001,U.S. v. Oregon,Intellectual Disability (Facility),Yes,15,44852,44740,44745
train,JC-NJ-0015,Jones v. Morris County Correctional Facility,Jail Conditions,No,7,12331,11742,11834
train,IM-MA-0021,Commonwealth of Massachusetts et al v. United States Department of Homeland Security,Immigration and/or the Border ,No,4,19590,18940,18950
train,EE-NY-0220,Krueger v. New York Telephone Co.,Equal Employment,Yes,5,26309,26309,26329
train,EE-NY-0253,Duling v. Gristede's Operating Corp.,Equal Employment,Yes,7,40486,40026,40061
train,ED-CA-0014,Cruz v. Alhambra School District,Education,Yes,11,68273,67131,67129
train,IM-MD-0006,Casa De Maryland v. U.S. Department of Homeland Security,Immigration and/or the Border ,No,10,156157,154947,155250
train,EE-TN-0044,EEOC v. Ford Motor Credit Company,Equal Employment,No,7,18496,18236,18259
train,PB-MI-0025,Guertin v. State of Michigan,Public Benefits / Government Services,Yes,9,114401,114098,114105
train,CJ-TN-0008,Thomas v. Haslam,Criminal Justice (Other),Yes,6,79917,77757,77763
train,JC-CA-0130,Babu v. Ahern (Babu v. County of Alameda),Jail Conditions,Yes,3,34240,33620,33623
train,CW-SD-0001,Oglala Sioux Tribe v. Van Hunnik,Child Welfare,Yes,9,60958,59238,59283
train,EE-MI-0120,"EEOC v. MID-AMERICAN GUNITE, INC.",Equal Employment,No,4,3067,3067,3064
train,NS-DC-0146,James Madison Project v. U.S. Department of Justice,National Security,No,17,132034,126404,126226
train,CJ-AL-0011,Cooper v. City of Dothan,Criminal Justice (Other),Yes,6,10269,9909,9907
train,CJ-OK-0001,Boltz v. Jones,Criminal Justice (Other),No,5,25332,24458,24473
train,JC-TX-0025,Reed-Veal v. Encinia,Jail Conditions,No,9,96432,94904,94908
train,EE-IA-0017,EEOC v. VON MAUR,Equal Employment,No,5,6846,6846,6848
train,CJ-AL-0017,Hunter v. Beshear,Criminal Justice (Other),Yes,8,56244,54204,54203
train,FH-OH-0012,United States v. Testa Family Enterprises,Fair Housing/Lending/Insurance,No,3,4347,4347,4352
train,EE-PA-0241,"Rupert v. PPG Industries, Inc.",Equal Employment,Yes,2,3376,3376,3377
train,EE-CA-0346,Hegar v. Panetta,Equal Employment,No,7,57418,56958,56932
train,ED-NY-0007,Ray M. v. Board of Education,Education,Yes,3,17859,17859,17890
train,EE-VA-0131,EEOC v. Lee's Food Corp. d/b/a Food Rite Community Supermarket,Equal Employment,No,3,2963,2843,2846
train,EE-CA-0208,EEOC v. SOUTHWEST AIRLINES,Equal Employment,No,4,6484,6364,6370
train,ED-SD-0001,Pedersen v. South Dakota High Sch.,Education,No,9,9918,9668,9672
train,JC-KS-0009,Prison Legal News v. Shawnee County,Jail Conditions,No,5,4157,3987,3984
train,FA-MO-0005,American Pulverizer Co. v. HHS,Speech and Religious Freedom,No,9,21266,20616,20597
train,PN-CT-0001,United States v. East Haven,Policing,No,16,319097,312217,312209
train,JC-CA-0029,Schaffer v. Alameda County,Jail Conditions,Yes,6,29929,29297,29262
train,DR-IL-0003,Council for Disability Rights v. City Of Chicago,Disability Rights-Pub. Accom.,No,7,17499,17317,17323
train,IM-PA-0003,Kaplan v. Chertoff,Immigration and/or the Border ,Yes,7,51203,50823,50844
train,JC-CA-0076,Doty v. County of Lassen,Jail Conditions,Yes,6,14098,14098,14101
train,ID-AR-0002,USA v. Arkansas,Intellectual Disability (Facility),No,12,314827,306535,306450
train,PN-NY-0018,Charles v. City of New York,Policing,No,5,35246,34866,34818
train,PC-NY-0058,Milstein v. Federal Bureau of Prisons,Prison Conditions,Yes,3,8174,8144,8149
train,CJ-MA-0001,Doe v. Patrick,Criminal Justice (Other),Yes,5,19714,19024,19026
train,PB-IN-0007,Bowling v. Pence,Public Benefits / Government Services,No,3,11756,11516,11550
train,IM-DC-0064,"Centro Presente, Inc. v. McAleenan",Immigration and/or the Border ,No,3,26970,26170,26178
train,PN-CO-0003,Abay v. Denver,Policing,Yes,8,13986,13466,13463
train,PB-GA-0006,Inniss v. Aderhold,Public Benefits / Government Services,Yes,5,28982,28302,28324
train,JC-WA-0005,Wells v. City of Seattle,Jail Conditions,No,5,17776,17776,17802
train,IM-CA-0040,Intl. Molders' v. INS,Immigration and/or the Border ,Yes,7,37139,37135,37132
train,IM-TX-0005,In re Hutto Family Detention Center,Immigration and/or the Border ,No,55,249236,246422,246269
train,PR-MD-0001,District of Columbia and Maryland v. Trump,Presidential/Gubernatorial Authority,No,8,98390,96610,96580
train,EE-IL-0204,EEOC v. SHERWIN-WILLIAMS CO,Equal Employment,No,3,3738,3730,3740
train,EE-MD-0109,"EEOC v. Sligo Creek Nursing & Rehabilitation Center, Inc.",Equal Employment,No,3,2898,2898,2893
train,FA-VA-0002,Media Research Center v. Sebelius,Speech and Religious Freedom,No,3,11027,10697,10698
train,IM-NY-0045,Families for Freedom v. Chertoff,Immigration and/or the Border ,No,6,31682,31682,31685
train,CW-NV-0002,Clark K. v. Guinn,Child Welfare,Yes,12,136204,132934,132951
train,PC-PA-0046,Abu-Jamal v. Wetzel,Prison Conditions,No,3,22150,21881,21867
train,EE-TN-0124,EEOC v. TRI-STATE SECURITY INC,Equal Employment,No,6,5869,5869,5901
train,FA-NC-0001,Alpha Iota Omega Christian Fraternity v. Moeser,Speech and Religious Freedom,No,5,35269,34159,34181
train,PB-PA-0021,Commonwealth v. Trump,Public Benefits / Government Services,No,12,106204,103934,103892
train,ED-NY-0017,National Law Center on Homelessness and Poverty v. State of New York,Education,Yes,6,59675,57916,57981
train,CJ-NC-0009,Allison v. Allen,Criminal Justice (Other),Yes,5,18433,17703,17706
train,EE-OH-0036,EEOC v. IBEW Local No. 998,Equal Employment,No,7,11551,11515,11543
train,PB-TX-0016,Planned Parenthood Center for Choice v. Abbott,Public Benefits / Government Services,No,20,250984,242544,242453
train,PC-IN-0022,Willis v. Indiana Dept. of Correction,Prison Conditions,Yes,8,28014,27504,27564
train,EE-IL-0325,Radmanovich v. Combined Ins. Co.,Equal Employment,Yes,5,26720,26400,26392
train,DR-CA-0031,Dominguez v. Schwarzenegger,Disability Rights-Pub. Accom.,Yes,57,235181,235025,235281
train,PC-CO-0032,MoonShadow v. Raemisch,Prison Conditions,No,4,21739,21050,21002
train,FH-TX-0010,United States v. Texas Champion Bank,Fair Housing/Lending/Insurance,No,4,7849,7661,7669
train,PC-LA-0014,Ball v. LeBlanc,Prison Conditions,No,26,196675,194027,194033
train,PB-HI-0002,Jackson v. Abercrombie,Public Benefits / Government Services,No,6,63095,61199,61224
train,PB-SC-0001,Peter B. v. Sanford,Public Benefits / Government Services,No,19,89684,88952,88963
train,EE-IL-0242,"EEOC v. United Parcel Service, Inc.",Equal Employment,No,3,4103,4099,4102
train,PB-UT-0004,Planned Parenthood Association of Utah v. Herbert,Public Benefits / Government Services,No,7,34613,33471,33460
train,EE-IL-0041,"EEOC v. Ceisel Masonry, Inc.",Equal Employment,Yes,6,18696,18302,18322
train,JC-GA-0029,"Williams v. Clinch County, GA",Jail Conditions,Yes,5,19974,19974,19941
train,EE-OH-0096,Bert v. AK Steel Corp.,Equal Employment,Yes,12,52130,52130,52128
train,EE-TX-0002,EEOC v. 7-ELEVEN INC,Equal Employment,No,3,3147,3131,3136
train,JC-UT-0002,Prison Legal News v. Millard County,Jail Conditions,No,4,5931,5915,5907
train,JI-CA-0022,Taggart v. Solano County,Juvenile Institution,Yes,5,11512,11512,11500
train,PN-NJ-0003,Barnes v. Camden Police Department,Policing,No,6,9443,9181,9169
train,EE-PA-0234,EEOC v. Northwest Savings Bank,Equal Employment,No,4,6241,6241,6240
train,JC-FL-0020,Reynolds v. Hall,Jail Conditions,Yes,11,48154,45886,45910
train,EE-TX-0363,"EEOC v. THE LIGHTHOUSE SUPPER CLUB, INC.",Equal Employment,No,4,4918,4906,4915
train,EE-TX-0375,EEOC v. TXI Operations,Equal Employment,No,5,14451,14451,14449
train,EE-OR-0012,Equal Employment Opportunity Commission v. Qwest Corporation,Equal Employment,No,9,33364,33041,33056
train,IM-CA-0101,Defenders of Wildlife v. Duke,Immigration and/or the Border ,No,2,9503,9243,9246
train,EE-MO-0070,"EEOC v. Roswil, Inc., d/b/a Price Cutter",Equal Employment,No,4,4429,4429,4437
train,EE-CT-0006,"Equal Employment Opportunity Comm v. David Lerner Assoc, Inc.",Equal Employment,No,6,13006,12910,12898
train,PC-CO-0019,Cunningham v. Federal Bureau of Prisons,Prison Conditions,Yes,8,210770,204117,204064
train,CJ-GA-0009,Jones v. Grady County,Criminal Justice (Other),Yes,7,41294,40314,40304
train,EE-ID-0017,EEOC v. J.R. SIMPLOT,Equal Employment,No,3,9931,9476,9481
train,EE-IL-0253,EEOC v. WHITEHALL HOTEL,Equal Employment,No,8,39073,39017,39062
train,EE-NC-0064,EEOC v. LSRWM CORP dba RWM CASTERS,Equal Employment,No,4,5384,5384,5393
train,CJ-MO-0006,Jenkins v. City of Jennings,Criminal Justice (Other),Yes,9,42909,42909,42890
train,EE-MI-0042,EEOC v. Crowne Plaza Hotel,Equal Employment,No,3,3764,3764,3769
train,EE-AZ-0102,EEOC v. SUNWEST FEDERAL CREDIT UNION,Equal Employment,Yes,4,8976,8946,8946
train,IM-CA-0105,Inland Empire Immigrant Youth Collective v. Duke,Immigration and/or the Border ,Yes,23,258696,251240,251230
train,ID-NY-0002,John S. v. Cuomo,Intellectual Disability (Facility),Yes,4,14403,14351,14419
train,IM-CA-0129,Teneng v. Trump,Immigration and/or the Border ,Yes,2,19891,19501,19501
train,EE-MD-0119,EEOC v. THE GREAT ATLANTIC & PACIFIC TEA COMPANY INC,Equal Employment,No,4,5197,5193,5199
train,PB-PA-0013,Palladino v. Corbett,Public Benefits / Government Services,No,6,13680,13320,13322
train,ID-RI-0001,Iasimone v. Garrahy,Intellectual Disability (Facility),Yes,8,12651,12651,12646
train,EE-UT-0002,EEOC v. AUTOLIV A S P,Equal Employment,No,4,6281,6281,6292
train,EE-CA-0254,EEOC v. VULCAN MATERIALS COMPANY,Equal Employment,No,9,18380,17880,17877
train,CJ-MD-0002,Baker v. Saar,Criminal Justice (Other),No,7,21023,21023,21068
train,CW-MA-0001,Connor B. v. Patrick,Child Welfare,Yes,9,101535,99055,99089
train,PN-MI-0009,ACLU of Michigan v. FBI,Policing,No,5,18239,18239,18241
train,EE-WA-0082,EEOC v. Sound Parking,Equal Employment,No,3,3405,3389,3398
train,PC-SD-0005,Lambertz-Brinkman v. Reisch,Prison Conditions,Yes,7,12457,12247,12260
train,PC-NY-0080,Ramsay-Nobles v. Keyser,Prison Conditions,No,6,43016,41716,41725
train,FA-MI-0010,MK Chambers Co. v. Sebelius,Speech and Religious Freedom,No,9,57631,57631,57590
train,PC-VT-0005,McGee v. Pallito,Prison Conditions,Yes,13,36386,35700,35939
train,PC-TX-0020,Passion Star a/k/a Zollicoffer v. Livingston,Prison Conditions,No,7,44712,43980,43979
train,NS-CA-0005,Center for Constitutional Rights v. Obama,National Security,No,4,16138,16138,16131
train,JC-TX-0022,De Luna v. Hidalgo County,Jail Conditions,Yes,6,62475,61713,61726
train,FA-CA-0007,Askins v. U.S. Department of Homeland Security,Speech and Religious Freedom,No,9,53668,52912,52904
train,PB-FL-0002,Prado-Steiman v. Bush,Public Benefits / Government Services,Yes,10,53130,52662,52705
train,PN-CT-0002,Chacon v. East Haven Police Department,Policing,No,4,21700,21154,21161
train,EE-UT-0014,EEOC v. Reid School Inc.,Equal Employment,No,3,5509,5310,5316
train,EE-IL-0240,"EEOC v. United Air Lines, Inc.",Equal Employment,No,3,4955,4955,4951
train,PC-PR-0001,Feliciano v. Parole Board of the Commonwealth of Puerto Rico,Prison Conditions,Yes,32,479730,479110,479053
train,EE-MS-0028,"EEOC v. HILL BROTHERS CONSTRUCTION AND ENGINEERING COMPANY, INC.",Equal Employment,No,4,2736,2712,2713
train,IM-GA-0007,Georgia Latino Alliance for Human Rights v. Deal,Immigration and/or the Border ,Yes,9,102284,99578,99493
train,EE-AZ-0036,"EEOC v. Coast Energy Management, Inc.",Equal Employment,No,3,11256,11176,11180
train,EE-FL-0013,EEOC v. Abc Pizza,Equal Employment,No,4,6720,6476,6472
train,EE-MD-0039,EEOC v. THE FULLERTON ANIMAL HOSPITAL,Equal Employment,No,5,4982,4982,4982
train,IM-NY-0009,National Council of La Raza v. Gonzales,Immigration and/or the Border ,No,8,80110,80074,79802
train,IM-DC-0057,Leopold v. U.S. Immigration and Customs Enforcement,Immigration and/or the Border ,No,2,2240,2180,2180
train,JC-IL-0048,United States v. Cook County,Jail Conditions,No,20,332753,327807,327808
train,CJ-MS-0002,"Thompson v. Moss Point, Mississippi",Criminal Justice (Other),Yes,4,7385,7185,7182
train,EE-WA-0132,Moussouris v. Microsoft Corporation,Equal Employment,Yes,8,86830,86330,86326
train,EE-MO-0009,EEOC v. Assured Quality Title Company,Equal Employment,No,4,5643,5583,5585
train,CJ-VA-0003,LeBlanc v. Mathena,Criminal Justice (Other),No,6,40911,39895,39887
train,EE-MN-0081,"Modtland v. Mills Fleet Farm Inc., D. Minn.",Equal Employment,No,3,6353,6353,6357
train,NS-NY-0006,Amnesty v. Clapper,National Security,No,8,92486,92056,92026
train,EE-AR-0026,"EEOC v. ISSA ENTERPRISES, INC. DBA THE COLORADO GRILL",Equal Employment,No,4,4999,4909,4909
train,JC-NM-0004,Lira v. Dona Ana County,Jail Conditions,Yes,5,33932,33558,33570
train,EE-CO-0020,EEOC v. Echostar Communications Corporation nka Dish Ltd.,Equal Employment,No,8,14591,14381,14360
train,EE-PA-0118,"EEOC v. NORTH AMERICAN CABLE EQUIPMENT, INC.",Equal Employment,No,3,2466,2466,2469
train,PB-CA-0005,Kincaid v. City of Fresno,Public Benefits / Government Services,Yes,30,136596,134186,134109
train,PB-KY-0006,Miller v. Davis,Public Benefits / Government Services,Yes,22,151023,150807,150809
train,FA-UT-0002,Brown v. Herbert,Speech and Religious Freedom,No,7,80419,78593,78571
train,EE-NJ-0108,United States of America v. University of Medicine and Dentistry of New Jersey,Equal Employment,No,3,3342,3342,3339
train,PC-FL-0031,Demler v. Inch,Prison Conditions,Yes,7,20083,19523,19525
train,EE-GA-0063,EEOC v. NEW ENGLAND LIFE INSURANCE COMPANY,Equal Employment,No,4,4575,4575,4580
train,CJ-LA-0002,Snow v. Lambert,Criminal Justice (Other),Yes,4,11694,11472,11368
train,PC-ID-0009,Castillon v. Correction Corporation of America,Prison Conditions,No,9,82547,80823,80825
train,ED-DC-0008,Council of Parents Attorneys and Advocates (COPAA) v. DeVos,Education,No,3,27769,26787,26800
train,IM-ME-0002,American Civil Liberties Union of Maine Foundation v. U.S. Department of Homeland Security,Immigration and/or the Border ,No,3,40684,39644,39645
train,PC-AR-0014,Holt v. Hobbs,Prison Conditions,No,26,63553,61937,62165
train,EE-CA-0343,"Narayan v. EGL, Inc.",Equal Employment,Yes,8,75556,74961,74941
train,CJ-NV-0001,American Civil Liberties Union of Nevada v. Masto,Criminal Justice (Other),No,15,73421,71971,71997
train,NS-ID-0001,Smith v. Obama,National Security,No,7,32930,32668,32640
train,IM-WA-0046,Flores Tejada v. Godfrey,Immigration and/or the Border ,Yes,9,34077,33327,33320
train,PC-MT-0008,Disability Rights Montana v. Opper,Prison Conditions,No,7,51539,49375,49384
train,DR-CA-0059,Blanks v. AMC Entertainment,Disability Rights-Pub. Accom.,Yes,3,19442,19272,19273
train,EE-NV-0030,EEOC v. PROSPECT AIRPORT SERVICES,Equal Employment,No,8,22784,22526,22523
train,PC-IL-0032,Lippert v. Godinez,Prison Conditions,Yes,18,1042390,1035727,1035656
train,PC-CO-0024,Sardakowski v. Clements,Prison Conditions,No,7,66023,64433,64449
train,EE-NJ-0074,EEOC v. PORT ELIZABETH TERMINAL & WAREHOUSE,Equal Employment,No,4,5643,5441,5445
train,EE-IN-0025,EEOC v. City of Indianapolis,Equal Employment,No,6,6491,6491,6508
train,EE-TX-0334,EEOC v. SPHERION STAFFING GROUP AGENCY,Equal Employment,No,4,13544,13164,13183
train,EE-WA-0080,"EEOC v. RLS Inc., d/b/a ""SEBO's Do-It-Center""",Equal Employment,No,6,7137,7137,7142
train,DR-MA-0006,National Association of the Deaf v. Harvard University,Disability Rights-Pub. Accom.,Yes,7,59141,57551,57567
train,EE-AK-0006,"EEOC v. UNITED FREIGHT & TRANSPORT, INC.",Equal Employment,No,5,6592,6272,6270
train,IM-CA-0096,State of California v. Department of Homeland Security,Immigration and/or the Border ,No,15,182673,179501,179517
train,PB-MI-0015,Mays v. Snyder,Public Benefits / Government Services,Yes,5,48791,48734,48743
train,EE-GA-0020,"EEOC v. COLONIAL PROPERTIES TRUST, INC.",Equal Employment,No,4,5683,5563,5567
train,SD-GA-0002,Freeman v. Pitts,School Desegregation,Yes,25,137871,137871,137890
train,IM-CA-0145,Bhattarai v. Nielsen,Immigration and/or the Border ,Yes,3,20974,20504,20494
train,PC-DC-0023,Aref v. Holder,Prison Conditions,No,16,142098,138598,138663
train,IM-CA-0094,State of California v. Sessions,Immigration and/or the Border ,No,18,340432,331662,331161
train,PB-MA-0003,Hermanson v. The Commonwealth of Massachusetts,Public Benefits / Government Services,Yes,6,23419,23419,23542
train,PC-FL-0011,Osterback v. Moore,Prison Conditions,Yes,17,109021,107819,107815
train,EE-FL-0126,United States v. City of Winter Springs,Equal Employment,No,3,2900,2872,2864
train,PC-CA-0077,Bryant v. Federal Bureau of Prisons,Prison Conditions,No,8,119659,115456,115633
train,EE-LA-0071,"EEOC v. PRODUCTION MANAGEMENT INDUSTRIES, L.L.C.",Equal Employment,No,5,5580,5580,5605
train,JC-IN-0026,Gentry v. Floyd County,Jail Conditions,Yes,9,34565,33775,33727
train,EE-TX-0458,Armendariz v. Endeavor Energy,Equal Employment,No,8,7816,7726,7743
train,PN-TX-0004,Dawson v. City of Dallas,Policing,No,7,5475,5269,5274
train,NS-CA-0027,Electronic Frontier Foundation v. U.S. Department of Justice,National Security,No,3,14571,14311,14309
train,EE-NJ-0119,United States v. State of New Jersey,Equal Employment,No,9,69426,66366,66334
train,EE-FL-0002,EEOC v. AIRGUIDE CORPORATION,Equal Employment,No,16,25807,25287,25301
train,ED-OK-0003,DH v. Ponca City Independent School District No. 71,Education,No,5,8742,8566,8573
train,EE-FL-0005,"EEOC v. APPLIED INDUSTRIAL TECHNOLOGIES fka BEARINGS, INC.",Equal Employment,No,4,5313,5079,5059
train,PB-IL-0013,Bolden v. Stroger,Public Benefits / Government Services,Yes,4,11541,11485,11509
train,EE-AL-0097,United States v. Jefferson County,Equal Employment,Yes,60,393302,391432,391192
train,EE-NM-0016,EEOC v. Brink's Incorporated,Equal Employment,No,4,6321,6271,6269
train,PC-GA-0020,Gumm v. Jacobs,Prison Conditions,Yes,12,64279,62385,62772
train,EE-FL-0131,United States v. Metro Dade County,Equal Employment,No,3,3678,3560,3563
train,EE-MO-0017,"EEOC v. Bob Evans Farms, Inc.",Equal Employment,No,4,5002,4832,4837
train,EE-AK-0007,EEOC v. Zale Corporation,Equal Employment,No,4,4758,4706,4716
train,PC-MA-0035,Hudson v. Maloney,Prison Conditions,No,14,69157,67971,68008
train,IM-WA-0022,Ramirez-Martinez v. U.S. Immigration and Customs Enforcement,Immigration and/or the Border ,No,4,13234,12834,12831
train,PC-DC-0014,Green v. District of Columbia,Prison Conditions,Yes,5,27795,27687,27698
train,PB-WA-0008,Washington v. U.S. Department of Health and Human Services,Public Benefits / Government Services,No,5,44717,43487,43464
train,EE-FL-0100,"EEOC v. Rio Bravo International, Inc.",Equal Employment,No,30,66804,64517,64466
train,DR-NY-0006,"The Authors Guild v. Google, Inc.",Disability Rights-Pub. Accom.,Yes,19,313466,308766,308905
train,JC-AZ-0013,Valenzuela v. County of Maricopa,Jail Conditions,Yes,7,28534,27994,27995
train,EE-GA-0029,"EEOC v. GAMMAN'S ARCHITECTURAL d/b/a SKYLIGHTS INTERNATIONAL, INC.",Equal Employment,No,8,8896,8896,8890
train,IM-MD-0015,Mayor and City Council of Baltimore v. U.S. Department of Homeland Security,Immigration and/or the Border ,No,4,40542,39230,39239
train,EE-NC-0047,EEOC v. GOLD'S GYM,Equal Employment,No,3,2144,2058,2062
train,JC-NY-0027,McDaniel v. Schenectady County,Jail Conditions,Yes,18,84889,84869,84774
train,EE-FL-0057,"EEOC v. Gargiulo, Inc.",Equal Employment,No,11,20169,19373,19359
train,PB-OH-0009,Price v. Medicaid Director,Public Benefits / Government Services,Yes,11,77341,77341,77321
train,NS-PA-0002,George v. Reihl,National Security,No,10,36909,36147,36142
train,PC-NM-0003,Ayers v. Perry,Prison Conditions,Yes,4,19991,19879,19868
train,FA-MS-0004,Britton v. Anderson,Speech and Religious Freedom,No,5,17544,16915,16951
train,CJ-TN-0007,Rodriguez v. Providence Community Corrections,Criminal Justice (Other),Yes,10,80703,78744,78738
train,NS-DC-0005,Meshal v. Higgenbotham,National Security,No,6,63405,62215,62206
train,EE-OK-0049,"Johnson v. Tulsa, Okla.",Equal Employment,Yes,6,120066,118862,118839
train,IM-MA-0024,Augusto v. Moniz,Immigration and/or the Border ,Yes,6,36989,36089,36092
train,NS-NY-0019,The New York Times v. United States Department of Justice,National Security,No,4,13062,12606,12610
train,JC-IL-0054,Mays v. Thomas,Jail Conditions,Yes,19,329605,326441,326455
train,EE-TX-0390,EEOC v. United Parcel Service,Equal Employment,Yes,5,20004,19899,19892
train,PB-MA-0006,Gill v. Office of Personnel Management,Public Benefits / Government Services,No,24,357471,353601,352950
train,EE-ID-0027,"EEOC v. Burrito Shoppe LLC, dba Squeezers Giant Burgers",Equal Employment,No,8,19936,19700,19718
train,EE-IL-0205,EEOC v. Sidley Austin Brown & Wood,Equal Employment,No,17,33466,33204,33210
train,EE-FL-0037,"EEOC v. DENNY'S, INC.",Equal Employment,No,3,4952,4776,4777
train,EE-DE-0005,EEOC v. CITIBANK/CITIGROUP,Equal Employment,No,4,6729,6729,6740
train,NS-NY-0025,N.Y. Times Co. v. U.S. Department of Treasury,National Security,No,4,7611,7541,7537
train,PC-FL-0015,Millicorp v. Global Tel-Link Corporation,Prison Conditions,No,3,14586,14244,14375
train,JC-CA-0144,Criswell v. Boudreaux,Jail Conditions,Yes,9,99020,96500,96494
train,PN-DC-0016,Don't Shoot Portland v. Wolf,Policing,No,8,98086,95506,95456
train,EE-MO-0097,EEOC v. Whelan Security,Equal Employment,No,3,3286,3196,3194
train,FH-NY-0016,United States v. L&M 93rd Street LLC,Fair Housing/Lending/Insurance,No,17,72680,70209,70208
train,CJ-MS-0004,Kennedy v. City of Biloxi,Criminal Justice (Other),Yes,6,50592,49752,49712
train,EE-NY-0270,Griesing v. Greenberg Traurig,Equal Employment,Yes,3,29466,28936,28943
train,EE-WI-0021,EEOC v. JOURNAL COMMUNITY PUBLISHING GROUP INC,Equal Employment,No,4,13294,13266,13264
train,PC-IL-0034,Coleman v. Taylor,Prison Conditions,Yes,6,33361,32885,32891
train,ID-CA-0004,Richard S. v. Dept. of Developmental Services of California,Intellectual Disability (Facility),Yes,28,145558,145184,145226
train,ED-NE-0001,United States v. University of Nebraska at Kearney,Education,No,5,29278,29114,29121
train,PC-IN-0027,Smith v. Barr,Prison Conditions,Yes,8,43180,41980,41969
train,EE-DC-0045,AFGE TSA Local 1 v. Loy,Equal Employment,Yes,4,21575,21575,21589
train,MH-NY-0008,"Charles v. Orange County, New York",Mental Health (Facility),No,6,40102,39526,39529
train,CJ-TN-0010,Robinson v. Purkey,Criminal Justice (Other),Yes,8,84832,82649,82654
train,JC-WA-0009,Prison Legal News (PLN) v. Lewis County,Jail Conditions,No,6,18767,18317,18310
train,EE-CA-0220,EEOC v. Stephens Institute dba Academy of Art College,Equal Employment,No,6,10352,10202,10234
train,EE-NJ-0100,EEOC v. UNITED PARCEL SERVICE INC,Equal Employment,No,8,17909,17615,17617
train,CJ-AR-0005,Justice Network v. Craighead County,Criminal Justice (Other),No,5,32211,31315,31320
train,VR-DC-1167,Texas v. Holder,Election/Voting Rights,No,8,65207,64497,64510
train,PB-CA-0024,National Association of Chain Drug Stores v. Schwarzenegger,Public Benefits / Government Services,No,7,36467,35429,35429
train,NS-CA-0010,Electronic Frontier Foundation v. Department of Justice,National Security,No,8,33718,33718,33610
train,EE-NC-0012,"EEOC v. BLUE MAX TRUCKING, INC.",Equal Employment,No,4,5251,5251,5254
train,EE-AL-0036,EEOC v. Ryder / Ate,Equal Employment,No,5,9495,9179,9182
train,JC-CA-0114,Gabriel Carrillo v. Pantamitr Zunggeemoge,Jail Conditions,No,7,24831,24231,24236
train,EE-FL-0007,EEOC v. ASSOCIATED HOME HEALTH CARE OF PALM BEACH,Equal Employment,No,4,6155,6011,6026
train,IM-WA-0032,Ramirez Medina v. Asher [later U.S. Department of Homeland Security],Immigration and/or the Border ,No,28,371048,361630,361224
train,EE-PA-0251,Long v. Southeastern Pennsylvania Transportation Authority,Equal Employment,Yes,8,33881,32701,32703
train,FH-DC-0004,Greater New Orleans Fair Housing Action Center v. US Dept. of Housing and Urban Development,Fair Housing/Lending/Insurance,Yes,19,209338,203058,203011
train,IM-OH-0002,Martinez v. Chertoff,Immigration and/or the Border ,No,6,9156,9096,9102
train,VR-MA-0057,Delgado v. Galvin,Election/Voting Rights,No,12,79170,77344,77323
train,PB-NJ-0007,Disability Rights New Jersey v. Velez,Public Benefits / Government Services,No,11,78162,75072,75114
train,JC-PA-0037,Taha v. Bensalem Township,Jail Conditions,Yes,9,45349,44729,44740
train,FH-LA-0001,United States v. Collier,Fair Housing/Lending/Insurance,No,4,14035,13585,13588
train,CJ-PA-0005,Harold v. Richards,Criminal Justice (Other),Yes,3,16738,16248,16252
train,PB-CA-0028,California Pharmacists Association v. Maxwell-Jolly,Public Benefits / Government Services,No,5,61643,59722,59683
train,EE-NC-0111,EEOC v. TANDS INC. dba BOJANGLES,Equal Employment,No,3,3412,3412,3418
train,CJ-KY-0003,Moore v. Rees,Criminal Justice (Other),No,25,201303,197095,197120
train,EE-OH-0042,EEOC v. JEFF WYLER CHEVROLET,Equal Employment,No,11,21534,21516,21538
train,FA-IL-0011,Roman Catholic Diocese of Peoria v. Sebelius,Speech and Religious Freedom,No,4,17297,17109,17112
train,EE-IL-0332,Vasich v. City of Chicago,Equal Employment,Yes,7,61309,60457,60414
train,EE-TX-0081,"EEOC v. F & N Holdings, LLC d/b/a ""Club Uropa""",Equal Employment,No,4,5517,5359,5359
train,PC-WI-0014,Konitzer v. Bartow,Prison Conditions,No,7,49703,48893,48894
train,EE-OK-0048,"United States v. Langston University, The Board of Regents for the Oklahoma State University and Agricultural and Mechanical Colleges",Equal Employment,No,8,17215,16655,16655
train,IM-CO-0009,"Menocal v. The GEO Group, Inc.",Immigration and/or the Border ,Yes,6,35957,35167,35164
train,FA-MI-0011,"Infrastructure Alternatives, Inc. v. Sebelius",Speech and Religious Freedom,No,3,5142,5036,5038
train,EE-TX-0377,EEOC v. The Servicemaster Co. d/b/a Terminix International Co.,Equal Employment,No,9,9569,9339,9339
train,EE-DC-0026,Jane Doe v. District of Columbia,Equal Employment,No,9,15528,15465,15471
train,EE-MN-0084,Pagliolo v. Guidant Corp.,Equal Employment,Yes,7,45344,44874,44875
train,EE-CA-0362,Chen v. Western Digital Corporation,Equal Employment,Yes,3,25142,24422,24360
train,EE-TX-0059,ALICIA MANSEL v. BUILDERS GYPSUM SUPPLY LLC (f/d/b/a BUILDERS GYPSUM SUPPLY CO INC),Equal Employment,Yes,11,23228,22809,22823
train,IM-DC-0033,Muslim Advocates v. U.S. Department of State,Immigration and/or the Border ,No,5,8554,8194,8191
train,FA-MI-0006,Weingartz Supply Co. v. Sebelius,Speech and Religious Freedom,No,12,76501,76501,76497
train,IM-CA-0135,ACLU of Southern California v. U.S. Department of Homeland Security,Immigration and/or the Border ,No,3,2968,2898,2898
train,EE-TX-0410,"EEOC v. WESTLODGE HOSPITALITY, INC. dba EL PASO TRAVELODGE",Equal Employment,No,5,8236,8096,8099
train,EE-ID-0002,"EEOC v. AmeriPride Services, Inc.",Equal Employment,No,7,13488,13488,13498
train,EE-AZ-0032,"EEOC v. RV FUN, INC.",Equal Employment,No,5,7319,7303,7316
train,IM-DC-0054,Grace v. Sessions,Immigration and/or the Border ,No,12,93045,90565,90505
train,EE-GA-0015,"EEOC v. Boca Chica, Inc. D/B/A Loca Luna Restaurant",Equal Employment,No,4,5203,5203,5205
train,IM-TX-0036,"Joseph v. Signal International, LLC",Immigration and/or the Border ,No,23,150240,146038,146083
train,FH-VA-0003,United States v. C&F Mortgage Corp.,Fair Housing/Lending/Insurance,No,3,6493,6253,6261
train,PC-AL-0028,Hope v. Pelzer,Prison Conditions,No,12,32639,32539,32535
train,IM-TX-0049,State of Texas v. Nielsen,Immigration and/or the Border ,No,8,152105,150149,150132
train,EE-AR-0049,"EEOC v. Tobacco Superstores, Inc.",Equal Employment,Yes,5,16470,16160,16165
train,FH-PA-0007,Briggs v. Borough of Norristown,Fair Housing/Lending/Insurance,No,4,58097,56165,56177
train,JC-MI-0012,Russell v. Wayne County,Jail Conditions,Yes,11,182305,179201,179208
train,FH-SD-0003,United States v. TK Properties,Fair Housing/Lending/Insurance,No,4,9919,9629,9643
train,FA-PA-0017,Hudson v. Montgomery County,Speech and Religious Freedom,No,3,11933,11713,11669
train,FH-NY-0026,Washington v. U.S. Department of Housing and Urban Development,Fair Housing/Lending/Insurance,Yes,7,62146,60326,60305
train,CJ-OR-0001,Mendoza v. Garrett,Criminal Justice (Other),Yes,4,44714,43266,43279
train,FA-NY-0005,Priests for Life v. Sebelius,Speech and Religious Freedom,No,6,27710,26930,26932
train,EE-NY-0055,"EEOC v. FIRST WIRELESS GROUP, INC.",Equal Employment,No,12,41442,40560,40601
train,NS-DC-0007,Klayman v. Obama,National Security,No,26,196719,193059,193019
train,PC-MI-0047,Abrams v. Chapman,Prison Conditions,Yes,14,583869,574066,573547
train,EE-OH-0066,"EEOC v. SPITZER MANAGEMENT, INC.",Equal Employment,No,10,44509,44477,44517
train,EE-TN-0133,United States of America v. Tennessee Department of Transportation,Equal Employment,No,3,9111,9031,9029
train,PC-AZ-0021,Prison Legal News v. Ryan,Prison Conditions,No,7,48009,47029,47032
train,DR-CA-0053,Civil Rights Education and Enforcement Center (CREEC) v. Hospitality Properties Trust,Disability Rights-Pub. Accom.,Yes,9,71354,70254,70163
train,FA-KY-0004,Maryville Baptist Church v. Beshear,Speech and Religious Freedom,No,21,163581,158144,157906
train,EE-SC-0012,EEOC v. EZ MONEY INC (d/b/a EZ CHECK CASHING),Equal Employment,No,3,4493,4493,4493
train,EE-PR-0012,EEOC v. Lausell,Equal Employment,No,4,4887,4827,4830
train,EE-NY-0104,EEOC v. MINADO RESTAURANT,Equal Employment,No,3,6503,6359,6364
train,IM-PA-0015,City of Philadelphia v. Sessions,Immigration and/or the Border ,No,27,593035,567535,567646
train,FH-FL-0007,City of Miami v. Bank of America Corp.,Fair Housing/Lending/Insurance,No,9,74030,72878,72874
train,EE-IL-0115,"EEOC v. Servico Rolling Meadows, Inc.",Equal Employment,No,4,6476,6476,6478
train,PN-AL-0004,J.W. v. Roper,Policing,Yes,10,141834,136964,136956
train,PN-MI-0006,Anderson v. Peoples,Policing,No,5,5603,5603,5604
train,PB-LA-0002,Robicheaux v. Caldwell,Public Benefits / Government Services,No,6,28933,28363,28372
train,PN-OH-0005,In re Cincinnati Policing,Policing,Yes,42,975702,975586,974557
train,PB-CA-0056,National Urban League v. Ross,Public Benefits / Government Services,No,12,140994,138156,138135
train,IM-DC-0030,Dilley Pro Bono Project v. U.S. Immigration and Customs Enforcement,Immigration and/or the Border ,No,7,15133,13983,13973
train,EE-PA-0088,"EEOC v. HORA, INC., d/b/a DAYS INN AND MARSHALL MANAGEMENT, INC.",Equal Employment,No,6,10461,10461,10475
train,EE-NY-0138,EEOC v. Richmond of New York d/b/a Richmond Children's Center,Equal Employment,No,3,6251,6251,6259
train,PB-PA-0010,Jimmie v. Department of Public Welfare,Public Benefits / Government Services,Yes,12,32254,30908,30902
train,VR-OK-0020,DCCC v. Ziriax,Election/Voting Rights,No,8,70445,69107,69076
train,JC-LA-0008,Linn v. Foti,Jail Conditions,Yes,2,19663,19647,19648
train,ED-FL-0004,Landow v. School Board of Brevard County,Education,Yes,11,25266,25000,24998
train,CW-MO-0002,E.C. v. Sherman,Child Welfare,Yes,17,161337,156235,156298
train,PN-CA-0024,Nee v. County of L.A.,Policing,No,4,36105,35336,35344
train,EE-MI-0154,EEOC v. Spectrum Health Worth Home Care,Equal Employment,No,10,26784,26784,26791
train,DR-NY-0001,Abrahams v. MTA Long Island Bus,Disability Rights-Pub. Accom.,Yes,8,27183,26843,26894
train,CJ-IN-0002,Timberlake v. Buss [Donahue],Criminal Justice (Other),No,24,72706,72598,72573
train,PC-CO-0025,Prison Legal News v. Federal Bureau of Prisons,Prison Conditions,No,7,43159,42369,42339
train,EE-NC-0031,EEOC v. E & H ELECTRICAL SERVICE,Equal Employment,No,5,7228,7228,7229
train,CJ-TX-0019,Hernandez v. Houston,Criminal Justice (Other),Yes,7,37585,37285,37289
train,PC-PA-0040,Johnson v. Wetzel,Prison Conditions,No,10,56287,54827,54850
train,FH-CA-0026,Mobley v. Facebook (Onuoha v. Facebook),Fair Housing/Lending/Insurance,Yes,4,28469,27749,27767
train,NS-DC-0082,Electronic Frontier Foundation v. Department of Justice,National Security,No,4,13788,13348,13335
train,PC-IA-0025,Americans United for Separation of Church and State v. Prison Fellowship Ministries,Prison Conditions,No,23,167733,167701,167733
train,PN-NY-0044,Casale v. Kelly,Policing,Yes,5,58480,56846,56866
train,MH-PA-0001,J.H. v. Dallas,Mental Health (Facility),Yes,7,36549,35149,35131
train,FA-MN-0005,Daniel Medford v. Sebelius,Speech and Religious Freedom,No,5,19412,18582,18583
train,IM-CA-0085,City and County of San Francisco v. Trump,Immigration and/or the Border ,No,65,662990,645502,644805
train,ED-MI-0003,Communities Equity v. Michigan High School Athletic Ass'n,Education,Yes,16,137621,137531,137505
train,EE-IL-0154,Max v. Maytag Corp,Equal Employment,Yes,8,16614,16550,16563
train,JC-KY-0017,"Sutton v. Hopkins County, KY",Jail Conditions,Yes,24,103036,102758,102709
train,EE-IL-0096,EEOC v. GATEWAY TO LEARNING,Equal Employment,No,4,5629,5629,5641
train,PC-IN-0020,David v. Indiana Department of Correction,Prison Conditions,No,2,2553,2473,2477
train,NS-DC-0088,Electronic Frontier Foundation v. Department of Justice,National Security,No,3,3581,3471,3470
train,IM-DC-0036,Protect Democracy Project v. U.S. Department of Homeland Security,Immigration and/or the Border ,No,6,17634,17104,17105
train,IM-OH-0005,Subramanya v. United States Citizenship and Immigration Services,Immigration and/or the Border ,Yes,6,14872,14868,14877
train,PN-LA-0005,North Baton Rouge Matters v. City of Baton Rouge,Policing,No,4,8434,8288,8288
train,JC-WA-0003,Huss v. Spokane County,Jail Conditions,Yes,15,58307,57243,57261
train,PB-VA-0002,Arc of Virginia v. Kaine,Public Benefits / Government Services,No,11,71288,68988,68978
train,IM-TX-0003,Villas at Parkside Partners v. City of Farmers Branch,Immigration and/or the Border ,No,9,63771,62291,62280
train,FH-IL-0011,Buycks-Roberson v. Citibank Fed. Sav. Bank,Fair Housing/Lending/Insurance,Yes,11,45152,45152,45186
train,EE-MI-0164,EEOC v. The Salvation Army,Equal Employment,No,3,3760,3760,3761
train,JC-OH-0016,Shreve v. Franklin County,Jail Conditions,Yes,13,88290,88290,88275
train,IM-DC-0093,"Catholic Legal Immigration Network, Inc. v. Executive Office for Immigration Review",Immigration and/or the Border ,No,3,36588,35568,35575
train,PC-MI-0038,Prison Legal News v. Wickersham,Prison Conditions,No,6,17871,17789,17805
train,PN-MD-0006,"Garcia v. Montgomery County, Maryland",Policing,No,6,41223,40553,40534
train,JC-KY-0007,"Miracle v. Bullitt County, Kentucky",Jail Conditions,Yes,10,21555,21385,21392
train,FA-WY-0001,Diocese of Cheyenne v. Sebelius,Speech and Religious Freedom,No,5,27949,27317,27305
train,IM-TX-0016,Padilla v. Ridge,Immigration and/or the Border ,Yes,7,26794,26620,26640
train,CJ-CA-0013,Farrow v. Lipetzky,Criminal Justice (Other),Yes,14,140471,138051,138110
train,EE-TN-0088,EEOC v. Papa John's U.S.A.,Equal Employment,No,4,4843,4683,4700
train,EE-IL-0091,EEOC v. FPM IPSEN HEAT TREATING,Equal Employment,No,4,12020,11980,11988
train,EE-NJ-0018,EEOC v. CARNEGIE DELI INC,Equal Employment,No,3,6144,6004,6005
train,EE-NM-0031,EEOC v. LOEWEN GROUP INTERNATIONAL INC (d/b/a MEMORY GARDENS OF THE VALLEY),Equal Employment,No,4,4867,4867,4865
train,ED-OK-0001,Gwinn v. Tulsa School District 9,Education,Yes,5,7205,7097,7110
train,EE-NC-0081,"EEOC v. E&T FOODS, LLC d/b/a COMPARE FOODS",Equal Employment,No,3,5271,5271,5274
train,PR-MI-0001,Zwaag v. Whitmer,Presidential/Gubernatorial Authority,No,3,8424,8170,8170
train,FA-MN-0007,"Doboszenski & Sons, Inc. v. Sebelius",Speech and Religious Freedom,No,8,16714,16032,16033
train,ED-CA-0007,Mansorian v. Regents of University of California,Education,Yes,29,329619,323357,322968
train,PN-PA-0019,Pitney v. City of Chester,Policing,Yes,4,6680,6400,6406
train,FH-DC-0005,United States of America v. Wells Fargo Bank,Fair Housing/Lending/Insurance,No,8,32082,31151,31151
train,EE-VA-0142,Harrison v. Spencer,Equal Employment,No,3,19155,19155,19155
train,PC-FL-0027,Disability Rights Florida v. Jones,Prison Conditions,No,4,157018,154270,153052
train,EE-VA-0127,"Woodruff v. DTI Associates, Inc.",Equal Employment,No,2,1103,1103,1104
train,EE-FL-0108,EEOC v. SANCTUARY GOLF CLUB,Equal Employment,No,4,6915,6699,6704
train,FA-MS-0003,Pro-Life Mississippi v. Horton,Speech and Religious Freedom,No,4,19724,19314,19330
train,IM-NY-0036,National Council of La Raza v. Department of Justice,Immigration and/or the Border ,No,7,25403,25403,25407
train,PB-CA-0045,Glover v. City of Laguna Beach,Public Benefits / Government Services,Yes,6,44999,44091,44101
train,EE-AZ-0093,EEOC v. SAGE MEMORIAL HOSPITAL,Equal Employment,No,4,5466,5430,5437
train,EE-OR-0025,"Kevin T. Bower v. Roadway Express, Inc.",Equal Employment,No,2,2023,2005,2007
train,DR-CO-0008,Ulibarri v. City and County of Denver,Disability Rights-Pub. Accom.,No,6,66641,65201,65195
train,PC-MA-0041,Adams v. Federal Bureau of Prisons,Prison Conditions,No,6,21743,21373,21376
train,EE-NY-0263,Ramos v. SimplexGrinnell LP,Equal Employment,Yes,17,157325,154695,154639
train,FA-MI-0004,Speet v. Schuette,Speech and Religious Freedom,No,7,22156,21844,21841
train,EE-NC-0049,EEOC v. DALLAS BELL INC (d/b/a HAM & EGGS),Equal Employment,No,4,2638,2548,2559
train,JC-AZ-0001,United States v. Gila County,Jail Conditions,No,9,14217,14193,14182
train,VR-FL-0172,"Hand v. Scott [Later, Desantis]",Election/Voting Rights,Yes,7,80203,77533,77537
train,EE-AL-0089,"EEOC v. WAL-MART STORES, INC.",Equal Employment,No,5,4732,4732,4746
train,CJ-OK-0003,Patton v. Jones,Criminal Justice (Other),No,8,23865,23119,23115
train,VR-AZ-0054,Arizonans for Fair Elections v. Hobbs,Election/Voting Rights,No,28,77128,75074,75084
train,EE-FL-0018,EEOC v. B.J.'s Wholesale Club,Equal Employment,No,6,10558,10372,10355
train,CJ-MD-0003,Oken v. Sizer,Criminal Justice (Other),No,14,34090,34090,34091
train,PC-MP-0001,U.S. v. Commonwealth of the Northern Mariana Islands,Prison Conditions,No,8,20655,20531,20531
train,IM-CA-0102,People of the State of California v. United States of America,Immigration and/or the Border ,No,2,20491,19961,19981
train,EE-FL-0020,"EEOC v. CALDER RACE COURSE, INC.",Equal Employment,No,7,14505,14271,14267
train,IM-CA-0159,Rodriguez v. Wolf,Immigration and/or the Border ,No,5,15838,15508,15505
train,PC-NY-0072,Corris v. Koenigsmann,Prison Conditions,No,3,7404,7194,7197
train,NS-TX-0002,In re Application for Pen Register and Trap/Trace Device with Cell Site Location Authority,National Security,No,3,16864,16780,16801
train,EE-MD-0014,"EEOC v. BOB WARD NEW HOMES, LLC.",Equal Employment,No,3,4139,4009,4015
train,PC-CA-0005,Clark v. California,Prison Conditions,Yes,17,180060,180060,179863
train,IM-AZ-0022,Puente Arizona v. Arpaio,Immigration and/or the Border ,Yes,16,219640,216317,216435
train,MH-IN-0002,"Indiana Protection and Advocacy Services (IPAS) Commission v. Commissioner, Indiana Department of Correction",Mental Health (Facility),Yes,20,85767,84467,84464
train,EE-OH-0062,"EEOC v. S & Z Tool & Die Co., Inc.",Equal Employment,Yes,6,22000,20648,20648
train,EE-CA-0063,EEOC v. CANYON LAKE PROPERTY OWNER'S ASSOCIATION (d/b/a COUNTRY CLUB RESTAURANT),Equal Employment,No,4,12464,12268,12284
train,PB-MI-0003,Bassett v. Snyder,Public Benefits / Government Services,No,11,87885,87885,87632
train,PD-SC-0001,Bairefoot v. Beaufort,Indigent Defense,No,4,33948,33540,33507
train,IM-TX-0035,"Samuel v. Signal International, LLC",Immigration and/or the Border ,No,15,89251,86899,86963
train,CJ-IL-0015,Barnes v. Jeffreys,Criminal Justice (Other),Yes,17,84516,83293,83248
train,EE-NY-0033,EEOC v. Champlain Valley Physicians Hospital Medical Center,Equal Employment,No,3,5149,5125,5131
train,PN-PA-0016,Henderson v. Gromek,Policing,No,4,4055,3905,3909
train,PC-DC-0019,Wright v. Corrections Corporation of America,Prison Conditions,Yes,7,28064,27824,27820
train,CJ-WA-0002,United States v. Firestack-Harvey,Criminal Justice (Other),No,29,66000,65672,65676
train,EE-TX-0104,"EEOC v. NFI Management (Home Management, Dove Tree Apartments)",Equal Employment,No,3,3767,3767,3775
train,IM-WA-0019,A.B.T. v. U.S. Citizenship and Immigration Services,Immigration and/or the Border ,Yes,10,51127,49807,49858
train,FA-FL-0004,Wenski v. Sebelius,Speech and Religious Freedom,No,3,18222,17822,17825
train,FA-PA-0001,Lancaster v. SEPTA,Speech and Religious Freedom,No,3,3882,3882,3891
train,PC-NE-0013,Sabata v. Nebraska Department of Correctional Services,Prison Conditions,Yes,16,231693,229227,229082
train,PB-TN-0003,Crabtree v. Goetz,Public Benefits / Government Services,No,4,42877,42557,42554
train,VR-HI-0003,Remmers v. Yoshina,Election/Voting Rights,Yes,2,7008,7008,7004
train,NS-NY-0018,American Civil Liberties Union v. Federal Bureau of Investigation,National Security,No,3,6032,5852,5849
train,EE-MO-0024,"EEOC v. CONVERGYS CUSTOMER MANAGEMENT GROUP, INC.",Equal Employment,No,15,27998,27372,27372
train,ID-CT-0007,Wilkes v. Lamont,Intellectual Disability (Facility),Yes,9,129689,121965,122008
train,EE-NC-0073,EEOC v. MISTER OMELET OF AMERICA INC,Equal Employment,No,3,3050,3050,3053
train,EE-FL-0068,EEOC v. K-MART CORPORATION,Equal Employment,No,12,19587,19047,19068
train,IM-NY-0081,Perez v. Decker,Immigration and/or the Border ,Yes,4,35468,34882,34887
train,JC-FL-0026,Barnett v. Tony,Jail Conditions,Yes,5,46778,45986,45988
train,EE-NY-0119,EEOC v. NORTH SHORE-LONG ISLAND JEWISH HEALTH SYSTEM,Equal Employment,No,6,10915,10585,10589
train,EE-MD-0090,EEOC v. CARROLL COUNTY FOODS,Equal Employment,No,7,4697,4697,4698
train,CW-OK-0001,D.G. v. Henry,Child Welfare,Yes,28,227331,226759,226750
train,EE-FL-0081,EEOC v. Magic Toyota,Equal Employment,No,8,17124,16844,16841
train,JC-CA-0126,Jewett v. California Forensic Medical Group,Jail Conditions,Yes,10,70227,68861,68762
train,PC-OH-0032,Human Rights Defense Center v. Management & Training Corporation,Prison Conditions,No,2,4598,4598,4600
train,EE-IN-0013,EEOC v. BUTTERWORTH INDUSTRIES INC,Equal Employment,No,6,5283,5283,5280
train,PC-IN-0017,"Snider v. Superintendent, Wabash Valley Correctional Facility",Prison Conditions,Yes,4,8976,8806,8804
train,CJ-TX-0016,"Russell v. Harris County, TX",Criminal Justice (Other),Yes,27,381108,374593,374389
train,JC-NY-0080,Fernandez-Rodriguez v. Licon-Vitale,Jail Conditions,Yes,16,315228,300578,300438
train,EE-FL-0092,"EEOC v. PACIFIC INTERNATIONAL EQUITIES, INC.",Equal Employment,No,6,21980,21541,21547
train,PB-WI-0001,Nelson v. Milwaukee County,Public Benefits / Government Services,Yes,26,135905,133545,133735
train,EE-NJ-0033,"EEOC v. SIMPSON, HERBERT & ASSOCIATES (d/b/a GEMINI SECURITY)",Equal Employment,No,3,2478,2398,2400
train,CJ-LA-0012,Meade v. Bonin,Criminal Justice (Other),Yes,4,16862,16312,16313
train,JC-CA-0134,Mays v. County of Sacramento,Jail Conditions,Yes,29,392049,385757,385729
train,CJ-CA-0010,Gordon v. City of Moreno,Criminal Justice (Other),No,15,72402,70224,70151
train,PN-PA-0015,Augustine v. Ramsey,Policing,No,4,17693,17213,17227
train,EE-AR-0035,EEOC v. MJL OF CABOT INC (d/b/a MCDONALD'S OF CABOT),Equal Employment,No,3,5335,5275,5288
train,EE-WA-0002,EEOC v. ALLSTAR MAGNETICS INC.,Equal Employment,No,3,4951,4795,4802
train,FA-UT-0001,A.W. v. Davis School District,Speech and Religious Freedom,Yes,3,10387,10129,10131
train,IM-IL-0017,Revelis v. Napolitano,Immigration and/or the Border ,No,5,11545,11485,11483
train,IM-CA-0170,Immigrant Legal Resource Center v. Wolf,Immigration and/or the Border ,No,3,54707,53507,53526
train,IM-CA-0124,L.R. (Lucas R.) v. Azar,Immigration and/or the Border ,Yes,22,263051,253653,253799
train,EE-SD-0002,"EEOC v. G & N ENTERPRISES, INC.",Equal Employment,No,11,10043,10043,10046
train,EE-OH-0090,United States v. Steubenville,Equal Employment,No,9,8395,8395,8394
train,IM-WA-0014,Lee v. Ashcroft,Immigration and/or the Border ,Yes,12,34614,34188,34210
train,PN-NY-0043,Elliot v. City of New York,Policing,No,5,6280,6180,6179
train,EE-SC-0038,EEOC v. Randstad,Equal Employment,No,4,6835,6819,6822
train,EE-IL-0286,Donaldson v. Pharmacia Pension Plan,Equal Employment,Yes,4,18796,18556,18577
train,JC-MA-0011,Ryan v. Garvey,Jail Conditions,Yes,5,15258,15118,15122
train,EE-NY-0267,Roe v. Empire Blue Cross Blue Shield,Equal Employment,Yes,4,12303,12027,12031
train,PC-MD-0012,Jarboe v. Maryland Department of Public Safety and Correctional Services,Prison Conditions,Yes,5,41442,41042,41048
train,EE-PA-0092,EEOC v. JAMESON MEMORIAL HOSPITAL,Equal Employment,No,4,7079,6877,6884
train,EE-IL-0083,EEOC v. FIRST HEALTH GROUP CORP.,Equal Employment,No,5,5727,5727,5734
train,PC-VI-0001,Carty v. Farrelly,Prison Conditions,Yes,34,199579,198283,198181
train,JI-IL-0004,R.J. v. Bishop,Juvenile Institution,Yes,24,163884,161844,161849
train,EE-CA-0225,"EEOC v. TEMCOR, INC.",Equal Employment,No,4,6909,6808,6815
train,IM-GA-0006,Luna v. Del Monte Fresh Produce,Immigration and/or the Border ,Yes,15,81290,79494,79548
train,EE-IL-0198,EEOC v. SATISFIED FROG,Equal Employment,No,3,4843,4685,4690
train,IM-CA-0121,Ms. L. v. U.S. Immigration and Customs Enforcement,Immigration and/or the Border ,Yes,14,110150,107930,107933
train,EE-TX-0323,EEOC v. SEARS LOGISTICS SERVICES,Equal Employment,No,5,6477,6263,6273
train,IM-CA-0071,Kolhatkar v. Arellano,Immigration and/or the Border ,Yes,3,18063,17693,17702
train,IM-DC-0049,American Immigration Council v. U.S. Immigration and Customs Enforcement,Immigration and/or the Border ,No,5,6098,5928,5921
train,IM-CA-0172,Vangala v. USCIS,Immigration and/or the Border ,Yes,2,12299,11989,11997
train,ID-NJ-0006,Carey v. Christie,Intellectual Disability (Facility),Yes,7,36905,35585,35606
train,EE-NY-0152,EEOC v. Revolutions Studios and Smile Productions,Equal Employment,No,3,4579,4579,4581
train,JI-IL-0002,Donnell C. v. Illinois State Board of Education,Juvenile Institution,Yes,5,27104,26996,27057
train,ED-CA-0008,Coalition to Defend Affirmative Action v. Brown,Education,Yes,6,30958,30958,30967
train,JI-KY-0004,U.S. v. Kentucky,Juvenile Institution,No,6,18950,18850,18853
train,PB-TX-0014,Rodriguez v. Mach,Public Benefits / Government Services,Yes,2,20962,20302,20312
train,EE-CA-0359,Stockman v. Trump,Equal Employment,No,11,85694,83632,83473
train,JC-FL-0014,Cuesta v. School Board of Miami Dade County,Jail Conditions,No,8,22585,22358,22374
train,IM-CA-0059,Costello v. Chertoff,Immigration and/or the Border ,Yes,13,89012,87530,87745
train,JC-CO-0004,Martinez v. Maketa,Jail Conditions,Yes,10,25277,24514,24512
train,EE-IN-0119,United States of America v. Greenwood Community School Corporation,Equal Employment,No,3,4165,4113,4104
train,PN-MD-0002,Maryland State Conference of NAACP Branches v. Department of Maryland State Police,Policing,Yes,11,91147,90057,90069
train,PR-MI-0006,Castillo v. Whitmer,Presidential/Gubernatorial Authority,Yes,4,18061,17743,17743
train,VR-OH-0084,League of Women Voters of Ohio v. LaRose,Election/Voting Rights,No,17,84590,84486,84440
train,PC-OH-0004,Dunn v. Voinovich,Prison Conditions,Yes,3,16279,16215,16216
train,PB-NY-0001,Harris v. Eggleston,Public Benefits / Government Services,Yes,3,20109,20109,20116
train,FH-MD-0001,City of Baltimore v. Wells Fargo,Fair Housing/Lending/Insurance,No,14,170107,165267,165379
train,EE-NC-0089,"EEOC v. KareMore Healthcare Services, LLC",Equal Employment,No,3,3739,3679,3679
train,VR-ND-0004,Libertarian Party of North Dakota v. Jaeger,Election/Voting Rights,No,6,33513,33133,33148
train,EE-TX-0007,EEOC v. ALLIED FEED INC,Equal Employment,No,3,3008,3008,3018
train,JI-CA-0020,Moyle v. Contra Costa County,Juvenile Institution,Yes,7,46046,45556,45558
train,PC-DC-0011,Women Prisoners of DC Department of Corrections v. District of Columbia,Prison Conditions,Yes,48,379035,378640,378621
train,EE-TX-0287,EEOC v. PROFESSIONAL JANITORIAL SERVICE,Equal Employment,No,3,4782,4646,4642
train,EE-WI-0052,EEOC v. V&J FOODS INC,Equal Employment,No,6,16883,16883,16883
train,EE-MO-0028,"EEOC v. Eagle Picher Industries, Inc.",Equal Employment,No,4,5065,4873,4874
train,EE-TX-0070,"EEOC v. CASH & GO, LTD",Equal Employment,No,4,5550,5550,5565
train,EE-TX-0241,EEOC v. Moore & Cowart Contractors,Equal Employment,No,4,5121,4931,4938
train,JC-KY-0015,"Mumphrey v. Shelby County, KY",Jail Conditions,Yes,5,12991,12933,12939
train,DR-DC-0001,American Council of the Blind v. O'Neill,Disability Rights-Pub. Accom.,No,27,182011,176369,176416
train,FH-SD-0002,United States v. Blackpipe State Bank,Fair Housing/Lending/Insurance,Yes,3,7664,7664,7673
train,JI-NY-0011,A.T. v. Harder,Juvenile Institution,Yes,8,42355,40975,40984
train,IM-FL-0022,"Carranza v. Mecca Farms, Inc.",Immigration and/or the Border ,Yes,9,62227,62167,62240
train,EE-LA-0078,EEOC v. SPECIALIZED INDUSTRIAL MAINTENANCE,Equal Employment,No,4,5351,5351,5358
train,IM-MD-0017,Casa de Maryland v. Wolf,Immigration and/or the Border ,No,4,43760,42500,42515
train,EE-MS-0042,EEOC v. PRODUCTIVITY IMPROVEMENT CENTER,Equal Employment,No,11,15299,15169,15169
train,FH-DC-0014,"Selden v. Airbnb, Inc.",Fair Housing/Lending/Insurance,Yes,6,20541,20081,20087
train,EE-PA-0103,EEOC v. MAHARAJA HOSPITALITY/TRAVEL LODGE,Equal Employment,No,8,14402,13958,13960
train,EE-IL-0055,EEOC v. CONCENTRA HEALTH SERVICES,Equal Employment,No,5,7911,7891,7899
train,EE-KY-0031,"EEOC v. Wehr Constructors, Inc.",Equal Employment,No,3,3539,3523,3524
train,FA-MI-0001,Saieg v. City of Dearborn,Speech and Religious Freedom,No,5,35191,34381,34377
train,FA-FL-0001,Hollywood Synagogue v. City of Hollywood & U.S. v. City of Hollywood,Speech and Religious Freedom,No,9,90082,88559,88595
train,IM-MA-0019,Savino v. Hodgson,Immigration and/or the Border ,Yes,31,263584,254474,254342
train,EE-IL-0170,"EEOC v. Nielsen & Bainbridge, LLC",Equal Employment,Yes,4,5244,5244,5247
train,EE-MI-0020,EEOC v. Baker's Keyboard Lounge,Equal Employment,No,2,2244,2244,2248
train,EE-AL-0070,EEOC v. RPH MANAGEMENT d/b/a/ MCDONALD'S,Equal Employment,No,5,7950,7800,7802
train,JC-IL-0050,Hudson v. Preckwinkle,Jail Conditions,Yes,11,80816,80224,80259
train,EE-TX-0302,EEOC v. ENDEAVOR ENERGY RESOURCES (d/b/a RIG MOVERS EXPRESS),Equal Employment,No,2,2209,2209,2214
train,PB-AZ-0003,Connolly v. Brewer,Public Benefits / Government Services,No,6,18798,18218,18231
train,FA-MI-0017,Moratorium Now! v. Detroit 300 Conservancy,Speech and Religious Freedom,No,5,26235,26235,26241
train,IM-GA-0001,"Stewart v. Cherokee County, GA",Immigration and/or the Border ,No,5,17655,17655,17656
train,IM-DC-0037,Doe v. U.S. Department of Homeland Security,Immigration and/or the Border ,No,7,14315,13775,13775
train,CW-RI-0002,Sam M. v. Chafee,Child Welfare,Yes,21,334386,325076,325729
train,EE-NC-0113,EEOC v. THE NEWS AND OBSERVER PUBLISHING COMPANY,Equal Employment,No,3,8480,8480,8478
train,PB-PR-0001,Conde-Vidal v. Garcia-Padilla,Public Benefits / Government Services,No,9,31413,30533,30543
train,PB-GA-0004,U.S. v. Georgia,Public Benefits / Government Services,No,39,410381,400842,400867
train,EE-WA-0103,EEOC v. UNION PACIFIC RAILROAD COMPANY,Equal Employment,No,8,17507,17383,17401
train,JI-WA-0002,Horton v. Williams,Juvenile Institution,Yes,49,139786,139656,139672
train,EE-NY-0184,EEOC v. WHITE HOUSE HOME FOR ADULTS,Equal Employment,No,5,9135,9135,9148
train,CW-TX-0001,M.D. v. Abbott,Child Welfare,Yes,27,435204,430350,430252
train,EE-MI-0175,"EEOC v. Wal-Mart Stores, Incorporated",Equal Employment,No,4,4327,4327,4325
train,IM-NY-0025,Elmaghraby v. Ashcroft,Immigration and/or the Border ,No,14,299877,292798,292771
train,EE-NM-0058,United States of America v. Zuni Public School District,Equal Employment,No,3,3671,3631,3628
train,PC-CO-0014,Montez v. Owens,Prison Conditions,Yes,45,357794,357103,357068
train,EE-MI-0032,EEOC v. Cardinal Country Pizza & Restaurant,Equal Employment,No,3,4465,4369,4369
train,EE-DC-0008,EEOC v. Harco Inc. D/B/A Archibald'S Inc.,Equal Employment,No,4,2956,2956,2961
train,EE-AL-0102,"Thomas v. Pemco Aeroplex, Inc.",Equal Employment,Yes,7,25697,25137,25143
train,EE-NJ-0046,"EEOC v. IMCLONE SYSTEMS, INC.",Equal Employment,No,4,4277,4147,4148
train,PC-ID-0006,Gammett v. Idaho State Board of Corrections,Prison Conditions,No,11,51867,50481,50480
train,IM-WA-0043,State of Washington v. U.S. Department of Homeland Security,Immigration and/or the Border ,No,8,183182,180028,180078
train,MH-NY-0009,U.S. v. City of New York (Kings County Hospital),Mental Health (Facility),No,9,42635,42515,42490
train,CJ-LA-0010,Singleton v. Cannizzaro,Criminal Justice (Other),No,7,87870,85640,85640
train,FH-GA-0010,Savannah-Chatham County Fair Housing Council v. Genesis Designer Homes,Fair Housing/Lending/Insurance,No,14,47803,46202,46230
train,EE-TX-0209,EEOC v. Los Comales,Equal Employment,No,3,4689,4519,4526
train,EE-OH-0100,Washington v. General Motors Corp.,Equal Employment,Yes,5,18006,18006,18006
train,EE-NM-0029,"EEOC v. LARKEN, INC. OF ALBUQUERQUE dba RADISSON HOTEL",Equal Employment,No,3,4797,4797,4801
train,FH-IL-0016,United States v. First American Bank,Fair Housing/Lending/Insurance,No,7,8851,8715,8751
train,FA-IL-0004,"Triune Health Group, Inc. v. U.S. Dep't of Health and Human Servs.",Speech and Religious Freedom,No,5,21702,21502,21531
train,CJ-AL-0015,Thompson v. Alabama,Criminal Justice (Other),Yes,6,67768,65898,65906
train,PR-DC-0015,U.S. House of Representatives v. Mnuchin,Presidential/Gubernatorial Authority,No,3,35277,34327,34335
train,JC-CA-0007,Bull v. City and County of San Francisco,Jail Conditions,Yes,28,204597,201957,201882
train,EE-AR-0056,United States of America v. Arkansas Department of Corrections,Equal Employment,No,3,5596,5540,5520
train,PC-WA-0022,Prison Legal News v. Chelan County,Prison Conditions,No,4,21028,20830,20820
train,PN-NC-0002,United States v. Johnson,Policing,No,19,134764,133734,133816
train,JI-IN-0007,United States v. Marion Superior Court,Juvenile Institution,No,7,16809,16629,16629
train,VR-AZ-0052,Gonzalez v. State of Arizona,Election/Voting Rights,No,28,253493,251363,251510
train,PR-DC-0012,Blumenthal v. Whitaker,Presidential/Gubernatorial Authority,No,2,6534,6364,6365
train,EE-WA-0059,EEOC v. OBERTO SAUSAGE CO.,Equal Employment,No,5,13128,12744,12759
train,EE-NY-0206,Martens v. Smith Barney,Equal Employment,Yes,9,67142,67142,67146
train,EE-MO-0062,"HUFFMAN v. NEW PRIME, INC.",Equal Employment,No,28,71728,71700,71741
train,JC-NJ-0023,Colon v. Passaic County,Jail Conditions,Yes,13,56710,54640,54629
train,PN-CA-0031,Smith v. City of Oakland,Policing,Yes,5,28338,28338,28338
train,EE-FL-0112,EEOC v. TSSO INC (d/b/a APPLEBEE'S),Equal Employment,No,3,5849,5849,5853
train,PN-CA-0051,Portland v. Barr,Policing,No,3,44760,43620,43629
train,PC-LA-0004,Estevez v. Foti,Prison Conditions,Yes,4,3432,3420,3427
train,FA-MI-0015,Right to Life Michigan v. Sebelius,Speech and Religious Freedom,No,10,41692,41080,41096
train,EE-LA-0062,"EEOC v. Noble Drilling, Inc.",Equal Employment,No,5,11746,11686,11685
train,CJ-MI-0003,Hill v. Snyder,Criminal Justice (Other),Yes,28,118255,117379,117395
train,EE-NY-0271,Kassman v. KPMG LLP,Equal Employment,Yes,11,188974,185034,185075
train,PB-IL-0008,Bertrand v. Maram,Public Benefits / Government Services,Yes,7,26393,26161,26157
train,FA-DC-0007,Bindon v. Sebelius,Speech and Religious Freedom,No,4,10455,10135,10138
train,MH-LA-0003,Advocacy Center for the Elderly and Disabled v. Louisiana Department of Health and Hospitals,Mental Health (Facility),No,7,45541,45101,45106
train,EE-NY-0191,United States of America v. City of New York and New York City Housing Authority,Equal Employment,No,3,10285,10241,10236
train,FA-DC-0018,Priests for Life v. Sebelius,Speech and Religious Freedom,No,7,51316,50172,50165
train,FA-MS-0002,American Family Association v. Sebelius,Speech and Religious Freedom,No,3,9940,9932,9933
train,VR-OH-0079,Obama for America v. Husted,Election/Voting Rights,No,14,73227,73227,73149
train,NS-VA-0006,Baby Doe v. Piehota,National Security,Yes,6,51771,50011,50014
train,EE-TX-0088,EEOC v. COWBOYS/RED RIVER,Equal Employment,No,9,10790,10790,10806
train,EE-NC-0109,EEOC v. T & D ELECTRIC COMPANY OF BURLINGTON INC,Equal Employment,No,2,1665,1615,1615
train,EE-FL-0025,EEOC v. CONAM MANAGEMENT CORPORATION (d/b/a CONAM PROPERTY SERVICES LTD),Equal Employment,No,5,7465,7315,7317
train,DR-CA-0002,"Californians for Disability Rights, Inc. v. California Department of Transportation",Disability Rights-Pub. Accom.,Yes,9,91627,91207,91207
train,PN-DC-0010,Pitts v. District of Columbia,Policing,No,4,27414,27194,27195
train,CJ-DC-0001,Hardy v. DC,Criminal Justice (Other),Yes,6,24090,23770,23771
train,EE-MO-0072,"EEOC v. SAFEWAY, INC.",Equal Employment,No,3,3727,3727,3735
train,CJ-IL-0007,Otero v. Dart,Criminal Justice (Other),Yes,12,57689,57389,57385
train,PB-MI-0004,DeBoer v. Snyder,Public Benefits / Government Services,No,42,528903,528895,528752
train,IM-NY-0078,Lewis-McCoy v. Wolf,Immigration and/or the Border ,Yes,10,40394,39334,39323
train,JC-CA-0120,Bock v. County of Sutter,Jail Conditions,No,9,74591,73089,73113
train,EE-IL-0241,"EEOC v. United Fence Company & Wor-Mac, Inc.",Equal Employment,No,4,8556,8556,8574
train,PR-CA-0005,Calvary Chapel of Ukiah v. Newsom,Presidential/Gubernatorial Authority,No,3,14322,13902,13908
train,EE-PA-0242,"Rupert v. PPG Industries, Inc.",Equal Employment,No,10,82377,81677,81679
train,NS-CA-0017,Electronic Frontier Foundation v. Office of the Director of National Intelligence,National Security,No,5,25195,24955,24954
train,NS-NY-0013,ACLU v. Office of Dir. of National Intelligence,National Security,No,4,23199,22815,22816
train,EE-IL-0328,Groesch v. City of Springfield,Equal Employment,No,8,44392,43960,43828
train,FH-VA-0005,"United States v. Chevy Chase Bank, F.S.B.",Fair Housing/Lending/Insurance,No,3,6828,6448,6458
train,JC-MS-0015,U.S. v. Scott County,Jail Conditions,No,6,10427,10415,10432
train,PC-CA-0062,Thomas v. Ponder,Prison Conditions,No,7,34755,34755,34780
train,ED-NM-0001,Paton v. New Mexico Highlands University,Education,Yes,7,22248,21528,21552
train,ED-TX-0004,Halbert v. Kilgore Indep. Sch. Dist.,Education,Yes,4,6132,5936,5943
train,EE-IL-0021,EEOC v. American Eagle Airlines,Equal Employment,No,2,3003,3003,3006
train,EE-NM-0065,Kennicott v. Sandia Corporation,Equal Employment,Yes,5,90800,88760,88762
train,IM-DC-0075,Nine Iraqi Allies Under Serious Threat Because of Their Faithful Service to the United States v. Kerry,Immigration and/or the Border ,No,3,20298,20298,20299
train,CJ-AL-0016,Edwards v. Cofield,Criminal Justice (Other),Yes,8,37756,36698,36703
train,DR-DC-0003,Brown v. Community Partnership for the Prevention of Homelessness,Disability Rights-Pub. Accom.,No,6,46695,46015,46792
train,PC-NC-0014,Heyer v. United States Bureau of Prisons,Prison Conditions,No,13,76199,74751,74753
train,JC-MA-0009,Connor v. Plymouth County,Jail Conditions,Yes,5,12664,12664,12657
train,JC-VA-0013,United States v. Piedmont Regional Jail Authority,Jail Conditions,No,6,41620,40950,40950
train,EE-MD-0125,"EEOC v. WAL-MART STORES, INC.",Equal Employment,No,5,12694,12510,12522
train,EE-PA-0230,Horne v. Reading,Equal Employment,Yes,4,7422,7260,7264
train,JI-MS-0011,"United States of America v. Leflore County, Mississippi",Juvenile Institution,No,6,52098,52098,52121
train,IM-CA-0116,U.S. v. State of California,Immigration and/or the Border ,No,31,245211,238035,237891
train,EE-LA-0036,"EEOC v. Higbee Company d/b/a Dillard Department Stores, Inc",Equal Employment,Unknown,2,2739,2739,2746
train,PC-CO-0017,Anderson v. State of Colorado,Prison Conditions,No,9,60955,59795,59793
train,JC-VA-0015,Human Rights Defense Center v. Southwest Virginia Regional Jail Authority,Jail Conditions,No,8,39963,39013,39009
train,MH-FL-0001,Johnson & U.S. v. Florida,Mental Health (Facility),Yes,16,139643,138376,138392
train,PB-TX-0006,Pidgeon v. Parker,Public Benefits / Government Services,No,9,24439,24135,24166
train,DR-CA-0034,Antoninetti v. Chipotle Mexican Grill,Disability Rights-Pub. Accom.,Yes,26,94809,93236,93275
train,PN-NY-0016,Bandele v. City of New York,Policing,No,4,12821,12371,12379
train,PB-MD-0007,R.V. v. Mnuchin,Public Benefits / Government Services,Yes,5,21903,21343,21358
train,PC-CO-0023,Hill v. United States of America,Prison Conditions,No,6,46817,45907,45911
train,EE-TX-0122,"EEOC v. Brown Group Footwear, Inc. d/b/a ""Famous Footwear""",Equal Employment,No,4,4785,4729,4737
train,PN-MO-0008,Ahmad v. City of St. Louis,Policing,Yes,10,46594,46594,46594
train,ED-CA-0004,Brust v. Regents of the University of California,Education,Yes,9,40872,40422,40391
train,FA-KY-0003,"ACLU of Kentucky v. McCreary County, Kentucky",Speech and Religious Freedom,No,13,95517,95355,95258
train,EE-TX-0210,"EEOC v. Lowe's Home Centers, Inc.",Equal Employment,No,5,8550,8286,8293
train,EE-MS-0024,EEOC v. HANNON'S FOOD SERVICES OF JACKSON (d/b/a KENTUCKY FRIED CHICKEN),Equal Employment,No,3,4763,4605,4609
train,EE-TX-0125,EEOC v. First Preston Real Estate Services,Equal Employment,No,3,4807,4791,4798
train,EE-MD-0055,EEOC v. IKEA MARYLAND LLC,Equal Employment,No,4,3794,3710,3714
train,DR-RI-0002,Damiani v. City of East Providence,Disability Rights-Pub. Accom.,No,4,3896,3766,3776
train,EE-AZ-0100,"EEOC v. SUNLAND, INC.",Equal Employment,No,3,6456,6456,6462
train,CJ-GA-0012,Walker v. City of Calhoun,Criminal Justice (Other),Yes,15,72836,69714,69694
train,FH-MA-0005,Allen v. Decision One Mortgage Company,Fair Housing/Lending/Insurance,Yes,7,33187,31429,31436
train,EE-VA-0079,"EEOC v. OLVER INC AND ADECCO USA, INC",Equal Employment,No,4,7986,7916,7914
train,IM-LA-0012,"Achari v. Signal International, LLC",Immigration and/or the Border ,No,12,171261,168371,168365
train,JI-OH-0009,J.H. v. Multi-County Juvenile Detention Facility,Juvenile Institution,No,4,18999,18999,19003
train,DR-MA-0004,Commonwealth of Massachusetts v. E*Trade Access,Disability Rights-Pub. Accom.,Yes,53,222323,217238,217219
train,EE-WA-0024,EEOC v. Harbor Freight Tools USA,Equal Employment,No,6,8032,7740,7750
train,VR-PA-0033,NAACP Philadelphia v. Ridge,Election/Voting Rights,No,2,6497,6497,6497
train,PC-MA-0045,Fowler v. Turco,Prison Conditions,Yes,6,73349,70279,70248
train,FH-NY-0020,Adkins v. Morgan Stanley,Fair Housing/Lending/Insurance,Yes,11,81303,80753,80731
train,CJ-CA-0026,Doe #1 v. Hall,Criminal Justice (Other),No,6,68195,65989,66005
train,EE-AR-0008,EEOC v. Barnhill's Buffet,Equal Employment,No,3,2823,2823,2844
train,PN-NY-0027,Kronen v. NYC,Policing,No,4,11946,11508,11513
train,EE-IN-0065,"EEOC v. MER CORPORATION d/b/a ""Dancers Show Club""",Equal Employment,No,5,7790,7790,7791
train,EE-MI-0183,Everson v. Michigan Department of Corrections,Equal Employment,Yes,9,48358,48221,48183
train,EE-NY-0297,Chalmers v. New York,Equal Employment,Yes,2,21777,21157,21155
train,CJ-CA-0016,Buffin v. City and County of San Francisco,Criminal Justice (Other),Yes,13,82489,81259,81256
train,EE-TX-0280,EEOC v. POPEYES CHICKEN,Equal Employment,No,3,5576,5450,5451
train,IM-NY-0061,Ragbir v. Sessions,Immigration and/or the Border ,No,16,71445,69755,69772
train,EE-TX-0015,"EEOC v. AEP Electric Services, Inc. d/b/a ""American Electric Power""",Equal Employment,No,3,2803,2719,2724
train,NS-DC-0114,ACLU v. DHS,National Security,No,2,7626,7436,7443
train,PH-CT-0002,Taylor v. Housing Authority of New Haven,Public Housing,Yes,12,80274,78344,78290
train,EE-NV-0033,EEOC v. RIVIERA HOTEL & CASINO,Equal Employment,No,8,16311,15815,15821
train,ED-NV-0001,Henkle v. Gregory,Education,No,8,24982,24142,24158
train,PB-UT-0002,Evans v. Utah,Public Benefits / Government Services,No,8,56867,55627,55629
train,JI-NC-0003,Willie M. v. Hunt,Juvenile Institution,Yes,11,33889,33879,33902
train,SD-LA-0005,Andrews v. City of Monroe (La.),School Desegregation,Yes,9,38441,38281,38256
train,PC-WI-0008,Gilles v. Litscher,Prison Conditions,No,7,32552,32464,32511
train,PC-PA-0049,Brown v. Marler,Prison Conditions,Yes,7,73122,70684,70344
train,PB-WI-0005,Does v. Trump,Public Benefits / Government Services,Yes,3,14298,14078,14066
train,JC-MI-0006,Prison Legal News v. Livingston County Sheriff Bob Bezotte,Jail Conditions,No,11,49282,49204,49209
train,FH-DC-0012,Love v. Vilsack,Fair Housing/Lending/Insurance,Yes,15,98037,95395,95404
train,EE-TX-0463,Hubley v. Dell,Equal Employment,Yes,5,25493,24639,24643
train,EE-IA-0023,EEOC v. Henry's Turkey Service,Equal Employment,No,15,47989,46473,46468
train,EE-TN-0100,"EEOC v. SCI TENNESSEE FUNERAL SERVICES, INC. DBA MEMPHIS FUNERAL HOM",Equal Employment,No,5,9145,8841,8839
train,PN-NJ-0002,U.S. v. State of New Jersey,Policing,No,23,439475,428002,428020
train,EE-SC-0025,"EEOC v. Homes America, Inc.",Equal Employment,No,7,7765,7765,7773
train,MH-VA-0004,United States v. Virginia,Mental Health (Facility),No,4,11582,11582,11579
train,EE-MI-0058,EEOC v. FORD MOTOR COMPANY & VISTEON CORPORATION,Equal Employment,No,4,6787,6787,6820
train,FH-MI-0008,United States v. Peterson,Fair Housing/Lending/Insurance,No,7,20785,20567,20570
train,FH-IL-0013,United States v. Flanagan,Fair Housing/Lending/Insurance,No,3,7256,7128,7132
train,FA-MN-0010,Hastings Automotive v. Sebelius,Speech and Religious Freedom,No,5,9346,9006,9007
train,IM-DC-0088,Central American Resource Center v. Cuccinelli,Immigration and/or the Border ,No,2,20395,19805,19811
train,EE-OR-0022,EEOC v. WINDMILL INNS OF AMERICA (d/b/a WINDMILL INN OF ASHLAND),Equal Employment,No,4,5565,5565,5574
train,IM-PA-0004,Yarzue v. Division of Immigration Health Services,Immigration and/or the Border ,No,5,19985,19690,19719
train,PB-SC-0007,Z.M. v. Baker,Public Benefits / Government Services,Yes,3,8973,8869,8889
train,IM-CA-0001,"Garrett v. City of Escondido, California",Immigration and/or the Border ,No,14,109674,109267,109129
train,JC-TN-0006,Prison Legal News v. Jones,Jail Conditions,No,7,19562,18954,18955
train,IM-MA-0011,Devitri [later Antouw] v. Cronen,Immigration and/or the Border ,Yes,18,170653,164254,164309
train,JC-CA-0068,Anderson v. Kern County,Jail Conditions,Yes,11,30956,30956,30954
train,DR-FL-0006,Disability Rights Florida v. Jones,Disability Rights-Pub. Accom.,No,6,30096,28936,28977
train,JC-MS-0012,U.S. v. Grenada County,Jail Conditions,No,6,7585,7577,7589
train,EE-TX-0006,EEOC v. ALLIED AVIATION SERVICES,Equal Employment,No,8,22873,22783,22780
train,EE-MS-0018,EEOC v. FIRST STUDENT INC,Equal Employment,No,3,3595,3475,3475
train,IM-WA-0031,Wagafe v. U.S. Citizenship and Immigration Services,Immigration and/or the Border ,Yes,36,379152,372166,372501
train,PB-MO-0006,Lawson v. Jackson County Department of Recorder of Deeds,Public Benefits / Government Services,No,6,40521,40261,40255
train,EE-OH-0123,Rotondo v. JPMorgan Chase Bank,Equal Employment,Yes,3,8983,8983,8983
train,PB-AL-0008,Strawser v. Strange,Public Benefits / Government Services,Yes,22,288401,287552,287414
train,PB-NY-0035,New York v. United States Department of Labor,Public Benefits / Government Services,No,9,296796,289946,290038
train,NS-MN-0001,Wilwal v. Kelly,National Security,No,6,35841,34711,34708
train,PC-MA-0034,Prison Legal News v. Clarke,Prison Conditions,No,3,5047,4937,4940
train,CW-AZ-0002,B.K. v. McKay,Child Welfare,Yes,8,111989,109369,109383
train,IM-NY-0044,Guzman v. VLM Inc.,Immigration and/or the Border ,Yes,5,25852,25232,25253
train,CW-NE-0001,Carson P. ex rel. Foreman v. Heineman,Child Welfare,Yes,4,107300,106016,106083
train,EE-IL-0169,"EEOC v. National Castings, Inc. And Meridian Rail Products Corp.",Equal Employment,No,2,2612,2612,2610
train,EE-AL-0026,EEOC v. ELECTRONIC DATA SYSTEMS CORP.,Equal Employment,No,5,8821,8555,8559
train,CW-IL-0006,Aristotle P. v. McDonald,Child Welfare,Yes,10,28047,27823,27818
train,IM-LA-0007,"Navarrete-Cruz v. LVI Environmental Services of New Orleans, Inc.",Immigration and/or the Border ,Yes,3,7863,7751,7756
train,IM-KS-0002,Day v. Bond,Immigration and/or the Border ,No,8,56711,55985,56007
train,JC-FL-0025,Swain v. Junior,Jail Conditions,Yes,22,273142,269223,269192
train,EE-LA-0099,United States v. Baton Rouge,Equal Employment,No,11,28464,28464,28501
train,EE-MD-0150,EEOC v. Pallett Companies,Equal Employment,No,3,5330,5248,5246
train,JC-MI-0009,ACLU of Michigan v. Livingston County,Jail Conditions,No,9,40857,40827,40815
train,EE-IL-0322,Goldberg v. Durham Trans.,Equal Employment,Yes,5,18811,18221,18267
train,PC-AR-0015,Frazier v. Kelley,Prison Conditions,Yes,21,284894,272124,272016
train,PC-MA-0013,Stone v. Boone,Prison Conditions,Unknown,5,10687,10337,10341
train,EE-FL-0034,EEOC v. Consolidation Resource Center,Equal Employment,No,5,12064,12064,12079
train,FA-MN-0004,SMA LLC v. Sebelius,Speech and Religious Freedom,No,5,22168,21138,21145
train,PC-NY-0057,Shariff v. Goord,Prison Conditions,Yes,11,39175,38699,38695
train,IM-TX-0023,United Food and Commercial Workers International Union v. Chertoff,Immigration and/or the Border ,Yes,5,18931,18723,18722
train,JC-LA-0003,Hamilton v. Schriro,Jail Conditions,Yes,31,165370,165250,165277
train,EE-GA-0103,Yarbrough v. Lockheed Martin Co.,Equal Employment,Yes,7,59994,59982,59981
train,IM-DC-0044,Democracy Forward Foundation v. U.S. Department of Homeland Security,Immigration and/or the Border ,No,7,5471,5261,5261
train,PB-PA-0020,Smith v. Department of Public Welfare of the Commonwealth of Pennsylvania,Public Benefits / Government Services,Yes,6,17538,16938,16946
train,VR-VA-0062,Project Vote/Voting for America v. Long,Election/Voting Rights,No,28,110627,106981,107036
train,JC-CA-0050,Tungwarara v. United States,Jail Conditions,No,4,15800,15734,15733
train,ED-MA-0004,S.S. v. Springfield,Education,Yes,10,75990,74582,74597
train,EE-GA-0075,EEOC v. RENTOWN,Equal Employment,No,4,4409,4199,4205
train,PC-VA-0017,Scott v. Clarke,Prison Conditions,Yes,22,150996,148096,148103
train,IM-CA-0090,City of Richmond v. Trump,Immigration and/or the Border ,No,13,107455,104136,103796
train,PB-FL-0021,Alexander v. Senior,Public Benefits / Government Services,Yes,6,18990,18780,18789
train,PB-OH-0010,Planned Parenthood of Greater Ohio v. Hodges,Public Benefits / Government Services,No,6,53066,53066,53061
train,EE-OK-0022,"EEOC v. Gardner Management Group, LLC",Equal Employment,No,7,9593,9383,9386
train,PB-NY-0027,Taylor v. Zucker,Public Benefits / Government Services,Yes,3,20997,20777,20826
train,EE-MD-0113,EEOC v. SPECIAL COUNSEL,Equal Employment,No,3,2537,2537,2539
train,PN-MI-0004,Thompson v. City of Flint,Policing,Yes,10,34017,32861,32887
train,FH-CO-0003,"Center for Rights of Parents with Disabilities v. Colorado Homeless Families, Inc.",Fair Housing/Lending/Insurance,No,4,15945,15481,15437
train,JI-LA-0002,Doe v. Foti,Juvenile Institution,Yes,6,13312,13228,13228
train,EE-AL-0082,"EEOC v. TYSON FOODS, INC.",Equal Employment,No,5,6339,5993,5998
train,JC-CO-0002,Vandehey v. Vallario,Jail Conditions,Yes,9,83320,82290,82304
train,IM-IL-0012,Ramos v. Ashcroft,Immigration and/or the Border ,Yes,11,59165,59057,59121
train,PC-LA-0015,Lewis v. Cain,Prison Conditions,Yes,9,130367,128379,128340
train,PB-FL-0003,Dubois v. Medows,Public Benefits / Government Services,Yes,7,56189,54071,54146
train,VR-OH-0081,Northeast Ohio Coalition for the Homeless v. Husted,Election/Voting Rights,No,40,273896,273632,273567
train,JI-OH-0004,S.H. v. Stickrath,Juvenile Institution,Yes,11,139843,138753,138805
train,EE-MI-0065,EEOC v. FIVE CAP INC,Equal Employment,No,3,3657,3657,3667
train,PN-TX-0001,Salinas v. City of New Braunfels,Policing,No,11,24041,23821,23834
train,PN-LA-0001,United States v. City of New Orleans,Policing,No,58,743865,720265,719904
train,EE-CO-0034,"EEOC v. Loaf 'N Jug / Mini Mart, Inc.",Equal Employment,No,7,11110,10900,10896
train,IM-OH-0004,Ohio State University Moritz College of Law Civil Clinic and Advocates for Basic Legal Equality v. U.S. Customs and Border Protection,Immigration and/or the Border ,No,5,7514,7514,7514
train,PB-CA-0058,Scholl v. Mnuchin,Public Benefits / Government Services,Yes,8,69455,67835,67801
train,PC-CT-0010,West v. Manson,Prison Conditions,Yes,3,18156,18156,18154
train,EE-IL-0057,EEOC v. CONTINENTAL AIRLINES,Equal Employment,No,5,25413,25327,25309
train,NS-CA-0019,Electronic Frontier Foundation v. Office of the Director of National Intelligence,National Security,No,5,13615,13465,13464
train,JC-OH-0010,Roberts v. County of Mahoning,Jail Conditions,Yes,35,94349,91802,91845
train,MH-CA-0004,U.S. v. California,Mental Health (Facility),No,10,101569,100885,100899
train,EE-MI-0137,EEOC v. RITE AID CORPORATION,Equal Employment,No,3,1823,1823,1829
train,DR-CO-0012,Lucas v. Colorado Rockies Baseball Calub,Disability Rights-Pub. Accom.,No,4,18826,18826,18831
train,IM-RI-0003,City of Providence v. Sessions,Immigration and/or the Border ,No,8,41971,41021,41040
train,PB-IN-0004,Love v. Pence,Public Benefits / Government Services,No,4,10207,10037,10055
train,IM-CA-0174,Immigration Equality v. U.S. Department of Homeland Security,Immigration and/or the Border ,No,3,65583,64130,64183
train,PN-WA-0003,Hankin v. City of Seattle,Policing,Yes,15,91794,90638,90649
train,PC-FL-0017,Lee v. Singletary,Prison Conditions,Yes,3,20706,20706,20711
train,PC-MI-0031,Dowdy-El v. Caruso,Prison Conditions,Yes,12,35348,35330,35326
train,IM-AZ-0017,League of United Latin American Citizens v. Arizona,Immigration and/or the Border ,Yes,6,35557,34675,34687
train,EE-MI-0191,"Allen v. Sears, Roebuck and Co.",Equal Employment,Yes,10,35515,35405,35417
train,JI-MS-0005,J.A. v. Barbour,Juvenile Institution,Yes,7,23647,23137,23139
train,VR-MI-0073,Michigan State A. Philip Randolph Institute v. Johnson,Election/Voting Rights,No,13,103646,102667,102696
train,DR-VT-0001,Jones v. National Conference of Bar Examiners,Disability Rights-Pub. Accom.,No,9,28911,28401,28396
train,FA-MI-0014,Michigan Catholic Conference v. Sebelius,Speech and Religious Freedom,No,17,97614,96402,96470
train,EE-OH-0076,EEOC v. Unitrin Specialty,Equal Employment,No,4,13900,13900,13904
train,EE-MD-0059,"EEOC v. INTERSTATE EQUITIES, INC. d/b/a BURGER KING",Equal Employment,No,3,3527,3527,3517
train,PC-IN-0019,Prison Legal News v. The GEO Group,Prison Conditions,No,4,5836,5696,5696
train,FH-IL-0014,United States v. Sabbia,Fair Housing/Lending/Insurance,No,4,8507,8411,8410
train,PB-AR-0007,Little Rock Family Planning Services v. Rutledge,Public Benefits / Government Services,No,13,243823,235721,235732
train,PD-IN-0002,Wilson v. Allen County,Indigent Defense,Yes,5,19133,18633,18640
train,ED-CA-0035,Black Parallel School Board v. Sacramento City Unified School District,Education,Yes,2,20792,20352,20355
train,NS-NY-0011,ACLU v. NSA,National Security,No,11,109921,107563,107593
train,PD-TX-0002,Willey v. Ewing,Indigent Defense,No,5,12982,12742,12733
train,EE-AZ-0033,"EEOC v. Creative Networks, L.L.C.",Equal Employment,No,8,37005,36677,36683
train,EE-NM-0008,EEOC v. ALLIANCE RESIDENTIAL LLC,Equal Employment,No,3,2615,2599,2605
train,EE-FL-0026,EEOC v. CON-WAY TRUCKING,Equal Employment,No,4,10414,10386,10390
train,DR-CA-0024,Moeller v. Taco Bell,Disability Rights-Pub. Accom.,Yes,65,509572,503996,503708
train,EE-NY-0043,EEOC v. E. GLUCK CORPORATION,Equal Employment,No,3,4964,4930,4925
train,ED-DC-0003,D.L. v. District of Columbia,Education,Yes,29,253927,251817,251835
train,EE-NY-0196,United States of America v. New York State Department of Correctional Services,Equal Employment,No,4,4735,4731,4735
train,PC-TX-0016,Cole v. Collier,Prison Conditions,Yes,21,178403,176405,176414
train,IM-IL-0016,Alsamman v. Gonzales,Immigration and/or the Border ,Yes,5,23695,23501,23499
train,JC-NY-0082,Williamson v. Maciol,Jail Conditions,Yes,3,14569,14149,14149
train,JC-MI-0008,Jackson v. County of Isabella,Jail Conditions,Yes,3,10766,10766,10773
train,PC-CA-0048,Jackson v. Dezember,Prison Conditions,Yes,15,20013,19551,19541
train,JC-MS-0024,Bell v. City of Jackson,Jail Conditions,Yes,5,23489,22799,22792
train,PB-MI-0019,Brown v. Snyder,Public Benefits / Government Services,No,9,37439,36683,36630
train,FA-MN-0003,"Annex Medical, Inc. v. Sebelius",Speech and Religious Freedom,No,12,50442,48792,48712
train,JC-IL-0035,Thompson v. Cook County,Jail Conditions,No,4,20493,20493,20501
train,PN-NY-0058,Wood v. De Blasio,Policing,Yes,3,17088,16526,16526
train,IM-DC-0094,National Immigrant Justice Center v. Executive Office for Immigration Review,Immigration and/or the Border ,No,2,23386,22636,22656
train,JC-VA-0017,Young v. Newton,Jail Conditions,No,4,19545,18865,18878
train,EE-NY-0273,"Chen-Oster v. Goldman, Sachs",Equal Employment,Yes,18,233174,228374,228423
train,JC-AL-0020,"Maynor v. Morgan County, Ala.",Jail Conditions,Yes,11,36942,35970,35975
train,PC-OH-0034,Wilson v. Williams,Prison Conditions,Yes,39,286999,286999,286815
train,EE-MI-0067,EEOC v. Ford Motor Co.,Equal Employment,No,3,2488,2488,2490
train,CJ-AL-0006,Ray v. Judicial Corrections Services,Criminal Justice (Other),Yes,14,209023,204943,204961
train,PC-FL-0033,Beaubrun v. United States,Prison Conditions,No,2,17306,16526,16524
train,EE-MP-0008,EEOC v. SAIPAN GRAND HOTEL,Equal Employment,No,6,12613,12613,12628
train,PC-GA-0003,John Doe & J. Roe v. Evans,Prison Conditions,No,2,6883,6843,6842
train,PC-ME-0001,Brown v. Mckernan,Prison Conditions,Yes,2,5995,5979,5985
train,JC-CO-0005,Clay v. Pelle,Jail Conditions,Yes,6,22679,22089,22088
train,EE-IL-0175,EEOC v. PAL HEALTH TECHNOLOGIES INC,Equal Employment,No,4,8033,7933,7935
train,IM-AZ-0005,We Are America/Somos America Coalition of Arizona v. Maricopa County Board of Supervisors,Immigration and/or the Border ,Yes,9,60334,59886,59902
train,JC-IL-0043,Harper v. Sheriff of Cook County,Jail Conditions,Yes,5,7961,7913,7917
train,VR-AL-0268,People First of Alabama v. Merrill,Election/Voting Rights,No,23,272373,262430,262546
train,IM-OR-0005,Unite Oregon v. Trump,Immigration and/or the Border ,No,3,5839,5565,5563
train,NS-DC-0075,Paul v. Obama,National Security,Yes,5,13515,13105,13114
train,FA-IN-0004,Grote Industries v. Sebelius,Speech and Religious Freedom,No,11,98697,96107,96049
train,EE-TX-0142,EEOC v. GEOSCIENCE ENGINEERING &TESTING INC,Equal Employment,No,4,9242,9242,9246
train,PA-NY-0004,National Fair Housing Alliance et al. v. Facebook,Public Accomm./Contracting,No,4,33269,32169,32145
train,JC-CA-0136,Ruelas v. County of Alameda,Jail Conditions,Yes,2,8476,8296,8304
train,PB-LA-0007,"Planned Parenthood Gulf Coast, Inc. v. Kliebert",Public Benefits / Government Services,Yes,5,61436,60734,60750
train,EE-MN-0043,EEOC v. LUBRICATION TECHNOLOGIES,Equal Employment,No,3,3924,3834,3841
train,EE-MO-0066,"EEOC v. PRAXAIR SURFACE TECHNOLOGIES, INC.",Equal Employment,No,5,8071,8071,8076
train,FH-WA-0001,Balvage v. Ryderwood Improvement and Service Association,Fair Housing/Lending/Insurance,Yes,24,113695,112945,112925
train,IM-NJ-0010,Rodriguez Alvarado v. United States,Immigration and/or the Border ,No,5,23580,22940,22933
train,EE-CA-0055,EEOC v. CLOUGHERTY PACKING CO. dba FARMER JOHN,Equal Employment,No,3,5546,5490,5488
train,EE-MI-0130,"EEOC v. Pascal Co., Inc.",Equal Employment,No,4,5662,5662,5662
train,IM-GA-0015,Benavides v. Gartland,Immigration and/or the Border ,No,9,97610,94080,94063
train,IM-MO-0001,"Reynolds v. City of Valley Park, Missouri",Immigration and/or the Border ,No,43,162351,161618,161619
train,EE-NC-0017,EEOC v. CAROLINA FLOOR SYSTEMS INC,Equal Employment,No,3,1775,1775,1777
train,ID-TN-0004,U.S. v. Tennessee,Intellectual Disability (Facility),No,12,47304,47304,47332
train,JI-AR-0003,U.S. v. Arkansas,Juvenile Institution,No,4,14871,14795,14808
train,EE-TX-0091,EEOC v. WILLIAMSON COUNTY CABLEVISION COMPANY (d/b/a COX COMMUNICATIONS),Equal Employment,No,8,11551,11141,11168
train,EE-MD-0135,"United States of America v. The New Baltimore City Board of School Commissioners, Its Chief Executive Officer, and the Baltimore City Public School System",Equal Employment,No,2,1123,1111,1110
train,EE-MI-0129,"EEOC v. Paradigm Sintered Products, Inc.",Equal Employment,No,3,1929,1917,1921
train,IM-CA-0049,Reyes v. Alcantar,Immigration and/or the Border ,No,11,21767,21727,21734
train,IM-DC-0061,Muthana v. Pompeo,Immigration and/or the Border ,No,6,67128,65528,65402
train,IM-DC-0074,Samma v. United States Department of Defense,Immigration and/or the Border ,Yes,2,14487,14077,14081
train,EE-TN-0148,Kivilaan v. American Airlines,Equal Employment,Yes,9,29547,27087,27087
train,PC-NE-0009,El-Tabech v. Houston,Prison Conditions,Yes,34,70255,69939,70099
train,EE-TX-0123,EEOC v. FARRIS CONCRETE,Equal Employment,No,3,5606,5446,5451
train,IM-NY-0051,Batalla Vidal v. Nielsen,Immigration and/or the Border ,Yes,41,827176,802341,801898
train,IM-NM-0001,"Robinson v. Board of County Commissioners, Otero County, New Mexico",Immigration and/or the Border ,No,4,9392,9384,9385
train,PB-NY-0015,Clark v. Astrue,Public Benefits / Government Services,Yes,9,42047,41391,41414
train,IM-PA-0013,Issa v. School District of Lancaster,Immigration and/or the Border ,Yes,9,119608,116644,116662
train,JC-IL-0044,Phipps v. Sheriff of Cook County,Jail Conditions,Yes,20,89187,86931,86969
train,IM-CA-0136,Diouf v. Napolitano,Immigration and/or the Border ,No,6,30895,30501,30517
train,PC-AZ-0017,Gamez v. Ryan,Prison Conditions,Yes,9,46142,44472,44470
train,PC-MD-0015,Albert v. Global TelLink Corp.,Prison Conditions,Yes,2,38955,37735,37710
train,JC-DC-0006,Bame v. Clark,Jail Conditions,Yes,11,58108,57158,57165
train,EE-UT-0004,RICHARDS v. CONVERGYS,Equal Employment,No,7,16553,16553,16549
train,EE-NV-0029,EEOC v. PEPPERMILL HOTEL & CASINO,Equal Employment,No,3,2594,2514,2514
train,EE-MS-0062,"EEOC v. Venture, Inc. d/b/a Save-A-Lot",Equal Employment,No,5,16568,16148,16153
train,VR-SD-0048,Brooks v. Gant,Election/Voting Rights,No,9,57196,56076,56067
train,JC-CA-0020,"Chatoian v. Marin County, California",Jail Conditions,Yes,7,44995,44109,44087
train,EE-DC-0075,Little v. Washington Metro. Area Transit Auth.,Equal Employment,Yes,9,48951,47779,47820
train,EE-PA-0094,EEOC v. JERITH MANUFACTURING COMPANY,Equal Employment,No,4,5476,5398,5400
train,EE-IA-0008,"EEOC v. FIRST STUDENT, INC.",Equal Employment,No,7,11935,11935,11934
train,MH-HI-0001,United States v. Hawaii,Mental Health (Facility),No,8,29744,29744,29731
train,EE-FL-0049,Forrey v Federated Financial Services,Equal Employment,Yes,26,48157,47421,47425
train,EE-TX-0427,"United States of America v. City of Willis, Texas",Equal Employment,No,3,6316,6260,6256
train,JC-NY-0023,Ingles v. Toro,Jail Conditions,Yes,4,59203,59015,59059
train,FA-PA-0007,Conestoga Wood Specialties Corp. v. Sebelius,Speech and Religious Freedom,No,15,82662,81142,81129
train,ED-CT-0008,R. v. Connecticut State Board of Education,Education,Yes,6,29101,28251,28249
train,EE-UT-0016,EEOC v. Sbarro's Italian Eatery,Equal Employment,No,12,32893,32893,32906
train,EE-IL-0333,EEOC v. United Airlines,Equal Employment,No,11,17018,16854,16874
train,EE-NE-0015,EEOC v. The Hertz Corporation,Equal Employment,No,3,4192,4148,4133
train,JC-KY-0014,"Chapman v. Hardin County, Kentucky",Jail Conditions,Yes,10,39484,39454,39504
train,FH-DC-0010,Garcia v. Vilsack,Fair Housing/Lending/Insurance,Yes,14,79594,77756,77769
train,NS-MD-0001,Wikimedia Foundation v. National Security Agency,National Security,No,9,83321,81301,81221
train,VR-WI-0018,Whitford v. Gill,Election/Voting Rights,No,72,692033,690693,689478
train,JC-VA-0014,Prison Legal News v. Stolle,Jail Conditions,No,8,46852,46562,46575
train,PB-AL-0015,"Planned Parenthood Southeast, Inc. v. Bentley",Public Benefits / Government Services,Yes,5,21867,21527,21517
train,CJ-WA-0006,Chen v. GEO,Criminal Justice (Other),Yes,8,35467,34757,34754
train,EE-TX-0347,"EEOC v. Simran Investments, Inc. d/b/a ""Only $1.00 & Nothing Over $1.00""",Equal Employment,No,3,3756,3702,3710
train,EE-LA-0012,EEOC v. CENTRAL AMERICAN INSURANCE,Equal Employment,No,5,7743,7487,7493
train,EE-TX-0343,EEOC v. Sheng−Raamco Management Inc,Equal Employment,No,4,5279,5263,5259
train,FA-TX-0004,Planned Parenthood Association v. Suehs,Speech and Religious Freedom,No,8,23878,23622,23619
train,EE-OH-0007,"EEOC v. American Metal Coatings, Inc. & Dino Land Properties, Inc.",Equal Employment,No,4,16715,16715,16719
train,IM-NJ-0002,"Assembly of God Church Riverside v. Township of Riverside, New Jersey",Immigration and/or the Border ,Yes,6,14727,14425,14436
train,PB-CA-0046,Hart v. Colvin,Public Benefits / Government Services,Yes,9,70917,69549,69490
train,NS-MI-0004,Mokdad v. Lynch,National Security,No,6,14970,14970,14970
train,EE-TX-0426,"United States of America v. Elsa County, Texas",Equal Employment,No,3,4814,4814,4809
train,ED-FL-0001,Flood v. Florida Gulf Coast University,Education,No,3,11746,11506,11499
train,EE-FL-0012,EEOC v. AA Precast,Equal Employment,No,3,4518,4342,4344
train,IM-IL-0023,City of Chicago v. Sessions III,Immigration and/or the Border ,No,5,76649,76053,76069
train,EE-OH-0060,EEOC v. REGIS CORPORATION dba SMART STYLE HAIR SALON,Equal Employment,No,5,7112,7112,7118
train,EE-FL-0021,EEOC v. Stock Building Supply,Equal Employment,No,7,13699,13475,13468
train,IM-CA-0051,"Perez-Olano v. Gonzalez [later Holder, Sessions]",Immigration and/or the Border ,Yes,11,72938,71182,71220
train,MH-MS-0002,Disability Rights Mississippi v. Mississippi Children's Home Services,Mental Health (Facility),No,5,13381,13031,13033
train,EE-PA-0243,"Cozen O'Connor, P.C. v. Tobits",Equal Employment,No,5,39071,38181,38144
train,EE-TX-0365,EEOC v. Tiffany Billiards,Equal Employment,No,3,4317,4225,4231
train,EE-MO-0085,"EEOC v. THE JONES STORE & MAY DEPARTMENT STORES, CO.",Equal Employment,No,3,2456,2456,2461
train,IM-NJ-0005,"Zavala v Wal-Mart Stores, Inc.",Immigration and/or the Border ,Yes,25,231256,226352,226665
train,EE-KY-0006,EEOC v. Donna Salyers' Fabulous Furs Co.,Equal Employment,No,5,7249,7089,7092
train,EE-TX-0018,EEOC v. APT REPAIRS INC,Equal Employment,No,3,4227,4189,4194
train,IM-WA-0017,Gonzalez Machado v. Ashcroft,Immigration and/or the Border ,Yes,3,11999,11963,11962
train,FA-CO-0005,Briscoe v. Sebelius,Speech and Religious Freedom,No,6,21381,21081,21089
train,NS-OH-0002,United States v. Mohammad,National Security,No,12,70997,70991,70996
train,EE-PA-0176,EEOC v. UNITED PARCEL SERVICE,Equal Employment,No,3,4309,4309,4314
train,PC-DC-0029,Dhiab v. Obama,Prison Conditions,No,23,100241,98751,98727
train,EE-NV-0044,EEOC v. Western Casework Corporation,Equal Employment,No,6,15970,15503,15521
train,JC-TX-0012,United States v. Dallas County,Jail Conditions,No,7,26783,26397,26371
train,PR-CA-0004,Sierra Club v. Trump,Presidential/Gubernatorial Authority,No,16,194694,192274,192200
train,EE-IL-0104,"EEOC v. Golf Galaxy, Inc.",Equal Employment,No,4,7766,7766,7764
train,EE-AL-0120,"JOHNSON v. STEELCASE, INC.",Equal Employment,Yes,10,25024,23808,23786
train,DR-TX-0002,Galeas v. Law School Admission Council,Disability Rights-Pub. Accom.,No,4,3819,3681,3693
train,PC-DC-0024,Doe #1 v. Rumsfeld,Prison Conditions,No,23,126156,124528,124473
train,EE-NM-0048,EEOC v. UNIVERSITY OF PHOENIX,Equal Employment,No,11,39821,39821,39824
train,NS-DC-0107,James Madison Project (Politico) v. U.S. Department of Homeland Security,National Security,No,3,17234,16649,16593
train,ED-CT-0002,Alexander v. Yale,Education,Yes,21,30516,30516,30559
train,PC-IL-0037,Prison Legal News v. Cook County,Prison Conditions,No,4,15597,15533,15535
train,DR-NY-0004,"The Authors Guild v. HathiTrust, Inc.",Disability Rights-Pub. Accom.,No,10,77670,76290,76294
train,PB-WV-0005,Women's Health Center of West Virginia v. Morrisey,Public Benefits / Government Services,No,5,13047,12587,12585
train,CJ-CA-0007,Beardslee v. Woodford,Criminal Justice (Other),No,5,14075,13945,13942
train,PC-PA-0050,Remick v. City of Philadelphia,Prison Conditions,Yes,8,83982,81161,81153
train,JI-MS-0007,DePriest ex rel. C.B. v. Walnut Grove Correctional Authority,Juvenile Institution,Yes,13,119657,117940,117931
train,EE-DC-0072,Baldwin v. Panetta,Equal Employment,No,2,9421,9171,9162
train,PH-WA-0001,Wilson v. Seattle Housing Authority,Public Housing,Yes,5,37177,35977,35981
train,EE-FL-0082,EEOC v. MARINE BANK OF THE FLORIDA KEYS,Equal Employment,No,5,6092,6010,6019
train,JC-MI-0011,Cameron v. Bouchard,Jail Conditions,Yes,27,303075,295954,295956
train,EE-FL-0011,"EEOC v. AWARENESS TECHNOLOGY, INC.",Equal Employment,No,3,7268,7164,7165
train,EE-IL-0155,EEOC v. Mediterranean Partners,Equal Employment,No,4,11144,10838,10844
train,IM-OR-0008,Oregon v. Trump,Immigration and/or the Border ,No,6,37955,37295,37320
train,FA-MO-0009,"Sioux Chief MFG. Co, Inc. v. Sebelius",Speech and Religious Freedom,No,4,10650,10360,10366
train,EE-CA-0139,"EEOC v. MEADOWVIEW COMMUNITY ACTION, INC.",Equal Employment,No,4,2937,2897,2910
train,IM-NY-0048,Tsamcho v. Napolitano,Immigration and/or the Border ,Yes,5,21002,20288,20301
train,EE-NC-0018,"EEOC v. CAROLYN FABRICS, INC D/B/A",Equal Employment,No,3,3918,3808,3808
train,PB-MS-0007,Planned Parenthood Southeast v. Dzielak,Public Benefits / Government Services,No,4,14678,14158,14152
train,FA-MN-0001,Child Evangelism Fellowship of Minnesota v. Minneapolis Special Sch. Dist. No. 1,Speech and Religious Freedom,No,10,20315,19959,19946
train,IM-CA-0162,Zepeda Rivas v. Jennings,Immigration and/or the Border ,Yes,35,498775,482857,481928
train,ED-AL-0002,Johnson v. Gadsden City Schools,Education,No,5,6261,6011,6016
train,CJ-MT-0003,Van Valkenburg v. County Attorney's Office for Missoula,Criminal Justice (Other),No,10,129841,129535,129474
train,PB-TN-0008,Adams & Boyle v. Slatery,Public Benefits / Government Services,No,17,110792,108430,108405
train,FA-OK-0004,Awad v. Ziriax,Speech and Religious Freedom,No,8,40695,40285,40311
train,ED-TN-0002,Lopez v. Metro. Gov’t of Nashville & Davidson Cnty.,Education,Yes,18,106231,104359,104322
train,EE-IL-0067,"EEOC v. Crownline Boats, Inc.",Equal Employment,No,5,7213,7093,7096
train,EE-DC-0073,In re Navy Chaplaincy,Equal Employment,Yes,47,418394,414264,414253
train,PC-NC-0013,Etters v. Young,Prison Conditions,Yes,12,45306,44194,44195
train,EE-NJ-0125,Junior v. White Castle System Inc.,Equal Employment,No,5,7585,7245,7258
train,PC-OH-0001,Austin v. Wilkinson,Prison Conditions,Yes,18,139656,139390,139241
train,EE-NV-0022,"EEOC v. MGM MIRAGE, INC.",Equal Employment,No,5,11053,10895,10910
train,EE-WA-0055,EEOC v. MARITIME EMPLOYMENT SERVICES INC,Equal Employment,No,5,4085,3933,3941
train,EE-OK-0001,"EEOC v. ACTION, INC.",Equal Employment,No,5,7936,7636,7623
train,EE-CA-0266,EEOC v. WESTERN SHOWER DOOR INC,Equal Employment,No,2,2126,2126,2139
train,EE-WA-0090,EEOC v. SUPERVALU INC,Equal Employment,No,3,4681,4677,4687
train,PN-CA-0017,Trujillo v. City of Ontario,Policing,Yes,14,84287,82517,82505
train,EE-TX-0325,EEOC v. SERVICE ELECTRONICS,Equal Employment,No,5,7902,7902,7910
train,ID-NJ-0005,Sciarrillo ex rel. St. Amand v. Christie,Intellectual Disability (Facility),Yes,7,31069,30369,30365
train,EE-GA-0099,United States v. City of Alma and Bacon County Georgia,Equal Employment,No,5,9420,9372,9372
train,FA-MO-0011,"CNS International Ministries, Inc. v. Sebelius",Speech and Religious Freedom,No,4,7256,7252,7250
train,EE-NY-0056,EEOC v. WILLIAM O BENENSON REHABILITATION PAVILION,Equal Employment,No,6,18978,18384,18384
train,PC-WI-0010,Sundstrom and Fields v. Frank,Prison Conditions,Yes,20,186597,184172,184072
train,EE-TX-0225,EEOC v. METROPOLITAN LIFE INSURANCE COMPANY,Equal Employment,No,3,2309,2309,2313
train,PB-IL-0007,Grooms v. Maram,Public Benefits / Government Services,No,13,72025,70285,70315
train,ED-CT-0005,Alicia B. v. Malloy,Education,No,7,31262,31026,31042
train,DR-IL-0005,Lacy v. Dart,Disability Rights-Pub. Accom.,Yes,15,62924,62308,62317
train,IM-WA-0028,Ali v. Trump,Immigration and/or the Border ,Yes,28,271012,264948,264521
train,FA-FL-0005,Beckwith v. Sebelius,Speech and Religious Freedom,No,11,40057,38857,38851
train,PN-WA-0001,United States v. City of Seattle,Policing,No,87,1016255,983431,983153
train,EE-MS-0031,"EEOC v. JA & P RESTAURANTS, INC. d/b/a CRECHALES RESTAURANT",Equal Employment,No,4,7657,7427,7431
train,IM-NY-0057,Knight First Amendment Institute v. U.S. Department of Homeland Security,Immigration and/or the Border ,No,6,33224,32174,32179
train,FA-IL-0007,Hartenbower v. United States Department of Health and Human Services,Speech and Religious Freedom,No,8,10474,10330,10338
train,EE-FL-0074,EEOC v. LINCARE INC,Equal Employment,No,4,6305,6209,6208
train,JC-MS-0017,U.S. v. Tupelo City,Jail Conditions,No,6,12418,12402,12415
train,EE-TX-0348,EEOC v. Sodd Enterprises,Equal Employment,No,3,3805,3776,3782
train,CJ-MO-0007,Pierce v. City of Velda City,Criminal Justice (Other),Yes,3,5933,5933,5932
train,JC-MD-0003,Crutchfield v. Wright,Jail Conditions,No,3,2141,2135,2136
train,IM-WA-0038,Padilla v. U.S. Immigration and Customs Enforcement,Immigration and/or the Border ,Yes,8,66562,65272,65235
train,PB-CA-0051,San Jose v. Ross,Public Benefits / Government Services,No,10,98725,96445,96431
train,EE-FL-0014,EEOC v. ACCULAB LABORATORIES INC (d/b/a ACCULAB),Equal Employment,No,5,7797,7573,7590
train,PC-NY-0051,Rosario v. Goord,Prison Conditions,Yes,5,14957,14957,14969
train,CJ-IL-0003,M.H. v. Monreal,Criminal Justice (Other),Yes,15,52923,52411,52413
train,EE-NM-0035,"EEOC v. NEW MEXICO NEWSPAPERS, INC., dba THE DAILY TIMES",Equal Employment,No,2,1989,1989,1997
train,CW-MS-0001,Olivia Y. v. Barbour,Child Welfare,Yes,31,483082,470770,473569
train,NS-NY-0008,ACLU v. FBI,National Security,No,7,33120,32344,32359
train,IM-MN-0003,Arias v. U.S. Immigration and Customs Enforcement,Immigration and/or the Border ,No,12,76623,75473,75480
train,PC-MI-0043,M.V. v. Lyon,Prison Conditions,Yes,4,19268,18686,18664
train,IM-DC-0041,National Immigration Project of the National Lawyers Guild v. U.S. Immigration and Customs Enforcement,Immigration and/or the Border ,No,2,10322,9992,9994
train,PC-CT-0021,Martinez-Brooks v. Easter,Prison Conditions,Yes,19,290791,282115,281538
train,IM-CA-0156,City and County of San Francisco v. U.S. Citizenship and Immigration Services,Immigration and/or the Border ,No,8,103746,102178,102139
train,PB-ID-0001,Latta v. Otter,Public Benefits / Government Services,No,12,80951,79629,79597
train,EE-FL-0055,"EEOC v. G.F.B. Enterprises, Llc D/B/A Lexus Of Kendall",Equal Employment,No,8,11544,11362,11365
train,IM-NH-0001,Gomes v. US Department of Homeland Security,Immigration and/or the Border ,Yes,13,52280,50920,50906
train,IM-CA-0161,Roman v. Wolf,Immigration and/or the Border ,Yes,27,240382,234394,234174
train,PB-NY-0034,Family Equality v. Azar,Public Benefits / Government Services,No,2,11352,10962,10969
train,ED-PA-0008,Junior Doe v. Allentown School District,Education,No,9,92609,90523,90547
train,PB-TN-0005,Tanco v. Haslam,Public Benefits / Government Services,No,10,90579,90339,90255
train,PN-DC-0002,Grand Lodge of the Fraternal Order of Police v. Janet Reno,Policing,No,3,9337,9325,9341
train,EE-MD-0027,"EEOC v. DOURON, INC.",Equal Employment,No,3,2169,2169,2172
train,PN-OH-0008,United States v. City of Cleveland,Policing,No,32,562666,562518,562406
train,IM-AZ-0024,Jacobson v. U.S. Department of Homeland Security,Immigration and/or the Border ,No,5,65277,63605,63608
train,PC-MI-0035,"Michigan Protection & Advocacy Service, Inc. v. Caruso",Prison Conditions,No,12,70654,69502,69509
train,JC-MD-0018,Catchings v. Wilson,Jail Conditions,Yes,8,56458,54508,54535
train,PB-TX-0011,Frew v. Traylor,Public Benefits / Government Services,Yes,33,337255,329538,329422
train,EE-MI-0122,EEOC v. North Oakland Medical Center,Equal Employment,No,3,4957,4831,4828
train,PC-LA-0019,Livas v. Myers,Prison Conditions,Yes,12,70989,68291,68221
train,EE-LA-0098,"United States of America v. City of Ville Platte, Louisiana",Equal Employment,No,3,3855,3718,3720
train,IM-PA-0006,Buck v. Stankovic,Immigration and/or the Border ,No,6,29782,29242,29239
train,JC-FL-0011,Cottone v. Jenne,Jail Conditions,No,14,106867,106435,106460
train,ID-DC-0001,Evans v. Fenty,Intellectual Disability (Facility),Yes,44,251645,249725,249697
train,NS-OR-0005,ACLU of Oregon v. U.S. Department of Homeland Security,National Security,No,2,18126,17690,17694
train,EE-LA-0005,EEOC v. Asplundh Tree Expert Co.,Equal Employment,No,4,4564,4504,4506
train,PH-TX-0004,Inclusive Communities Project v. Texas Department of Housing and Community Affairs,Public Housing,No,20,120204,118910,119032
train,EE-PA-0248,Blatt v. Cabela's Retail,Equal Employment,No,8,28123,27253,27277
train,PC-MO-0016,Washington v. Denney,Prison Conditions,No,7,37989,37289,37341
train,ED-AR-0002,Jim C. v. Arkansas Department of Education,Education,No,7,23180,22490,22545
train,JI-OK-0002,U.S. v. Oklahoma,Juvenile Institution,No,15,64656,64316,64325
train,EE-TX-0094,EEOC v. DALFORT AEROSPACE LP,Equal Employment,No,3,5518,5502,5502
train,EE-TX-0163,EEOC v. HOOTERS ARLINGTON VENTURE I,Equal Employment,No,5,14558,14374,14377
train,PC-DC-0005,Inmates of Three Lorton Facilities v. District of Columbia,Prison Conditions,Yes,5,27288,27192,27196
train,PB-OH-0008,Ball v. Kasich,Public Benefits / Government Services,Yes,13,106601,106601,106631
train,CW-TN-0001,Brian A. v. Haslam,Child Welfare,Yes,35,260138,257059,257041
train,EE-WA-0111,"EEOC v. WildTangent, Inc.",Equal Employment,No,3,4768,4768,4777
train,EE-ID-0019,EEOC v. LARRY H. MILLER CORPORATION,Equal Employment,No,3,4397,4397,4407
train,JI-DE-0001,John A and Mary B v. Castle,Juvenile Institution,Yes,9,34942,34902,34961
train,EE-NC-0131,"United States of America v. Columbus County, North Carolina",Equal Employment,No,3,5739,5683,5670
train,PC-VA-0016,Brown v. Ray,Prison Conditions,No,9,23513,22974,23389
train,CJ-DC-0004,Jones v. Gov't of D.C.,Criminal Justice (Other),Yes,6,22611,21871,21871
train,IM-CA-0097,Gonzalez Torres v. U.S. Department of Homeland Security,Immigration and/or the Border ,No,23,130032,126070,126075
train,EE-GU-0003,United States of America v. University of Guam,Equal Employment,No,3,8071,7987,7967
train,FA-PA-0011,Catholic Charities of the Archdiocese of Philadelphia v. Sebelius,Speech and Religious Freedom,No,5,17777,17467,17466
train,PD-MO-0003,Church v. State of Missouri,Indigent Defense,Yes,8,80493,79373,79379
train,EE-TN-0106,EEOC v. Stein World LLC,Equal Employment,No,8,14117,13645,13639
train,FH-GA-0007,Boykin v. Bank of America Corporation,Fair Housing/Lending/Insurance,No,7,12454,12206,12213
train,PN-OH-0001,"U.S. v. City of Columbus, Ohio",Policing,No,27,141649,141537,141728
train,IM-MN-0005,Ngwanyia v. Ashcroft,Immigration and/or the Border ,Yes,10,59174,59174,59201
train,MH-NY-0002,U.S. v. New York,Mental Health (Facility),No,5,10637,10603,10614
train,IM-NY-0080,New York v. Trump,Immigration and/or the Border ,No,7,92976,91054,91011
train,PN-MD-0009,Overbey v. Mayor & City Council of Baltimore,Policing,No,6,37658,36708,36712
train,EE-NM-0013,"EEOC v. Bell Gas, Inc. (AWC Propane)",Equal Employment,No,9,21059,20913,20921
train,IM-CA-0076,Guerrero v. Cal. Dep't of Corr. & Rehab,Immigration and/or the Border ,No,11,81158,80368,80362
train,JC-LA-0030,"Belton, Jr. v. East Baton Rouge Parish Prison",Jail Conditions,Yes,13,193696,190038,190034
train,DR-CA-0038,Center for Independent Living v. Wal-Mart Stores,Disability Rights-Pub. Accom.,Yes,10,31264,31010,31023
train,NS-CA-0030,Fazaga v. Federal Bureau of Investigation,National Security,Yes,12,222570,220391,220329
train,EE-IA-0021,Johnson v. University of Iowa,Equal Employment,Yes,10,72163,71313,71144
train,JC-CA-0062,Foster v. City of Oakland,Jail Conditions,Yes,11,47283,47043,47023
train,PC-CT-0001,Joslyn v. Armstrong,Prison Conditions,No,4,9854,9814,9823
train,IM-NC-0003,"North Carolina Growers' Association, Inc. v. Solis",Immigration and/or the Border ,Yes,11,58354,57624,57624
train,EE-CA-0157,EEOC v. Pacific Homes d/b/a Fredricka Manor,Equal Employment,No,3,2992,2872,2892
train,FH-NY-0009,Sierra v. City of New York,Fair Housing/Lending/Insurance,No,6,19447,19367,19356
train,EE-IA-0016,EEOC v. THE DIAL CORPORATION,Equal Employment,No,9,25902,25848,25816
train,PC-IA-0012,Bear v. Kautzky,Prison Conditions,No,10,24621,23929,23923
train,JC-CO-0010,Carranza v. Reams,Jail Conditions,Yes,25,239119,230555,230533
train,DR-CA-0028,Lane v. Santa Cruz Metro. Transit District,Disability Rights-Pub. Accom.,No,10,27720,27720,27733
train,EJ-NC-0001,North Carolina Environmental Justice Network v. Taylor,Environmental Justice,No,8,41210,39716,39730
train,FA-IL-0008,Shakman v. Democratic Organization of Cook County,Speech and Religious Freedom,Yes,27,464492,462794,462544
train,IM-AZ-0012,"Murillo v. Servicios Agricolas Mex, Inc.",Immigration and/or the Border ,No,8,85370,84820,84836
train,EE-NY-0291,"Juarez v. Northwestern Mutual Life Insurance Company, Inc.",Equal Employment,Yes,4,13919,13613,13634
train,PA-TX-0001,Texas v. United States,Public Accomm./Contracting,No,13,64246,62772,62771
train,EE-ID-0024,EEOC v. RALPH'S INC (d/b/a SHERMAN IGA d/b/a IGA INC),Equal Employment,No,6,14325,14305,14319
validation,EE-MO-0105,Stocking v. AT&T Corporation,Equal Employment,Yes,5,18239,18239,18239
validation,EE-MI-0138,EEOC v. ROBERT BOSCH CORPORATION,Equal Employment,No,7,19897,19897,19890
validation,EE-FL-0124,"Jones v. City of Fort Lauderdale, Florida",Equal Employment,No,3,6867,6807,6801
validation,DR-TX-0003,Stanley v. Barbri,Disability Rights-Pub. Accom.,Yes,4,25589,24809,24808
validation,EE-GA-0095,EEOC v. WREN CHEVROLET INC,Equal Employment,No,3,4219,4219,4225
validation,JI-OH-0011,S.W. v. Williams,Juvenile Institution,Yes,3,7163,7163,7168
validation,PB-DC-0011,Arab American Institute v. Office of Management and Budget,Public Benefits / Government Services,No,3,8164,7964,7967
validation,PC-SD-0001,Cody v. Hillard,Prison Conditions,Yes,22,85506,85506,85484
validation,EE-LA-0061,"EEOC v. NELSON TREE SERVICE, INC.",Equal Employment,No,3,5546,5387,5389
validation,EE-MI-0149,"EEOC v. Schefenacker Vision Systems USA, Inc.",Equal Employment,No,3,4160,4090,4076
validation,FA-LA-0001,Shanks v. Jefferson Parish,Speech and Religious Freedom,No,6,15369,14831,14845
validation,PC-NJ-0024,C-Pod Inmates of Middlesex County Adult Correction Center v. Middlesex County,Prison Conditions,Yes,4,13334,13094,13104
validation,PC-NJ-0021,Hagan v. Rogers,Prison Conditions,Yes,8,19733,19413,19418
validation,EE-CA-0214,"EEOC v. Sun Pacific Shippers, Inc.",Equal Employment,No,3,4766,4716,4732
validation,JC-CA-0115,Holguin v. County of Los Angeles,Jail Conditions,No,8,36047,35534,35553
validation,EE-NY-0025,EEOC v. BWD GROUP LTD,Equal Employment,No,2,7511,7479,7484
validation,FH-DC-0007,"In re Black Farmers' Discrimination Litigation (""Pigford II"")",Fair Housing/Lending/Insurance,Yes,24,661093,650681,650010
validation,PA-CA-0002,National Federation of the Blind of California v. Uber Technologies,Public Accomm./Contracting,Yes,16,112297,110287,110226
validation,JI-FL-0002,Bobby M. v. Chiles (Graham & Martinez),Juvenile Institution,Yes,16,59042,58866,59016
validation,EE-IL-0106,"EEOC v. H & M INTERNATIONAL TRANSPORTATION, INC.",Equal Employment,No,6,18163,18163,18158
validation,EE-NY-0041,EEOC v. Duane Reade Inc. d/b/a Duane Reade,Equal Employment,No,2,2895,2895,2898
validation,EE-CA-0079,EEOC v. EARL SCHEIB AUTO BODY & PAINT,Equal Employment,No,4,9277,9277,9277
validation,EE-AZ-0009,"EEOC v. AutoZone, INC.",Equal Employment,No,10,31282,30992,30994
validation,DR-CA-0001,"Ridgeway v. TW Services/Denny's, U.S. v. TW Services, and",Disability Rights-Pub. Accom.,Yes,11,47587,47231,47211
validation,ID-VA-0002,U.S. v. Virginia,Intellectual Disability (Facility),No,12,100026,100026,100034
validation,CJ-ID-0003,"Does, 1-104 v. Wasden",Criminal Justice (Other),No,6,113245,109813,109833
validation,JC-NM-0003,Leyba v. Santa Fe County,Jail Conditions,Yes,18,62781,62143,62109
validation,NS-NY-0024,N.Y. Times Co. v. United States DOJ,National Security,No,5,31912,31814,31800
validation,PB-CA-0048,Thomas v. Kent,Public Benefits / Government Services,No,9,83824,82198,82214
validation,FH-NC-0002,United States v. Bank of America,Fair Housing/Lending/Insurance,No,4,10724,10364,10355
validation,IM-MD-0013,"HIAS, Inc. v. Trump",Immigration and/or the Border ,No,5,29615,29305,29289
validation,FA-GA-0001,Roman Catholic Archdiocese of Atlanta v. Sebelius,Speech and Religious Freedom,No,12,128883,126453,126426
validation,EE-AR-0025,EEOC v. INTERNATIONAL PAPER COMPANY,Equal Employment,No,5,3956,3956,3964
validation,IM-CA-0104,City of Los Angeles v. Sessions,Immigration and/or the Border ,No,20,281060,273410,272994
validation,CJ-OH-0002,In Re: Williams,Criminal Justice (Other),No,6,9403,9403,9418
validation,EE-UT-0013,"EEOC v. Newonics, Inc.",Equal Employment,No,3,6316,6316,6328
validation,EE-FL-0091,EEOC v. OUTBACK STEAKHOUSE,Equal Employment,No,12,23652,23084,23121
validation,EE-TX-0273,"EEOC v. JEA Senior Living (""Pinehurst Alzheimer's Special Care Center"")",Equal Employment,No,6,9941,9595,9598
validation,EE-NY-0020,EEOC v. BOSTON MARKET CORPORATION,Equal Employment,No,7,18161,17751,17790
validation,EE-FL-0065,EEOC v. INTRACOASTAL HEALTH,Equal Employment,No,5,8747,8645,8660
validation,FA-DC-0006,"Barron Industries, Inc. v. Sebelius",Speech and Religious Freedom,No,5,13476,12986,12986
validation,EE-PA-0138,"EEOC v. REMO'S MUSHROOM SERVICES, INC.",Equal Employment,No,3,5895,5715,5719
validation,IM-MA-0016,Gonzalez-Garcia v. Sessions,Immigration and/or the Border ,No,3,5065,4895,4899
validation,PB-MA-0011,Hutchinson v. Patrick,Public Benefits / Government Services,Yes,12,49505,47997,48005
validation,EE-WA-0086,"EEOC v. STARWOOD HOTELS & RESORTS WORLDWIDE, INC.",Equal Employment,Yes,5,18760,18253,18286
validation,FH-DC-0009,Keepseagle v. Vilsack,Fair Housing/Lending/Insurance,Yes,12,201323,199777,199748
validation,EE-NV-0034,EEOC v. RIVIERA OPERATING CORPORATION,Equal Employment,No,4,3784,3708,3711
validation,EE-AR-0063,"Robinson v. Sears, Roebuck and Co.",Equal Employment,Yes,5,38170,37840,37850
validation,IM-DC-0090,Gomez v. Trump,Immigration and/or the Border ,Yes,31,450354,434038,434189
validation,PN-AZ-0002,United States v. Maricopa County,Policing,No,13,66960,65586,65596
validation,NS-CA-0016,Human Rights Watch v. Drug Enforcement Administration,National Security,No,3,14798,14388,14390
validation,EE-AL-0086,"EEOC v. WAL-MART STORES, INC.",Equal Employment,No,5,7210,6979,6979
validation,PN-WI-0001,Collins v. City of Milwaukee,Policing,Yes,8,94042,91608,91574
validation,CJ-FL-0009,Jones v. DeSantis,Criminal Justice (Other),Yes,20,260205,251803,251838
validation,SD-KS-0001,Brown v. Board of Education of Topeka,School Desegregation,Yes,27,182036,181920,181748
validation,EE-TX-0357,EEOC v. TEXANS SHUTTLE,Equal Employment,No,4,3653,3643,3650
validation,IM-TX-0053,Barrera v. Wolf,Immigration and/or the Border ,Yes,6,39052,38518,38519
validation,PC-IL-0042,Thompson v. Baldwin,Prison Conditions,No,3,10013,9921,9923
validation,PB-CA-0016,Independent Living Center of Southern California v. Maxwell-Jolly,Public Benefits / Government Services,No,29,193566,189607,189816
validation,ED-HI-0003,R.P.-K. v. Hawaii Department of Education,Education,Yes,6,67195,66965,66968
validation,DR-CO-0019,Williams v. University of Denver,Disability Rights-Pub. Accom.,No,3,16734,16734,16739
validation,EE-IN-0121,United States of America v. Indiana Department of Transportation,Equal Employment,No,3,5466,5390,5380
validation,JC-TX-0020,Jackson v. County of Bexar,Jail Conditions,Yes,9,37556,36399,36337
validation,EE-PR-0006,EEOC v. LUPIS SPORT BAR & CANTINA,Equal Employment,No,4,5321,5166,5180
validation,JC-IL-0038,Vieyra v. County of Will,Jail Conditions,No,3,6641,6535,6538
validation,FA-NY-0007,Color of Change v. U.S. Department of Homeland Security,Speech and Religious Freedom,No,5,13385,13015,13026
validation,EE-PA-0168,"EEOC v. TOM LANGE COMPANY, INC.",Equal Employment,No,6,9230,8964,8971
validation,EE-CO-0007,"EEOC v. Albertson's, Inc. and Albertson's, LLC",Equal Employment,No,14,66361,65701,65722
validation,PN-NY-0014,Ligon v. City of New York,Policing,Yes,33,355267,347071,346957
validation,NS-CA-0008,Al-Haramain Islamic Foundation v. Bush,National Security,No,26,96475,95987,95999
validation,PC-GA-0017,Diamond v. Owens,Prison Conditions,No,6,47154,46272,46235
validation,IM-FL-0028,Brown v. Ramsay,Immigration and/or the Border ,No,2,17101,16981,16983
validation,IM-NY-0053,Darweesh v. Trump,Immigration and/or the Border ,Yes,57,327160,314546,314503
validation,EE-TX-0425,"United States v. City of Dallas, Texas",Equal Employment,No,3,1203,1195,1199
validation,ED-NY-0008,J.L. v. Mohawk Cent. Sch. Dist.,Education,No,5,19153,18735,18748
validation,VR-MI-0074,The College Democrats at the University of Michigan v. Johnson,Election/Voting Rights,No,5,50432,49166,49185
validation,VR-RI-0022,"Davidson v. City of Cranston, Rhode Island",Election/Voting Rights,No,5,18389,17979,17977
validation,FH-MS-0003,"United States v. Indigo Investments, LLC",Fair Housing/Lending/Insurance,No,4,17842,17350,17349
validation,PC-CO-0002,Bowring v. Colorado Department of Corrections,Prison Conditions,Yes,5,29523,29324,29326
validation,PA-NY-0001,Lucero v. City of New York,Public Accomm./Contracting,Yes,6,16151,15931,15933
validation,PB-DC-0010,Young v. Azar,Public Benefits / Government Services,Yes,2,26044,25254,25292
validation,FA-DC-0020,Singh v. Carter,Speech and Religious Freedom,No,6,42134,41074,41082
validation,ED-CA-0027,SurvJustice Inc. v. Devos,Education,No,11,127961,124571,124574
validation,JC-NM-0006,Allison v. Lincoln County,Jail Conditions,Yes,6,22126,22126,22146
validation,DR-MO-0001,Prye v. Blunt,Disability Rights-Pub. Accom.,No,13,82659,82529,82540
validation,CJ-IL-0001,King v. Walker,Criminal Justice (Other),Yes,13,63429,62577,62582
validation,NH-MO-0001,United States v. Marion County Nursing Home District,Nursing Home Conditions,No,5,28309,28309,28317
validation,EE-WA-0025,EEOC v. HIGHLAND FRUIT GROWERS,Equal Employment,No,5,8358,8354,8377
validation,PC-OH-0010,Morris v. Voinovich,Prison Conditions,Yes,10,102733,102733,102728
validation,MH-ID-0003,"Sonnenberg v. Disability Rights Idaho, Inc.",Mental Health (Facility),No,6,28515,27649,27704
validation,EE-AL-0006,EEOC v. AUTOZONE INC,Equal Employment,No,4,10481,10291,10289
validation,CW-NV-0001,Henry A. v. Willden,Child Welfare,Yes,14,151826,149650,149552
validation,EE-KS-0015,"EEOC v. O'REILLY AUTO PARTS, INC.",Equal Employment,No,4,4711,4711,4712
validation,FH-WA-0002,United States v. Summerhill Place,Fair Housing/Lending/Insurance,No,4,12229,11909,11915
validation,IM-NY-0047,Blesch v. Holder,Immigration and/or the Border ,No,3,9502,9482,9488
validation,EE-MD-0099,"EEOC v. RG's Food Shops of Pennsylvania, Inc.",Equal Employment,Yes,4,7634,7514,7519
validation,IM-PA-0017,Hope v. Doll,Immigration and/or the Border ,No,7,56038,55068,55066
validation,EE-AL-0057,EEOC v. Macon County Greyhound Park,Equal Employment,No,4,4968,4968,4986
validation,EE-PA-0147,EEOC v. SAW CREEK ESTATES COMMUNITY ASSOCIATION INC,Equal Employment,No,3,5514,5404,5406
validation,PN-CA-0044,Black Lives Matter - Los Angeles v. Garcetti,Policing,No,3,10709,10419,10417
validation,IM-TX-0027,Castelano v. Rice,Immigration and/or the Border ,Yes,9,50255,49319,49317
validation,EE-CA-0111,"EEOC v. J. A. SUTHERLAND, INC. (d/b/a TACO BELL)",Equal Employment,No,5,11686,11406,11447
validation,PC-NY-0048,"Disability Advocates, Inc. [DAI] v. New York State Office of Mental Health",Prison Conditions,No,6,200725,200725,200669
validation,EE-TX-0372,"EEOC v. TRINITY INDUSTRIES, INC.",Equal Employment,No,4,7050,6874,6875
validation,EE-IL-0082,EEOC v. FIFTH THIRD BANK,Equal Employment,No,5,11253,11041,11044
validation,EE-CA-0348,Cogdell v. Wet Seal,Equal Employment,Yes,5,61952,60244,60193
validation,EE-TX-0243,"EEOC v. NATIONWIDE HOUSING SYSTEMS, INC.",Equal Employment,No,6,4575,4575,4585
validation,JC-CO-0003,Estate of Rice ex rel. Garber v. City and County of Denver,Jail Conditions,No,9,48142,47802,47802
validation,CJ-NY-0013,Encarnacion v. City of New York,Criminal Justice (Other),Yes,5,24780,24020,24031
validation,PC-CO-0028,Rogers v. Colorado Department of Corrections,Prison Conditions,Yes,10,55923,54183,54194
validation,IM-PA-0016,Thakker v. Doll,Immigration and/or the Border ,Yes,18,186447,179125,178993
validation,PR-MI-0002,Beemer v. Whitmer,Presidential/Gubernatorial Authority,No,12,249826,245201,245063
validation,IM-CA-0171,E.A.R.R. v. Department of Homeland Security,Immigration and/or the Border ,Yes,2,24816,24816,24816
validation,NS-CA-0007,"Mohamed v. Jeppesen Dataplan, Inc.",National Security,No,15,80329,80329,80311
validation,EE-GU-0001,EEOC v. Leo Palace Resort,Equal Employment,No,6,37588,37538,37539
validation,CJ-WA-0001,Farrakhan v. Gregoire,Criminal Justice (Other),Yes,17,120887,120697,120576
validation,IM-CA-0108,Chhoeun v. Marin,Immigration and/or the Border ,Yes,14,112769,111019,111015
validation,PN-IL-0009,Lopez v. City of Chicago,Policing,Yes,11,48465,48436,48429
validation,FA-IL-0016,Uptown Tent City Organizers v. City of Chicago Department of Administrative Hearings,Speech and Religious Freedom,No,9,32689,32189,32267
validation,EE-NV-0004,EEOC v. CAESARS ENTERTAINMENT INC,Equal Employment,No,12,41654,40806,40875
validation,PC-FL-0010,"Brown v. Secretary, Department of Corrections",Prison Conditions,Yes,14,51929,51066,51062
validation,EE-AZ-0064,EEOC v. K-MART CORPORATION,Equal Employment,No,3,4362,4362,4375
validation,CJ-TX-0007,Meza v. Livingston,Criminal Justice (Other),No,28,84563,83113,83106
validation,EE-IA-0003,EEOC v. AUSTIN J. DECOSTER (d/b/a DECOSTER FARMS OF IA) and IOWA AG LLC,Equal Employment,No,4,5973,5867,5837
validation,JC-MA-0019,Baez v. McDonald,Jail Conditions,Yes,16,117809,113359,113357
validation,IM-NY-0024,M.K.B. v. Eggleston,Immigration and/or the Border ,Yes,29,274103,273157,272647
validation,IM-MA-0009,Cities of Chelsea and Lawrence v. Trump,Immigration and/or the Border ,No,4,23396,22566,22532
validation,DR-UT-0001,Christensen v. Utah State University,Disability Rights-Pub. Accom.,Yes,4,18995,18305,18311
validation,PC-MI-0003,Hadix v. Johnson,Prison Conditions,Yes,38,250718,250254,250167
validation,DR-PA-0006,Barrier Busters v. City of Erie,Disability Rights-Pub. Accom.,Yes,9,29760,25934,25931
validation,PR-DC-0003,The Protect Democracy Project v. U.S. Department of Justice,Presidential/Gubernatorial Authority,No,4,17308,16838,16839
validation,CJ-AL-0001,Jones v. Allen,Criminal Justice (Other),No,6,21256,20554,20551
validation,PN-MI-0013,Detroit Will Breathe v. Detroit,Policing,No,7,41417,40445,40489
validation,JC-NM-0010,Salazar v. San Juan County Detention Center,Jail Conditions,No,9,94064,91614,91611
validation,VR-VA-0067,League of Women Voters of Virginia v. Virginia State Board of Elections,Election/Voting Rights,No,25,360285,348681,348552
validation,IM-NY-0054,Azimi v. Trump,Immigration and/or the Border ,No,3,3830,3670,3668
validation,IM-AL-0010,"Charelle Loder v. Reese McKinney, Jr.",Immigration and/or the Border ,Yes,8,23753,23143,23144
validation,FH-DC-0011,Cantu v. United States,Fair Housing/Lending/Insurance,Yes,9,38229,37277,37273
validation,PN-OR-0004,Western States Center v. Department of Homeland Security,Policing,No,5,35060,34090,34035
validation,IM-IL-0024,"Cook County, Illinois v. Wolf",Immigration and/or the Border ,No,9,94320,93748,93736
validation,IM-NY-0071,New York v. U.S. Immigration and Customs Enforcement,Immigration and/or the Border ,No,7,41632,40282,40314
validation,EE-CO-0006,EEOC v. Acepex Management Corporation,Equal Employment,No,5,11599,11381,11394
validation,JC-OR-0010,Prison Legal News v. Columbia County,Jail Conditions,No,78,1376685,1338399,1337675
validation,EE-FL-0032,"EEOC v. Checkers Drive-In Restaurants, Inc.",Equal Employment,No,11,12391,11943,11953
validation,JC-IL-0028,Raymundo v. Winnebago County,Jail Conditions,Yes,5,14226,14214,14215
validation,EE-FL-0046,EEOC v. Enterprise Leasing Company Of Florida,Equal Employment,No,12,34881,33763,33775
validation,PN-DC-0012,Carraway v. Doe,Policing,Yes,3,2151,2061,2058
validation,ID-CA-0005,U.S. v. California,Intellectual Disability (Facility),No,9,12698,12682,12680
validation,EE-IL-0166,EEOC v. Mtp Enterprises D/B/A H & M Limousine Service,Equal Employment,No,3,4164,4164,4166
validation,JC-WI-0009,Hall v. County of Milwaukee,Jail Conditions,Yes,4,8485,8353,8353
validation,DR-CA-0054,Civil Rights Education and Enforcement Center v. Ashford Hospitality Trust,Disability Rights-Pub. Accom.,Yes,13,37854,37174,37072
validation,PC-NJ-0026,James v. Global TelLink Corp.,Prison Conditions,Yes,12,77290,75670,75679
validation,EE-FL-0048,EEOC v. FEDERAL EXPRESS CORPORATION,Equal Employment,No,15,30698,30140,30147
validation,PN-CA-0030,Oliver v. City of Oakland,Policing,Yes,6,32445,32445,32481
validation,IM-GA-0014,Thompson v. Tsoukaris,Immigration and/or the Border ,No,3,27148,25968,25989
validation,JC-MD-0007,Jones v. Murphy,Jail Conditions,Yes,17,144756,144128,144090
validation,DR-DC-0007,M.J. v. District of Columbia,Disability Rights-Pub. Accom.,Yes,5,26851,26371,26383
validation,EE-AL-0119,"Belue v. Wayne Farms, LLC",Equal Employment,Yes,6,17507,17011,17015
validation,PB-FL-0015,Brenner v. Scott,Public Benefits / Government Services,No,12,49878,48032,48063
validation,EE-AZ-0067,EEOC v. LENNAR HOMES OF ARIZONA INC,Equal Employment,No,4,26301,26301,26319
validation,JC-IL-0006,"Calvin v. Sheriff of Will County, Illinois",Jail Conditions,Yes,14,36078,35351,35341
validation,CJ-MI-0008,Ross v. Blount,Criminal Justice (Other),Yes,2,19330,18934,18933
validation,PB-MO-0001,Julia M. v. Scott,Public Benefits / Government Services,Yes,7,21880,21624,21632
validation,EE-FL-0072,EEOC v. Kronberg Bagel Company D/B/A Bakin Bagels,Equal Employment,No,11,23026,22224,22224
validation,EE-WI-0031,"EEOC v. MOUNT CARMEL, LLC",Equal Employment,No,4,5382,5274,5279
validation,EE-TX-0253,"EEOC v. Nexion Health (""Mount Pleasant Healthcare Center"")",Equal Employment,No,3,2914,2794,2799
validation,EE-LA-0013,EEOC v. JESOHN INC (d/b/a COFFEE &),Equal Employment,No,3,6157,6157,6158
validation,EE-TX-0459,Griffin v. Formosa Plastics,Equal Employment,No,6,21364,21364,21376
validation,PA-NC-0004,United States v. State of North Carolina,Public Accomm./Contracting,No,2,4624,4485,4488
validation,EE-TX-0057,EEOC v. BROOKSHIRE GROCERY COMPANY,Equal Employment,No,5,5580,5432,5453
validation,EE-IL-0075,EEOC v. DIAL CORPORATION,Equal Employment,No,18,75937,75731,75689
validation,PC-MA-0032,Castellini v. Lappin,Prison Conditions,No,5,10115,9949,9949
validation,IM-MD-0001,"Montoya v. SCCP Painting Contractors, Inc.",Immigration and/or the Border ,Yes,7,21117,20767,20780
validation,EE-TX-0055,"EEOC v. Nexion Health at Broadway, Inc. d/b/a ""Broadway Lodge""",Equal Employment,No,5,7638,7590,7588
validation,EE-NC-0095,EEOC v. SAMPSON-BLADEN OIL CO,Equal Employment,No,4,6402,6142,6175
validation,VR-TX-0450,Lewis v. Hughs,Election/Voting Rights,No,5,45187,43697,43689
validation,DR-CO-0001,Barber v. Deptartment of Revenue,Disability Rights-Pub. Accom.,No,24,113064,111204,111143
validation,ID-CT-0002,Conn. Traumatic Brain Injury Assoc. v. Hogan,Intellectual Disability (Facility),Yes,5,36452,36140,36148
validation,EE-MI-0069,"EEOC v. Futon Factory, Inc.",Equal Employment,No,4,2529,2529,2530
validation,DR-TN-0001,Lane v. Tennessee,Disability Rights-Pub. Accom.,Yes,50,412223,411535,411417
validation,NS-MI-0003,Hebshi v. United States,National Security,No,6,29093,29093,29094
validation,JC-CO-0008,Siaki v. Darr,Jail Conditions,No,5,19523,18833,18802
validation,CW-CA-0005,Katie A. v. Bonta,Child Welfare,Yes,23,259629,255661,255722
validation,NS-DC-0077,Competitive Enterprises Institute v. US National Security Agency,National Security,No,2,7242,7042,7043
validation,EE-TX-0354,EEOC v. TEXAS COAST WAFFLES INC (d/b/a WAFFLE HOUSE #1381),Equal Employment,No,3,4913,4843,4843
validation,DR-PA-0001,Disabled in Action of Pennsylvania v. Southeastern Pennsylvania Transportation Authority,Disability Rights-Pub. Accom.,No,27,183315,179601,179623
validation,NS-VA-0004,Mohamed v. Holder,National Security,No,22,135875,132282,132270
validation,EE-MO-0002,EEOC v. ALLSTATE INSURANCE COMPANY,Equal Employment,No,13,34518,34134,34130
validation,PB-MI-0026,Westside Mothers v. Olszewski,Public Benefits / Government Services,Yes,6,69490,69490,69506
validation,IM-GA-0017,Oldaker v. Giles,Immigration and/or the Border ,Yes,4,82598,80658,80664
validation,EE-CA-0352,"EEOC v. McDonald's Restaurants of California, Inc.",Equal Employment,No,4,5602,5482,5485
validation,PB-FL-0009,Haddad v. Arnold,Public Benefits / Government Services,No,14,73208,70988,71007
validation,EE-IL-0149,"EEOC v. MAJESTY MAINTENANCE, INC.",Equal Employment,No,3,6899,6709,6705
validation,JC-IL-0053,Rogers v. Sheriff of Cook County,Jail Conditions,Yes,8,34481,34133,34124
validation,PC-MS-0001,Gates v. Collier [Cook],Prison Conditions,Yes,26,165795,165795,165837
validation,EE-LA-0004,EEOC v. AMPACE FREIGHTLINES INC (D/B/A MERCHANTS DUTCH),Equal Employment,No,3,1704,1636,1636
validation,IM-FL-0013,"Martinez v. Mecca Farms, Inc.",Immigration and/or the Border ,Yes,7,24665,24461,24473
validation,EE-NC-0130,United States v. City of Newton,Equal Employment,No,5,5981,5937,5951
validation,FA-MI-0019,Speech First v. Schlissel,Speech and Religious Freedom,No,7,41520,41068,41065
validation,PB-IL-0006,Colbert v. Blagojevich,Public Benefits / Government Services,Yes,12,79807,78167,78162
validation,PN-CA-0023,Haskell v. Brown,Policing,Yes,8,103901,103671,103745
validation,PB-NM-0001,Lewis v. New Mexico Dept. of Health,Public Benefits / Government Services,No,9,50104,49714,49770
validation,PC-UT-0003,Henry v. Deland,Prison Conditions,Yes,8,30469,30353,30353
validation,EE-CA-0039,"EEOC v. Bazaar Del Mundo, Inc.",Equal Employment,No,4,6461,6361,6364
validation,IM-NY-0007,Turkmen v. Ashcroft,Immigration and/or the Border ,Yes,15,234786,232774,232743
validation,EE-CA-0085,EEOC v. FIRST WATCH RESTAURANT,Equal Employment,No,3,5968,5828,5839
validation,EE-IL-0282,McReynolds v. Merrill Lynch & Co.,Equal Employment,Yes,10,80120,79592,79598
validation,JI-SC-0001,Alexander S. v. McLawhorn,Juvenile Institution,Yes,11,86973,86633,86597
validation,VR-DC-1168,Texas v. United States,Election/Voting Rights,No,16,145056,144046,144044
validation,JI-LA-0007,A.A. v. Wackenhut,Juvenile Institution,Yes,2,13890,13866,13866
validation,EE-NY-0194,"United States of America v. Erie County, New York",Equal Employment,No,3,2615,2587,2591
validation,IM-NY-0060,National Immigration Project of the National Lawyers Guild v. U.S. Department of Homeland Security,Immigration and/or the Border ,No,6,27885,27125,27128
validation,EE-WA-0029,EEOC v. HOWARD S WRIGHT CONSTRUCTION COMPANY,Equal Employment,No,3,4002,3982,3990
validation,EE-CA-0030,EEOC v. BALLY TOTAL FITNESS CORP.,Equal Employment,No,3,3432,3416,3422
validation,PN-NJ-0005,Lima v. Newark Police Department,Policing,No,6,23090,22700,22689
validation,IM-GA-0008,Tawfeeq v. U.S. Department of Homeland Security,Immigration and/or the Border ,No,14,118213,114825,114785
validation,EE-CA-0040,EEOC v. Beverly Hilton,Equal Employment,No,4,7283,7153,7154
validation,NS-DC-0115,James Madison Project (Daily Beast) v. U.S. Department of Homeland Security,National Security,No,11,7373,7063,7061
validation,IM-NY-0072,Velesaca v. Decker,Immigration and/or the Border ,Yes,10,73023,72303,72319
validation,PC-MI-0009,United States v. Michigan,Prison Conditions,No,14,58224,57620,57628
validation,EE-MI-0048,"EEOC v. Magna Donnelly, Inc.",Equal Employment,No,4,4838,4770,4769
validation,EE-NC-0125,EEOC v. PIONEER ASSOCIATES INC (d/b/a WILLIAMS ELECTRIC COMPANY),Equal Employment,No,5,8305,8305,8345
validation,EE-NY-0031,EEOC v. COMPREHENSIVE BENEFIT CONSULTANTS,Equal Employment,No,12,18906,18548,18564
validation,JI-NM-0003,Rodriguez v. Dona Ana County,Juvenile Institution,Yes,4,17242,16822,16836
validation,PN-NY-0011,Battle v. City of New York,Policing,No,4,10497,10251,10271
validation,EE-NM-0037,"EEOC v. SMITH'S FOOD AND DRUG CENTERS, INC. D/B/A PRICERITE",Equal Employment,No,5,7325,7325,7336
validation,FH-SD-0001,United States v. First National Bank of Gordon,Fair Housing/Lending/Insurance,No,4,7414,7414,7419
validation,FH-NH-0001,United States v. Riba,Fair Housing/Lending/Insurance,No,4,7254,6994,7022
validation,CJ-MO-0001,Taylor v. Crawford,Criminal Justice (Other),No,39,323447,321183,321263
validation,ED-SD-0002,Antoine v. Winner School District,Education,Yes,11,41963,40588,40589
validation,IM-DC-0065,Dora v. Sessions,Immigration and/or the Border ,No,4,8526,7566,7566
validation,IM-CT-0009,Brizuela v. Feliciano,Immigration and/or the Border ,Yes,5,18279,17627,17607
validation,JI-CT-0004,Juan F. v. Rell,Juvenile Institution,Yes,22,215891,213425,213331
validation,NH-PA-0002,U.S. v. City of Philadelphia,Nursing Home Conditions,No,12,131801,131773,131793
validation,EE-FL-0061,EEOC v. HOSPITAL HOUSEKEEPING SYSTEMS,Equal Employment,No,4,4632,4422,4426
validation,PN-MI-0002,Lloyd v. Detroit City,Policing,No,3,17662,17642,17641
validation,EE-TX-0179,"EEOC v. J. Holt Enterprises d/b/a ""Sirloin Stockade""",Equal Employment,No,3,3672,3660,3672
validation,EE-IL-0123,"EEOC v. International Profit Associates, Inc.",Equal Employment,No,33,222574,221121,221088
validation,IM-DC-0083,Texas Civil Rights Project v. Wolf,Immigration and/or the Border ,No,3,10834,10464,10470
validation,EE-TX-0195,"EEOC v. Key Energy Services, Inc.",Equal Employment,No,9,9775,9743,9755
validation,IM-FL-0018,Tefel v. Reno,Immigration and/or the Border ,Yes,13,72638,72202,72241
validation,DR-CO-0009,Kyle v. City & County of Denver,Disability Rights-Pub. Accom.,No,2,5895,5735,5740
validation,JC-AZ-0016,Fenty v. Penzone,Jail Conditions,Yes,9,99067,96637,96599
validation,EE-TX-0095,EEOC v. DALLAS MORNING NEWS LP and BELO CORP,Equal Employment,No,4,6126,6126,6143
validation,PN-AZ-0001,United States v. Maricopa County,Policing,No,13,99378,97730,97735
validation,CJ-OK-0004,Taylor v. Jones,Criminal Justice (Other),No,11,23362,22782,22779
validation,FA-IN-0001,University of Notre Dame v. Sebelius,Speech and Religious Freedom,No,3,18748,18648,18652
validation,EE-NY-0146,EEOC v. SPS TEMPORARIES,Equal Employment,Yes,9,24205,24181,24270
validation,EE-NC-0086,"EEOC v. Mid-State Petroleum, Inc.",Equal Employment,No,3,3428,3428,3427
validation,CJ-CO-0004,Still v. El Paso County,Criminal Justice (Other),No,3,10796,10446,10442
validation,EE-LA-0028,EEOC v. GENERAL MOTORS CORP.,Equal Employment,No,3,3049,2943,2956
validation,IM-KY-0001,Say v. Adams,Immigration and/or the Border ,No,7,10219,10149,10148
validation,IM-CA-0095,Regents of University of California v. U.S. Department of Homeland Security,Immigration and/or the Border ,No,47,631163,626415,626406
validation,PC-TN-0007,Grubbs v. Bradley,Prison Conditions,Yes,4,63598,63542,63514
validation,FH-MS-0006,United States v. First National Bank of Pontotoc,Fair Housing/Lending/Insurance,No,9,13984,13984,13989
validation,EE-PA-0253,Newsome v. Philadelphia,Equal Employment,Yes,5,38307,36907,36934
validation,EE-MN-0021,"EEOC v. INDEPENDENT SCHOOL DISTRICT NO. 194 OF LAKEVILLE, MN",Equal Employment,No,4,4162,3952,3963
validation,EE-FL-0033,"EEOC v. Cognisa Security, Inc.",Equal Employment,Unknown,5,6217,6151,6162
validation,IM-WA-0045,State of Washington v. United States Department of Homeland Security,Immigration and/or the Border ,No,4,60309,58409,58293
validation,PB-MI-0017,Long et al v. Pickell,Public Benefits / Government Services,Yes,4,6506,6332,6332
validation,PC-MI-0007,U.S. v. Michigan,Prison Conditions,No,23,219657,219085,219032
validation,EE-NY-0164,EEOC v. TEAMSTERS LOCAL 804,Equal Employment,No,6,9103,9103,9115
validation,DR-CA-0030,Independent Living Center v. Maxwell-Jolly,Disability Rights-Pub. Accom.,No,12,46535,45515,45471
validation,EE-GA-0001,EEOC v. AAA PARKING,Equal Employment,No,3,4525,4525,4526
validation,IM-NY-0066,City of New York v. Sessions,Immigration and/or the Border ,No,6,69564,68854,68870
validation,EE-TX-0061,"EEOC v. Bay, Ltd.",Equal Employment,No,3,3789,3789,3789
validation,EE-WA-0020,EEOC v. Gordon Trucking,Equal Employment,No,4,7956,7704,7713
validation,PC-ID-0010,Bartlett v. Atencio,Prison Conditions,Yes,4,12148,11716,11714
validation,EE-IA-0015,EEOC v. REMEDY INTELLIGENT STAFFING,Equal Employment,No,6,7394,7370,7377
validation,EE-MI-0178,EEOC v. Wolverine Bronze Company,Equal Employment,No,4,6140,5910,5911
validation,PR-MI-0003,"Signature Sothbeys International Realty, Inc. v. Whitmer",Presidential/Gubernatorial Authority,No,10,121419,118748,118563
validation,EE-HI-0022,EEOC v. County of Maui Police Department,Equal Employment,No,4,9469,9149,9156
validation,NS-NY-0017,New York Times Co. v. United States Department of Justice,National Security,No,11,55762,55408,55341
validation,CJ-IA-0002,Greiman v. Hodges,Criminal Justice (Other),No,3,12266,12066,12073
validation,ED-DC-0005,Lampkin v. District of Columbia,Education,No,5,24543,24543,24522
validation,NS-DC-0098,Electronic Privacy Information Center v. Department of Homeland Security,National Security,No,11,48543,46487,46467
validation,EE-PA-0133,"EEOC v. PJAX, INC",Equal Employment,No,4,10723,10723,10728
validation,CJ-MT-0001,Montana Criminal Defense Lawyers Association v. State of Montana,Criminal Justice (Other),No,8,48748,48448,48500
validation,JI-CA-0024,G.F. v. Contra Costa County,Juvenile Institution,Yes,9,103249,103249,103260
validation,EE-NM-0056,"United States v. City of Belen, New Mexico",Equal Employment,No,4,14439,14351,14347
validation,EE-TX-0168,EEOC v. Halliburton Energy Services,Equal Employment,No,5,3894,3894,3902
validation,EE-TX-0351,EEOC v. TELESERVICES MARKETING CORPORATION,Equal Employment,No,7,12448,12262,12257
validation,DR-NY-0003,Noel v. New York City Taxi and Limousine Commission,Disability Rights-Pub. Accom.,Yes,10,66177,65361,65402
validation,EE-TX-0430,United States v. Lumberton Municipal Utility District,Equal Employment,No,3,3291,3243,3235
validation,ED-CA-0010,K.C. v. O'Connell,Education,Yes,10,74356,74356,74295
validation,JC-WA-0011,A.B. v. Washington Department of Social and Health Services,Jail Conditions,Yes,27,169899,166533,166534
validation,EE-CA-0192,EEOC v. ROWTOWN INC (d/b/a THE FISH HOPPER RESTAURANT),Equal Employment,No,7,18109,17819,17847
validation,MH-CT-0003,U.S. v. State of Connecticut,Mental Health (Facility),No,5,30758,30758,30748
validation,PN-AZ-0003,Melendres v. Arpaio,Policing,Yes,92,3068996,2987652,2987683
validation,EE-AR-0068,"EEOC v. Family Dollar Stores of Arkansas, Inc.",Equal Employment,No,3,3345,3200,3211
validation,DR-MA-0007,National Association of the Deaf v. Massachusetts Institute of Technology,Disability Rights-Pub. Accom.,Yes,5,34026,33296,33297
validation,PC-AL-0026,Baker v. Campbell,Prison Conditions,Yes,7,19790,19260,19263
validation,PB-AL-0005,Searcy v. Bentley,Public Benefits / Government Services,No,8,22458,21958,21946
validation,CJ-MS-0001,"Thomas v. City of Gulfport, Mississippi",Criminal Justice (Other),Yes,4,26390,25170,25174
validation,EE-MI-0135,"EEOC v. ROCKET ENTERPRISE, INC.",Equal Employment,No,5,12504,12374,12373
validation,EE-NV-0013,EEOC v. GNLV Corp. d/b/a/ Golden Nugget,Equal Employment,No,13,57906,56704,56712
validation,IM-CA-0115,Trinh v. Homan,Immigration and/or the Border ,Yes,7,52291,51051,51001
validation,VR-MD-0041,Fletcher v. Lamone,Election/Voting Rights,No,7,26666,25170,25173
validation,EE-TX-0455,"EEOC v. Bass Pro Outdoor World, LLC.",Equal Employment,No,12,236686,233302,233325
validation,EE-IL-0329,"Brown v. Yellow Transportation, Inc.",Equal Employment,Yes,8,49166,48586,48572
validation,NS-CA-0012,Gill v. Department of Justice,National Security,No,7,68617,68227,68195
validation,ED-CA-0024,Videckis v. Pepperdine University,Education,No,9,52294,51534,51555
validation,IM-MA-0012,Alasaad v. Duke,Immigration and/or the Border ,No,5,63466,61616,61608
validation,PH-CA-0002,Nozzi v. Housing Authority of the City of Los Angeles,Public Housing,Yes,11,75091,72933,72994
validation,EE-TX-0299,EEOC v. RENAISSANCE III,Equal Employment,No,5,7261,7151,7164
validation,IM-TN-0006,Tennessee v. U.S. Department of State,Immigration and/or the Border ,No,8,55741,54242,54155
validation,PB-IN-0010,Jackson v. Secretary of the Indiana Family and Social Services Administration,Public Benefits / Government Services,Yes,7,15831,15511,15509
validation,EE-PA-0085,EEOC v. Hannabery HVAC,Equal Employment,No,6,9794,9688,9690
validation,IM-GA-0009,Georgia Latino Alliance for Human Rights (GLAHR) v. Alford,Immigration and/or the Border ,No,8,52243,48583,48662
validation,EE-NC-0112,EEOC v. THE GEHL CORPORATION,Equal Employment,No,5,9284,9284,9291
validation,EE-IL-0239,"EEOC v. United Air Lines, Inc.",Equal Employment,No,3,5951,5931,5937
validation,EE-IN-0043,EEOC v. Flying J. Inc.,Equal Employment,No,3,4661,4591,4591
validation,FH-IL-0002,Dumas v. Sentinel Mortg. Corp.,Fair Housing/Lending/Insurance,No,4,3669,3669,3673
validation,EE-MA-0023,"Cote v. Wal-Mart Stores, Inc.",Equal Employment,Yes,5,43164,41914,41884
validation,MH-NY-0012,M.G. v. Cuomo,Mental Health (Facility),Yes,9,104868,102698,102714
validation,IM-WA-0018,Sanchez v. U.S. Border Patrol,Immigration and/or the Border ,Yes,6,18389,18339,18335
validation,EE-NY-0236,EEOC v. Sterling Jewelers Inc.,Equal Employment,No,10,63712,62952,62965
validation,EE-MD-0029,EEOC v. DUCLAW BREWERY CO OF ARUNDEL MILLS LLC,Equal Employment,No,4,3103,3103,3099
validation,FA-MN-0009,Feltl and Company v. Sebelius,Speech and Religious Freedom,No,4,14503,13903,13912
validation,IM-DC-0077,J.B.B.C. v. Wolf,Immigration and/or the Border ,No,9,119251,115345,115112
validation,EE-KS-0014,EEOC v. NEWMAN UNIVERSITY,Equal Employment,No,7,15545,15309,15306
validation,IM-MA-0020,President and Fellows of Harvard College v. U.S. Department of Homeland Security,Immigration and/or the Border ,No,8,43573,42335,42308
validation,EE-TX-0400,"EEOC v. Vecta, a Division of Steelcase Inc.",Equal Employment,No,4,5744,5728,5736
validation,JC-CA-0107,Hernandez v. County of Monterey,Jail Conditions,Yes,14,200951,199267,199283
validation,CJ-PA-0002,Sourovelis v. City of Philadelphia,Criminal Justice (Other),Yes,16,160822,156118,156074
validation,EE-WA-0053,EEOC v. MICRO ENCODER INC,Equal Employment,No,4,4785,4785,4790
validation,EE-AZ-0042,EEOC v. DMS DIRECT MARKETING SERVICES INC,Equal Employment,No,5,9369,9341,9354
validation,NS-MI-0005,ACLU of Michigan v. U.S. Department of Homeland Security,National Security,No,4,20437,20437,20469
validation,IM-TX-0040,Pineda Cruz v. Thompson,Immigration and/or the Border ,Yes,2,10142,9882,9882
validation,PC-NM-0005,Freedom From Religion Foundation v. Richardson,Prison Conditions,No,4,9641,9571,9573
validation,PR-IL-0001,Bailey v. Pritzker,Presidential/Gubernatorial Authority,No,22,69468,67429,67434
validation,IM-TX-0045,City of El Cenizo v. State of Texas,Immigration and/or the Border ,No,65,448044,434764,434263
validation,DR-OR-0001,"Lane v. Kitzhaber (later, Brown)",Disability Rights-Pub. Accom.,Yes,22,184462,181492,181376
validation,PB-MI-0020,Burgess v. United States,Public Benefits / Government Services,No,5,37579,36841,36853
validation,EE-IL-0062,EEOC v. Custom Companies,Equal Employment,No,15,64327,64079,64074
validation,EE-MO-0004,EEOC v. APRIA HEALTHCARE GROUP INC,Equal Employment,No,5,9043,8923,8925
validation,PN-OR-0005,Paul v. Trump,Policing,No,3,3476,3210,3208
validation,IM-MD-0007,Zakzok v. Trump,Immigration and/or the Border ,No,50,466767,465607,466594
validation,JI-NC-0001,Law v. Britt,Juvenile Institution,Yes,4,9609,9553,9553
validation,PB-PA-0009,Mumford v. Department of Public Welfare,Public Benefits / Government Services,No,5,18200,17487,17497
validation,PB-MA-0005,Massachusetts v. U.S. Department of Health & Human Services,Public Benefits / Government Services,No,13,141070,139394,139205
validation,PR-FL-0001,Joyner v. Presidential Advisory Commission on Election Integrity,Presidential/Gubernatorial Authority,No,7,74456,72304,72328
validation,PB-MI-0024,Mason v. Lockwood,Public Benefits / Government Services,Yes,4,24620,24620,24614
validation,PB-CA-0044,Valentini v. Shinseki,Public Benefits / Government Services,Yes,9,120369,117891,117951
validation,PR-DC-0002,"Public Citizen, Inc. v. Trump",Presidential/Gubernatorial Authority,No,6,99488,97048,97049
validation,PB-MI-0012,Washington v. Snyder,Public Benefits / Government Services,Yes,7,109946,109946,109917
validation,EE-AL-0054,EEOC v. Churpeyes Chicken of Alabama,Equal Employment,No,4,3503,3503,3506
validation,EE-FL-0015,"EEOC v. Adelphia Cable Partners, L.P. D/B/A Adelphia Cable Comm.",Equal Employment,No,6,10880,10694,10718
validation,JC-SC-0002,Boyd v. Greenville County,Jail Conditions,No,3,16280,16152,16151
validation,PR-MI-0005,"League of Independent Fitness Facilities and Trainers, Inc. v. Whitmer",Presidential/Gubernatorial Authority,No,13,273886,269055,268725
validation,FA-DC-0014,C.W. Zumbeil v. Sebelius,Speech and Religious Freedom,No,4,10348,9868,9869
validation,JC-MN-0005,Andersen v. Becker County,Jail Conditions,Yes,10,91161,90031,90025
validation,EE-OK-0008,EEOC v. BURLINGTON NORTHERN & SANTE FE CO.,Equal Employment,No,6,11575,11575,11575
validation,PB-CT-0007,Pedersen v. Office of Personnel Management,Public Benefits / Government Services,No,20,332626,328226,328132
validation,ED-OR-0002,J.N. v. Oregon Board of Education,Education,Yes,4,28922,28422,28439
validation,FH-KY-0001,United States v. Cogan,Fair Housing/Lending/Insurance,No,3,14379,14039,14028
validation,EE-PA-0187,EEOC v. WHEELS OF WELLNESS,Equal Employment,No,3,5364,5284,5285
validation,EE-DE-0041,Gilder v. Sallie Mae Bank,Equal Employment,Yes,2,2629,2539,2538
validation,EE-NJ-0058,EEOC v. MICHAEL'S SALON DI PARRUCCHIERE INC.,Equal Employment,No,4,5276,5086,5087
validation,EE-IL-0103,"EEOC v. Infinity Home Improvement, Inc. d/b/a Gutter Helmet",Equal Employment,No,3,6664,6664,6673
validation,PC-AL-0034,U.S. v. Alabama,Prison Conditions,No,16,358626,345188,345053
validation,VR-SC-0079,Middleton v. Andino,Election/Voting Rights,No,6,61618,60512,60537
validation,PB-CA-0014,Chambers v. City and County of San Francisco,Public Benefits / Government Services,Yes,16,50548,50404,50434
validation,DR-NY-0008,Toney-Dick v. Doar,Disability Rights-Pub. Accom.,Yes,13,65316,63630,63642
validation,IM-CA-0130,M.M.M. v. Sessions,Immigration and/or the Border ,Yes,9,45430,44420,44371
validation,ED-MA-0002,Students for Fair Admissions v. Harvard,Education,No,10,153359,151449,151421
validation,DR-DC-0008,National Association of the Deaf v. Trump,Disability Rights-Pub. Accom.,No,7,52358,50302,50280
validation,PC-GA-0025,Jones v. Hill,Prison Conditions,Yes,9,125959,121887,121928
validation,EE-IL-0052,"EEOC v. Exelon Generation Co., LLC",Equal Employment,No,3,5005,5005,5011
validation,EE-GA-0106,"Koger v. Texaco, Inc.",Equal Employment,Yes,3,12384,12074,12076
validation,FA-MO-0004,College of the Ozarks v. Dep't of Health and Human Servs.,Speech and Religious Freedom,No,3,4854,4652,4653
validation,JC-CA-0106,Olivier v. Molina,Jail Conditions,No,8,70869,68804,69104
validation,PB-MA-0012,Asencio v. Federal Emergency Management Agency,Public Benefits / Government Services,Yes,7,34479,33369,33394
validation,CW-FL-0001,31 Foster Children v. Bush,Child Welfare,Yes,8,91974,90564,90575
validation,EE-FL-0073,EEOC v. LEE COUNTY,Equal Employment,No,3,8687,8413,8418
validation,EE-PA-0244,Karlo v. Pittsburgh Glass Works LLC.,Equal Employment,Yes,16,96467,95227,95235
validation,ED-PA-0003,P.V. v. School District of Philadelphia,Education,Yes,7,72807,71363,71356
validation,ID-IA-0001,Conner v. Branstad,Intellectual Disability (Facility),Yes,9,41989,41873,41879
validation,IM-TN-0001,"Trollinger v. Tyson Foods, Inc.",Immigration and/or the Border ,Yes,16,110371,109182,109180
validation,VR-FL-0173,Nielsen v. DeSantis,Election/Voting Rights,No,6,30792,29814,29823
validation,IM-CA-0079,Hernandez v. Lynch [later Sessions],Immigration and/or the Border ,Yes,9,72788,71562,71561
validation,EE-WA-0016,EEOC v. FEDEX,Equal Employment,No,3,3136,3116,3123
validation,PN-CA-0009,Her v. Freeman,Policing,No,4,16147,16115,16120
validation,PC-TX-0024,Gibson v. Collier,Prison Conditions,No,11,49959,49281,49269
validation,PC-AL-0025,Leatherwood v. Campbell,Prison Conditions,Yes,12,105271,104431,104472
validation,CJ-LA-0007,Little v. Frederick,Criminal Justice (Other),Yes,10,48345,46869,46856
validation,CJ-LA-0008,Caliste v. Cantrell,Criminal Justice (Other),Yes,11,45866,44666,44669
validation,PN-IN-0004,Crane v. Fort Wayne,Policing,No,4,17887,17227,17228
validation,EE-CA-0202,EEOC v. TRIMBCO INC (d/b/a SHARP PRECISION MANUFACTURING),Equal Employment,No,3,5543,5503,5514
validation,IM-MA-0017,Ryan v. ICE,Immigration and/or the Border ,No,7,45812,44412,44443
validation,EE-AL-0096,United States v. Director Alabama Personnel Department,Equal Employment,Yes,17,69746,69256,69234
validation,EE-FL-0067,EEOC v. Jaxx Inns d/b/a Spindrifter Hotel,Equal Employment,No,8,12716,12117,12121
validation,PB-MS-0005,Campaign for Southern Equality v. Mississippi Department of Human Services,Public Benefits / Government Services,No,6,38873,38033,38041
validation,EE-MO-0101,"United States v. City of Hayti Heights, Missouri",Equal Employment,No,3,4567,4527,4522
validation,CJ-TX-0018,Fuller v. City of Santa Fe,Criminal Justice (Other),Yes,6,50349,49377,49366
validation,CJ-MO-0023,Dixon v. City of St. Louis,Criminal Justice (Other),Yes,7,35388,35388,35383
validation,NS-MI-0006,United States v. Daher,National Security,No,5,6079,5967,5987
validation,EE-MD-0049,"EEOC v. HENLEY ENTERPRISES, INC. D/B/A VALVOLINE",Equal Employment,No,3,3180,3050,3049
validation,IM-DC-0043,Blixt v. Tillerson [later Pompeo],Immigration and/or the Border ,No,8,42239,40999,40941
validation,EE-MI-0083,"EEOC v. BENCHMARK RESIDENTIAL SERVICES, INC.",Equal Employment,No,4,5208,5208,5211
validation,EE-TX-0112,EEOC v. EGS Electrical Group and Emerson Electric Company,Equal Employment,No,7,17228,17118,17209
validation,IM-MA-0006,Reid v. Donelan,Immigration and/or the Border ,Yes,12,116060,113256,113279
validation,VR-AZ-0053,League of United Latin American Citizens (LULAC) of Arizona v. Michele Reagan,Election/Voting Rights,No,6,20790,20200,20203
validation,NH-CA-0003,Eidler v. Brookdale Senior Living,Nursing Home Conditions,Yes,4,129603,126593,126599
validation,EE-VA-0132,United States v. City of Portsmouth,Equal Employment,No,5,14755,14275,14278
validation,EE-IN-0103,EEOC v. School City of Hammond,Equal Employment,No,3,3639,3639,3636
validation,EE-NY-0254,Gonzalez v. Pritzker,Equal Employment,Yes,12,97714,96094,96147
validation,EE-CA-0012,"EEOC v. AMELCO ELECTRIC COMPANY, INC.",Equal Employment,No,4,4109,3979,3995
validation,PB-VA-0003,United States v. Virginia,Public Benefits / Government Services,No,40,643029,625921,626496
validation,IM-MA-0025,Brito v. Barr,Immigration and/or the Border ,Yes,4,24256,23516,23516
validation,JC-MI-0010,Semelbauer v. Muskegon County,Jail Conditions,Yes,6,46950,46152,46151
validation,FH-NY-0003,United States v. Fleet Mortgage Corp.,Fair Housing/Lending/Insurance,No,5,4044,4044,4051
validation,PC-IL-0030,Sorrentino v. Godinez,Prison Conditions,No,5,12788,12740,12737
validation,IM-AL-0008,Jane Doe #1 v. Rich Hobson,Immigration and/or the Border ,Yes,8,24776,24086,24088
validation,PB-TX-0013,Planned Parenthood of Greater Texas v. Smith,Public Benefits / Government Services,No,5,47220,46800,46801
validation,IM-MA-0014,Centro Presente v. Trump,Immigration and/or the Border ,No,4,54421,52821,52800
validation,EE-IL-0162,"EEOC v. MOTOROLA, INC.",Equal Employment,No,3,4000,4000,3997
validation,EE-FL-0155,Middleton v. Publix Super Markets,Equal Employment,Yes,5,50501,48943,48934
validation,PB-LA-0008,United States v. Louisiana,Public Benefits / Government Services,No,4,27626,27374,27390
validation,PC-FL-0019,United States v. Florida,Prison Conditions,No,24,100218,98881,98920
validation,EE-AR-0057,United States v. North Little Rock School District,Equal Employment,No,3,7318,7258,7228
validation,EE-MD-0033,EEOC v. EMS INNOVATIONS,Equal Employment,No,6,15346,15188,15232
validation,EE-CT-0020,Service Women’s Action Network v. U.S. Department of Defense,Equal Employment,No,5,8333,8073,8073
validation,VR-WI-0019,Democratic National Committee v. Bostelmann,Election/Voting Rights,No,60,544585,538640,538337
validation,EE-ID-0031,EEOC v. WAL-MART STORES INC,Equal Employment,No,3,6587,6567,6578
validation,DR-WA-0004,"Doe v. BHC Fairfax Hospital, Inc.",Disability Rights-Pub. Accom.,Yes,4,30992,30232,30199
validation,IM-GA-0012,Barrientos v. CoreCivic Inc.,Immigration and/or the Border ,Yes,4,20962,20472,20478
validation,EE-AL-0010,EEOC v. BROOKLEY FURNITURE COMPANY,Equal Employment,No,7,16708,16708,16713
validation,PB-CT-0011,Manker v. Spencer,Public Benefits / Government Services,Yes,3,28535,27905,27904
validation,PC-ID-0002,Witke v. Crowl,Prison Conditions,Yes,9,76411,76355,76388
validation,PN-CO-0002,American Friends Serv. Comm. v. City and County of Denver,Policing,Yes,4,18554,18554,18525
validation,PB-FL-0001,Brown v. Bush,Public Benefits / Government Services,Yes,9,62430,61848,61873
validation,PR-MI-0004,"Midwest Institute of Health, PLLC v. Whitmer",Presidential/Gubernatorial Authority,No,19,533790,524782,523573
validation,PB-TX-0007,Zahrn v. Perry,Public Benefits / Government Services,Yes,2,8566,8306,8308
validation,EE-CA-0353,Boudlal v. Disney,Equal Employment,No,4,22594,21940,21934
validation,ED-PA-0004,United States v. Sch. Dist. Phila.,Education,No,3,14179,13559,13527
validation,IM-TN-0005,Bautista v. Tennessee Dep't of Safety,Immigration and/or the Border ,Yes,3,8062,7582,7588
validation,IM-GA-0002,Williams v. Mohawk Industries,Immigration and/or the Border ,Yes,29,191826,189160,188741
validation,PN-WA-0006,Hooper v. Seattle,Policing,No,8,78314,76634,76631
validation,PB-IL-0003,Radaszewski v. Garner,Public Benefits / Government Services,No,35,255492,252251,252559
validation,EE-TX-0262,EEOC v. PARK PLAZA HOSPITAL,Equal Employment,No,4,5810,5810,5815
validation,PN-PA-0006,ACORN v. City of Philadelphia,Policing,No,4,8190,8190,8187
validation,PC-IL-0018,Rasho v. Snyder,Prison Conditions,Yes,18,56013,55981,55987
validation,EE-UT-0009,EEOC v. Granite Mill & Fixtures Company,Equal Employment,No,3,5043,5043,5045
validation,IM-DC-0085,N.S. v. Hughes,Immigration and/or the Border ,Yes,5,13546,12926,12929
validation,PC-NY-0060,Messiah S. v. Alexander,Prison Conditions,Yes,3,26360,26340,26354
validation,PB-CA-0050,City and County of San Francisco v. Sessions,Public Benefits / Government Services,No,4,31077,30367,30364
validation,PN-NV-0001,Conn v. City of Reno,Policing,No,22,142187,141182,140876
validation,DR-CO-0027,Reiskin v. Regional Transportation District,Disability Rights-Pub. Accom.,Yes,9,69036,65882,65823
validation,IM-WA-0004,Mandoza v. Zirkle Fruit,Immigration and/or the Border ,Yes,31,168241,168241,168005
validation,EE-IL-0028,EEOC v. BICE OF CHICAGO INC,Equal Employment,No,4,7350,7350,7351
validation,FA-TX-0001,Schultz v. Medina Valley Independent School District,Speech and Religious Freedom,No,14,96409,93263,93251
validation,FA-CO-0009,High Plains Harvest Church v. Polis,Speech and Religious Freedom,No,8,126673,123159,123129
validation,IM-WA-0015,Roshandel v. Chertoff,Immigration and/or the Border ,Yes,9,35147,34895,34903
test,CJ-AL-0007,Mitchell v. City of Montgomery,Criminal Justice (Other),No,5,28771,27987,27977
test,CJ-AL-0020,Cleveland v. City of Montgomery & Watts v. City of Montgomery,Criminal Justice (Other),No,6,27270,26464,26473
test,CJ-AR-0001,Nooner v. Norris,Criminal Justice (Other),No,18,71267,69501,69492
test,CJ-AZ-0003,Briggs v. Montgomery,Criminal Justice (Other),Yes,5,73280,71360,71360
test,CJ-CA-0005,Pacific News Service v. Woodford,Criminal Justice (Other),No,11,34049,33667,33628
test,CJ-CA-0017,Johnson v. Shaffer,Criminal Justice (Other),Yes,10,38222,37608,37576
test,CJ-CO-0005,Howard v. City and County of Denver,Criminal Justice (Other),No,3,4776,4606,4602
test,CJ-DC-0002,Simms v. District of Columbia,Criminal Justice (Other),No,4,15646,15506,15518
test,CJ-GA-0015,Brucker v. The City of Doraville,Criminal Justice (Other),No,4,19347,18587,18583
test,CJ-ID-0001,Associated Press v. Otter,Criminal Justice (Other),No,5,19497,18931,18932
test,CJ-IL-0013,Murphy v. Madigan (Murphy v. Raoul),Criminal Justice (Other),Yes,6,43697,42953,42947
test,CJ-KS-0002,Martinez v. City of Dodge City,Criminal Justice (Other),Yes,4,7289,6959,6960
test,CJ-KY-0005,Jones v. Clark County,Criminal Justice (Other),Yes,5,10554,10542,10543
test,CJ-LA-0009,Ayo v. Dunn,Criminal Justice (Other),No,6,34910,34192,34185
test,CJ-LA-0011,Cain v. New Orleans,Criminal Justice (Other),Yes,25,136440,134020,134025
test,CJ-LA-0013,Moran v. Landrum-Johnson,Criminal Justice (Other),Yes,4,22464,21864,21869
test,CJ-LA-0014,Ryan v. Smith,Criminal Justice (Other),Yes,3,18270,17988,17992
test,CJ-MD-0001,Evans v. Saar,Criminal Justice (Other),No,23,284664,284474,284321
test,CJ-MD-0006,Defy Ventures v. Small Business Administration,Criminal Justice (Other),No,10,122108,117921,117759
test,CJ-MI-0001,Foster-Bey v. Sampson,Criminal Justice (Other),Yes,19,78420,77194,77207
test,CJ-MO-0002,Brown v. Crawford,Criminal Justice (Other),No,10,41214,39698,39703
test,CJ-MO-0005,Fant v. City of Ferguson,Criminal Justice (Other),Yes,14,91275,91275,91248
test,CJ-MO-0008,Powell v. City of St. Ann,Criminal Justice (Other),Yes,5,11643,11643,11643
test,CJ-MO-0018,Thomas v. City of St. Ann,Criminal Justice (Other),Yes,8,89464,89464,89462
test,CJ-NC-0004,Brown v. Beck,Criminal Justice (Other),No,11,56321,55305,55298
test,CJ-NJ-0003,Holland v. Rosen,Criminal Justice (Other),No,6,60192,58372,58464
test,CJ-NY-0011,Betances v. Fischer,Criminal Justice (Other),Yes,9,73780,72440,72439
test,CJ-OK-0002,Hamilton v. Jones,Criminal Justice (Other),No,7,13182,12742,12741
test,CJ-OK-0006,Parga v. Tulsa County,Criminal Justice (Other),Yes,6,59985,59091,59018
test,CJ-PA-0003,Stokes v. Realpage,Criminal Justice (Other),Yes,6,37868,36678,36641
test,CJ-TN-0001,Workman v. Bredesen,Criminal Justice (Other),No,6,63441,61951,61954
test,CJ-TN-0003,Alley v. Little,Criminal Justice (Other),No,16,30604,29964,29974
test,CJ-TN-0015,Nashville Community Bail Fund v. Gentry,Criminal Justice (Other),No,6,39424,38624,38625
test,CJ-TX-0003,Resendiz v. Livingston,Criminal Justice (Other),No,14,19814,19814,19794
test,CJ-TX-0009,Canaan v. City of El Paso,Criminal Justice (Other),No,9,39826,38771,38772
test,CJ-TX-0015,McKee v. City of Amarillo,Criminal Justice (Other),Yes,4,17880,17104,17100
test,CW-GA-0001,Kenny A. v. Perdue,Child Welfare,Yes,30,740992,729396,729237
test,CW-NJ-0002,Charlie and Nadine H. v. Corzine,Child Welfare,Yes,16,439093,433288,432821
test,CW-NY-0001,Marisol A. v. Giuliani,Child Welfare,Yes,32,258013,257813,257874
test,CW-NY-0006,A.M. v. Mattingly,Child Welfare,Yes,9,31808,30778,30737
test,CW-SC-0001,Doe ex rel. Doe v. Haley,Child Welfare,No,4,25865,25625,25619
test,CW-SC-0002,Michelle H. v. Haley,Child Welfare,Yes,7,194132,192040,191976
test,DR-CA-0029,Gray Panthers v. Schwarzenegger,Disability Rights-Pub. Accom.,No,11,51220,51220,51199
test,DR-CA-0033,Antoninetti v. Chipotle Mexican Grill,Disability Rights-Pub. Accom.,No,46,260083,257587,257382
test,DR-CA-0035,Saldana-Neily v. Taco Bell of America,Disability Rights-Pub. Accom.,No,9,44327,44327,44435
test,DR-CA-0040,Department of Fair Employment & Housing v. Law School Admissions Council (LSAC),Disability Rights-Pub. Accom.,No,17,231907,231377,231412
test,DR-CO-0007,Taylor v. Regional Transp. Dist.,Disability Rights-Pub. Accom.,No,3,7467,7467,7461
test,DR-CO-0013,Colorado Cross-Disability Coalition v. Fey Concert Company,Disability Rights-Pub. Accom.,Yes,3,21120,21120,21122
test,DR-DC-0009,DOJ v. Amtrak,Disability Rights-Pub. Accom.,No,3,18626,18626,18697
test,DR-FL-0004,United States of America v. State of Florida,Disability Rights-Pub. Accom.,No,3,19972,19834,19861
test,DR-MA-0001,Daniels-Finegold v. Massachusetts Bay Transportation Authority,Disability Rights-Pub. Accom.,Yes,7,42509,42509,42556
test,DR-MI-0003,"Center For Community Access, Inc. v. Detroit",Disability Rights-Pub. Accom.,No,10,22174,22174,22187
test,DR-MI-0004,Lowrey v. Beztak,Disability Rights-Pub. Accom.,No,21,67121,67041,67042
test,DR-MS-0001,E.H. v. Mississippi Department of Education,Disability Rights-Pub. Accom.,Yes,7,42226,41206,41220
test,DR-NY-0009,Lovely H. v. Eggleston,Disability Rights-Pub. Accom.,Yes,13,88018,85808,85850
test,DR-NY-0017,E.F. v. New York City Department of Education,Disability Rights-Pub. Accom.,Yes,2,11843,11843,11852
test,DR-PA-0002,Brown v. Free Library of Philadelphia,Disability Rights-Pub. Accom.,No,3,6762,6372,6368
test,DR-PA-0005,Pecunas v. Pennsylvania Department of Transportation,Disability Rights-Pub. Accom.,Yes,7,81862,79046,79020
test,ED-AR-0001,Bradley v. Arkansas Department of Education,Education,Yes,9,34117,33290,33344
test,ED-CA-0012,Gay-Straight Alliance Network v. Visalia Unified Sch. Dist.,Education,No,5,36416,35754,35783
test,ED-DC-0006,Students for Fair Admissions v. U.S. Department of Education,Education,No,2,2463,2393,2393
test,ED-DC-0007,Trustees of Princeton University v. United States Department of Education,Education,No,2,5996,5826,5826
test,ED-LA-0003,Berry v. Pastorek,Education,Yes,10,131150,127466,127651
test,ED-MA-0001,Westfield High Sch. L.I.F.E. Club v. Westfield Pub. Sch.,Education,No,5,108145,106205,106083
test,ED-MD-0002,The National Federation of the Blind v. U.S. Department of Education,Education,No,5,28510,27710,27757
test,ED-MD-0004,Know Your IX v. Devos,Education,No,2,19007,18441,18457
test,ED-MI-0001,"Coalition to Defend Affirmative Action, Integration and Immigrant Rights and Fight for Equality by any Means Necessary (BAMN) v. Granholm",Education,Yes,39,330748,329878,329550
test,ED-NY-0014,L.V. v. Department of Education,Education,Yes,8,45183,44653,44678
test,ED-NY-0019,R.A.G. v. Buffalo City Sch. Dist. Bd. Of Educ.,Education,Yes,4,15338,15128,15137
test,ED-OK-0005,Randolph v. Owasso School District I011,Education,Yes,4,18719,18621,18630
test,ED-OK-0012,McCartney v. Mayes Sch. Dist. 32,Education,Yes,5,10509,10283,10295
test,ED-PA-0005,Gaskin v. Commonwealth of Pennsylvania,Education,Yes,5,95720,95210,95208
test,ED-VA-0002,G.G. [Gavin Grimm] v. Gloucester County School Board,Education,No,29,214181,211671,211681
test,EE-AL-0008,EEOC v. BARLOWORLD HANDLING LP,Equal Employment,No,3,3888,3738,3741
test,EE-AL-0012,"EEOC v. Bellsouth Telecommunication, Inc.",Equal Employment,No,13,19412,19412,19409
test,EE-AL-0030,"EEOC v. Factory Connection, LLC",Equal Employment,No,4,3614,3484,3485
test,EE-AL-0062,EEOC v. Outrigger Restaurant,Equal Employment,No,8,16871,16871,16890
test,EE-AL-0081,"EEOC v. TYSON FOOD, INC.",Equal Employment,No,8,19295,18881,18890
test,EE-AZ-0015,EEOC v. Aztec Inn Properties LLC (d/b/a Clarion Hotel - Randolph Park),Equal Employment,No,4,15330,15234,15242
test,EE-AZ-0046,EEOC v. Eagle Produce,Equal Employment,No,6,16564,16334,16350
test,EE-AZ-0054,"EEOC v. Harvest Medical Clinic, Inc.",Equal Employment,No,4,5794,5794,5798
test,EE-AZ-0077,EEOC v. MRS ASSOCIATES INC.,Equal Employment,No,3,6619,6619,6627
test,EE-AZ-0109,"EEOC v. THE APOTHECARY SHOP OF SCOTTSDALE, INC.",Equal Employment,No,5,9211,9211,9231
test,EE-CA-0022,"EEOC v. Robert G. Aptekar, M.D. (d/b/a Arthritis and Orthopedic Medical Clinic)",Equal Employment,No,4,4916,4826,4832
test,EE-CA-0047,EEOC v. CARL'S JR RESTAURANT,Equal Employment,No,3,21569,20887,20885
test,EE-CA-0087,"EEOC v. Foam Works, LLC",Equal Employment,No,4,5211,5161,5162
test,EE-CA-0092,EEOC v. Fresh Express Farms Inc.,Equal Employment,No,4,9109,8829,8844
test,EE-CA-0101,EEOC v. Hometown Buffet,Equal Employment,No,4,14517,14187,14188
test,EE-CA-0103,EEOC v. NOB HILL PROPERTIES INC (d/b/a HUNTINGTON HOTEL),Equal Employment,No,4,5543,5403,5404
test,EE-CA-0161,EEOC v. Paragary's Management Group,Equal Employment,No,4,6245,6245,6264
test,EE-CA-0170,"EEOC v. Pizzeria Uno Lombard, Inc.",Equal Employment,No,3,1858,1858,1874
test,EE-CA-0222,"EEOC v. TAYLOR MADE DIGITAL SYTEMS, INC.",Equal Employment,No,4,5151,4981,5001
test,EE-CA-0280,"Brantner v. Total Logistic Control, Inc.",Equal Employment,No,3,4095,4095,4095
test,EE-CA-0282,United States of America v. Los Angeles County Metropolitan Transportation Authority,Equal Employment,No,3,12559,12483,12479
test,EE-CA-0307,Holloway v. Best Buy Co.,Equal Employment,Yes,6,96406,95772,95824
test,EE-CO-0013,EEOC v. COLORADO BOULEVARD MOTORS INC (d/b/a MIKE SHAW CHEVROLET INC),Equal Employment,No,12,16319,16269,16272
test,EE-CO-0026,"EEOC v. JOBEC, INC., d/b/a McDONALD'S",Equal Employment,No,8,14174,14146,14170
test,EE-CO-0033,EEOC v. Lithia Dodge Cherry Creek,Equal Employment,No,6,10295,10295,10281
test,EE-CO-0063,Tomlinson v. El Paso Corp.,Equal Employment,Yes,23,144097,141695,141673
test,EE-CO-0069,EEOC v. Beverage Distributors Company,Equal Employment,No,16,43227,42987,42961
test,EE-DC-0033,Augst-Johnson v. Morgan Stanley & Co.,Equal Employment,Yes,10,57015,55123,55029
test,EE-DC-0051,Blackmon-Malloy v. U.S. Capitol Police Board,Equal Employment,Yes,12,150460,145919,145935
test,EE-DE-0012,EEOC v. I.G. BURTON OF SEAFORD,Equal Employment,No,3,5736,5736,5744
test,EE-FL-0009,EEOC v. Autozone Stores,Equal Employment,No,7,14086,13914,13929
test,EE-FL-0040,"EEOC v. DTG OPERATIONS d/b/a ""Dollar Rent-A-Car""",Equal Employment,No,5,11492,11312,11320
test,EE-FL-0101,EEOC v. Rooms To Go,Equal Employment,No,9,20435,19855,19867
test,EE-FL-0102,EEOC v. RT TAMPA FRANCHISE LP (D/B/A RUBY TUESDAY),Equal Employment,No,7,11993,11565,11576
test,EE-FL-0107,EEOC v. SUN AG INC,Equal Employment,No,6,9384,9188,9192
test,EE-FL-0109,"EEOC v. Sand Key Associates, Ltd., d/b/a Sheraton Sand Key Resort",Equal Employment,No,5,8242,7778,7784
test,EE-FL-0116,EEOC v. THOMPSON & WARD LEASING CO INC,Equal Employment,No,7,18138,17526,17539
test,EE-FL-0118,EEOC v. APPLEGATE USA INC (d/b/a UNITED SHEET METAL),Equal Employment,No,4,6733,6625,6628
test,EE-FL-0141,Lee v. Florida,Equal Employment,Yes,2,22169,22169,22157
test,EE-FL-0161,EEOC v. Bay State Milling Company,Equal Employment,No,12,28959,28503,28523
test,EE-FL-0162,"EEOC v. Dynamic Medical Services, Inc.",Equal Employment,No,5,17279,16813,16821
test,EE-GA-0003,EEOC v. ATLANTA GASTROENTEROLOGY ASSOCIATES LLC,Equal Employment,No,6,21425,21425,21420
test,EE-GA-0017,EEOC v. CAGLE'S INC.,Equal Employment,No,6,12198,12198,12201
test,EE-GA-0073,EEOC v. REGENCY HEALTH ASSOCIATES,Equal Employment,No,6,8229,8169,8165
test,EE-IA-0006,EEOC v. CITY & NATIONAL EMPLOYMENT,Equal Employment,No,3,3355,3225,3229
test,EE-IA-0009,EEOC v. FIRST STUDENT INC,Equal Employment,No,4,3586,3436,3438
test,EE-ID-0014,EEOC v. IDAHO PETERBILT INC,Equal Employment,No,4,6185,6173,6195
test,EE-ID-0015,EEOC v. Idaho Power Company,Equal Employment,No,9,19347,19339,19383
test,EE-ID-0016,"EEOC v. JC PENNEY COMPANY, INC.",Equal Employment,No,8,37113,37113,37161
test,EE-ID-0026,EEOC v. SINCLAIR OIL CORPORATION dba SUN VALLEY COMPANY,Equal Employment,No,5,10023,9999,10017
test,EE-IL-0014,EEOC v. Bloomin' Apple,Equal Employment,No,7,16965,16633,16622
test,EE-IL-0033,EEOC v. BURNS INTERNATIONL SECURITY SERVICES dba KANE SECU,Equal Employment,No,3,5115,5115,5117
test,EE-IL-0040,EEOC v. CATERPILLAR INC,Equal Employment,No,6,9945,9941,9943
test,EE-IL-0051,EEOC v. COMMONWEALTH EDISON,Equal Employment,No,3,4769,4769,4772
test,EE-IL-0053,"EEOC v. COMPACT INDUSTRIES, INC.",Equal Employment,No,3,4706,4624,4633
test,EE-IL-0087,EEOC v. Regal-Beloit Corporation,Equal Employment,No,3,6334,6126,6137
test,EE-IL-0099,EEOC v. GLENVIEW CAR WASH,Equal Employment,No,5,9384,9384,9387
test,EE-IL-0107,"EEOC v. H Q Global Workplace, Inc.",Equal Employment,No,3,2631,2627,2634
test,EE-IL-0125,EEOC v. J.D. STREET,Equal Employment,No,6,10772,10622,10630
test,EE-IL-0127,"EEOC v. Jetson Midwest Mailers, Inc.",Equal Employment,No,3,4567,4567,4579
test,EE-IL-0134,EEOC v. Jewell Events Catering,Equal Employment,No,3,5063,5063,5049
test,EE-IL-0159,EEOC v. BISON ENTERPRISES INC (d/b/a MIDAS MUFFLER SHOP),Equal Employment,No,3,2227,2203,2210
test,EE-IL-0174,EEOC v. P Z RESTAURANT,Equal Employment,No,3,4784,4772,4779
test,EE-IL-0180,EEOC v. PRIMPS LLC D/B/A SUPERCUTS MGMT ADVANTAGE GROUP INC. OF IL,Equal Employment,No,6,8030,7836,7841
test,EE-IL-0186,EEOC v. RANGER ENTERPRISES INC and REOPCO INC,Equal Employment,No,3,4630,4570,4575
test,EE-IL-0196,EEOC v. SANCHEZ & DANIELS,Equal Employment,No,3,3695,3691,3688
test,EE-IL-0202,EEOC v. Sears Roebuck,Equal Employment,No,4,9006,8970,8974
test,EE-IL-0212,EEOC v. STREATOR BRICK CO.,Equal Employment,No,3,4714,4714,4724
test,EE-IL-0213,EEOC v. STUDLEY PRODUCTS & WILDWOOD INDUSTRIES INC.,Equal Employment,No,5,7445,7441,7440
test,EE-IL-0224,EEOC v. T-MOBILE USA INC,Equal Employment,No,3,5224,5224,5226
test,EE-IL-0227,EEOC v. Transportation Solutions,Equal Employment,No,3,5237,5237,5238
test,EE-IL-0260,United States v. Board of Trustees of Southern Illinois University,Equal Employment,No,3,4000,3840,3842
test,EE-IL-0269,Smith v. Nike Retail Servs. Inc,Equal Employment,Yes,4,42522,42422,42269
test,EE-IL-0289,Ellis v. Elgin Riverboat Resort,Equal Employment,Yes,7,27558,26970,26974
test,EE-IL-0313,Espana v. Mid-West Wire Specialties,Equal Employment,Yes,8,28765,28149,28126
test,EE-IL-0318,Chapman v. DaimlerChrysler Corp.,Equal Employment,Yes,3,6873,6873,6881
test,EE-IL-0326,"McReynolds v. Merrill Lynch & Co., Inc.",Equal Employment,Yes,6,29908,29656,29668
test,EE-IN-0035,EEOC v. DAVIS HOMES LLC,Equal Employment,No,5,7208,7090,7109
test,EE-IN-0070,EEOC v. MERRILL GARDENS LLC,Equal Employment,Yes,9,24413,24381,24374
test,EE-IN-0113,EEOC v. U.S. Bell / Buzz Telecom,Equal Employment,No,15,46882,46882,46874
test,EE-IN-0131,EEOC v. Bright Petroleum Inc.,Equal Employment,No,4,4836,4696,4687
test,EE-KS-0008,EEOC v. GMRI INC (d/b/a RED LOBSTER),Equal Employment,No,4,8380,8380,8337
test,EE-KS-0021,EEOC v. THORMAN & WRIGHT CORPORATION,Equal Employment,No,9,18338,18338,18339
test,EE-KS-0026,Apsley v. Boeing Co.,Equal Employment,Yes,19,133842,132372,132352
test,EE-KY-0034,Donelan v. City of Highland Heights,Equal Employment,No,3,4802,4737,4737
test,EE-LA-0008,"EEOC v. BELLE CHASE MARINE, INC.",Equal Employment,No,3,3038,3038,3039
test,EE-LA-0043,EEOC v. JONESBORO MANUFACTURING,Equal Employment,No,3,2289,2247,2249
test,EE-LA-0065,"EEOC v. Tasa, Inc. (d/b/a Orr Minden Country Chevrolet)",Equal Employment,No,3,2862,2732,2733
test,EE-LA-0072,EEOC v. K&B LOUISIANA CORPORATION (D/B/A RITE AID),Equal Employment,No,6,17286,17234,17230
test,EE-LA-0076,"EEOC v. SOUTHWEST LOUISIANA PRIMARY HEALTH CARE CENTER, INC.",Equal Employment,No,5,3451,3309,3315
test,EE-LA-0083,EEOC v. TIC-The Industrial Company,Equal Employment,No,8,23949,23869,23874
test,EE-LA-0118,"Broussard v. First Tower Loan, LLC",Equal Employment,No,6,28851,28601,28607
test,EE-MA-0012,"EEOC v. NOVEON, INC",Equal Employment,No,3,3675,3504,3507
test,EE-MD-0009,"EEOC v. Avado Brands, Inc.",Equal Employment,No,4,6647,6315,6327
test,EE-MD-0017,"EEOC v. BlueHippo FUNDING, LLC",Equal Employment,No,3,2994,2994,2999
test,EE-MD-0022,EEOC v. COCA-COLA ENTERPRISES INC. dba MID-ATLANTIC COCA,Equal Employment,No,4,5219,4989,4986
test,EE-MD-0040,EEOC v. FEDERAL EXPRESS CORPORATION (d/b/a FEDEX EXPRESS),Equal Employment,No,6,8852,8768,8768
test,EE-MD-0050,"EEOC v. HOME PARAMOUNT PEST CONTROL COMPANIES, INC.",Equal Employment,No,3,3265,3253,3259
test,EE-MD-0110,EEOC v. BANKRUPTCY AUTHORITIES INC,Equal Employment,No,5,4126,4126,4132
test,EE-MD-0133,Bond & United States v. Baltimore Department of Public Works,Equal Employment,No,4,8653,8653,8655
test,EE-MD-0140,O'Bannon v. Friedman's,Equal Employment,Yes,17,56060,54860,54895
test,EE-MD-0148,EEOC v. Xerxes Corporation,Equal Employment,No,7,40727,39797,39808
test,EE-MD-0151,Stone v. Trump,Equal Employment,No,13,116311,111935,111953
test,EE-MD-0153,Savage v. Pocomoke City,Equal Employment,No,9,67427,65747,65793
test,EE-MI-0001,EEOC v. A & R Truss Company,Equal Employment,No,3,3667,3597,3600
test,EE-MI-0024,EEOC v. Buffalo Wild Wings Grill & Bar,Equal Employment,No,3,3110,3102,3109
test,EE-MI-0116,EEOC v. Meade Lexus,Equal Employment,No,5,7855,7563,7572
test,EE-MI-0131,EEOC v. PEPSI BOTTLING GROUP (a/k/a PEPSI COLA COMPANY),Equal Employment,No,4,4542,4478,4479
test,EE-MI-0136,"EEOC v. The Reed Group, Inc.",Equal Employment,No,3,2139,2139,2143
test,EE-MI-0140,EEOC v. SEARS ROEBUCK AND CO.,Equal Employment,No,4,2529,2521,2528
test,EE-MI-0158,EEOC v. UNITED AUTO WORKERS INTERNATIONAL UNION,Equal Employment,No,3,2523,2523,2524
test,EE-MI-0195,"EEOC v. Guardsmark, LLC",Equal Employment,No,7,9928,9880,9891
test,EE-MN-0014,"EEOC v. ENTRONIX INTERNATIONAL, INC.",Equal Employment,No,4,4928,4818,4829
test,EE-MN-0073,EEOC v. VENTURA FOODS LLC,Equal Employment,No,3,4393,4343,4361
test,EE-MN-0075,Peterson v. Seagate US LLC,Equal Employment,Yes,16,65906,65076,65062
test,EE-MN-0082,Hall v. Best Buy Co.,Equal Employment,No,13,83951,81937,81944
test,EE-MO-0030,EEOC v. FAMILY MOTOR INN,Equal Employment,No,6,8490,8110,8121
test,EE-MO-0035,"EEOC v. Garden City Plastics Equipment and Supply Company, Inc.",Equal Employment,No,10,11335,11335,11335
test,EE-MO-0054,"EEOC v. Midamerica Hotels Corp., d/b/a Burger King",Equal Employment,No,6,17549,17076,17087
test,EE-MO-0087,EEOC v. UMB Bank Financial Corporation,Equal Employment,No,8,14276,14276,14281
test,EE-MO-0093,EEOC v. WESTERN CONTAINER,Equal Employment,No,4,5708,5684,5688
test,EE-MO-0094,EEOC v. WOODBINE HEALTHCARE LTD,Equal Employment,Yes,9,21356,21352,21341
test,EE-MO-0110,EEOC v. Bodega Bars USA,Equal Employment,No,6,7821,7741,7745
test,EE-NC-0016,EEOC v. CARMIKE CINEMAS INC,Equal Employment,No,7,16548,16544,16551
test,EE-NC-0035,EEOC v. FEDERAL EXPRESS,Equal Employment,No,6,11534,11534,11528
test,EE-NC-0088,"EEOC v. QUIK-CHEK, INC.",Equal Employment,No,3,4094,3974,3976
test,EE-NC-0094,"EEOC v. S.G.T. CINELLI'S, INC.",Equal Employment,No,6,6325,6215,6214
test,EE-NC-0100,"Santana v. Sears, Roebuck & Co.",Equal Employment,No,5,16001,15741,15737
test,EE-NC-0102,EEOC v. SHONEY'S,Equal Employment,No,3,15642,15618,15616
test,EE-NC-0119,EEOC v. UNITED RENTAL HOMES,Equal Employment,No,3,2774,2774,2779
test,EE-NC-0140,United States v. University of North Carolina,Equal Employment,No,6,12577,12057,12032
test,EE-NE-0017,EEOC v. WOODMEN OF THE WORLD LIFE INSURANCE SOCIETY AND/OR OMAHA WOODMEN LIFE INSURANCE SOCIETY,Equal Employment,No,13,40977,40977,40980
test,EE-NJ-0012,EEOC v. BED BATH & BEYOND,Equal Employment,No,3,5321,5180,5188
test,EE-NJ-0014,EEOC v. Blackwell's Book Services,Equal Employment,No,4,5677,5507,5518
test,EE-NJ-0020,EEOC v. CLIFFORD B. FINKLE JR. INC.,Equal Employment,No,5,6434,6286,6283
test,EE-NJ-0032,EEOC v. FOODCRAFTERS DISTRIBUTION CO.,Equal Employment,No,11,47681,46451,46487
test,EE-NJ-0097,EEOC v. U.S. Aluminum,Equal Employment,No,5,11473,11373,11383
test,EE-NM-0003,"EEOC v. American Seafood Partners, LTD",Equal Employment,No,2,2193,2193,2200
test,EE-NM-0004,EEOC v. AMERISUITES,Equal Employment,No,3,4143,4143,4146
test,EE-NM-0014,EEOC v. Bell Gas and Ballew Distributing,Equal Employment,No,8,22748,22428,22425
test,EE-NM-0021,EEOC v. CRACKER BARREL,Equal Employment,No,4,7676,7612,7605
test,EE-NM-0022,EEOC v. UNIFLEX SOUTHWEST (d/b/a CYCLE PLASTICS),Equal Employment,No,3,4722,4722,4735
test,EE-NM-0023,EEOC v. FARMERS COUNTRY MARKET,Equal Employment,No,3,5232,5232,5232
test,EE-NM-0024,EEOC v. Health Centers of Northern New Mexico,Equal Employment,No,5,7384,7384,7390
test,EE-NM-0047,EEOC v. B&B MANAGEMENT INC (d/b/a TACO BELL),Equal Employment,No,3,5039,5039,5039
test,EE-NM-0055,EEOC v. LOCKHEED MARTIN CORPORATION (LOCKHEED MARTIN MISSION SYSTEMS),Equal Employment,No,6,9872,9872,9885
test,EE-NM-0061,United States v. Northwest New Mexico Regional Solid Waste Authority,Equal Employment,No,3,12382,12370,12364
test,EE-NM-0062,United States of America v. The New Mexico Department of Public Safety,Equal Employment,No,7,7161,7125,7121
test,EE-NV-0001,"EEOC v. AMERICA WEST AIRLINES, INC.",Equal Employment,No,3,7878,7698,7704
test,EE-NY-0019,EEOC v. BOOKS FOR LESS,Equal Employment,No,5,13643,13523,13541
test,EE-NY-0040,EEOC v. DREYFUS SERVICE CORPORATION,Equal Employment,No,5,11662,11396,11398
test,EE-NY-0069,"EEOC v. HEATHER'S HOSPITALITIES, INC.",Equal Employment,No,3,5128,5128,5141
test,EE-NY-0117,Equal Employment Opportunity Commission v. Nichols Gas and Oil,Equal Employment,No,7,23829,23689,23695
test,EE-NY-0121,EEOC v. OCS GROUP INC,Equal Employment,No,3,3666,3666,3671
test,EE-NY-0129,EEOC v. POLAR AIR CARGO,Equal Employment,No,3,4569,4569,4583
test,EE-NY-0168,EEOC v. THE MELROSE HOTEL,Equal Employment,No,4,9930,9930,9936
test,EE-NY-0171,"EEOC v. THERMAL FOAMS, INC.",Equal Employment,No,4,3756,3606,3603
test,EE-NY-0247,Cerda v. Restaurant Associates,Equal Employment,Yes,5,6923,6735,6729
test,EE-NY-0259,Davis v. Eastman Kodak,Equal Employment,Yes,10,92720,90957,90971
test,EE-NY-0293,Coleman v. City of New York,Equal Employment,Yes,2,13840,13530,13536
test,EE-NY-0298,Richardson v. New York,Equal Employment,Yes,5,59899,58569,58574
test,EE-OH-0012,EEOC v. CARTER-JONES LUMBER COMPANY,Equal Employment,No,9,14899,14899,14901
test,EE-OH-0054,"EEOC v. Overnite Transportation, Inc.",Equal Employment,No,5,14336,14336,14340
test,EE-OH-0056,EEOC v. Pitt Ohio Express,Equal Employment,Yes,6,17241,17151,17174
test,EE-OH-0070,EEOC v. Sundance Rehabilitation Corporation,Equal Employment,No,7,18349,18345,18334
test,EE-OH-0071,EEOC v. THE BROWN PUBLISHING COMPANY,Equal Employment,No,3,4434,4434,4437
test,EE-OH-0089,"United States of America v. Village of Woodmere, Ohio",Equal Employment,No,8,13930,13829,13854
test,EE-OH-0111,Koren v. Ohio Bell Telephone Company,Equal Employment,No,4,7479,7479,7466
test,EE-OK-0024,EEOC v. Great Plains Coca Cola Bottling Company,Equal Employment,No,9,10050,10050,10050
test,EE-OK-0047,"United States of America v. City of Sulphur, Oklahoma",Equal Employment,No,3,2452,2420,2421
test,EE-PA-0056,EEOC v. DINE INC (d/b/a SILK CITY DINER),Equal Employment,No,3,6193,6193,6193
test,EE-PA-0082,"EEOC v. GREG & DEB'S, INC d/b/a NORTH PARK LOUNGE CLUBHOUSE",Equal Employment,No,6,13208,12714,12726
test,EE-PA-0090,EEOC v. INTERSTATE BRANDS CORPORATION,Equal Employment,No,5,5088,5088,5097
test,EE-PA-0146,EEOC v. Red Robin Diner,Equal Employment,No,4,5172,5142,5145
test,EE-PA-0152,"EEOC v. SPD Technologies, Inc.",Equal Employment,No,4,5236,5026,5028
test,EE-PA-0195,"United States of America v. City of Erie, Pennsylvania",Equal Employment,Yes,3,13339,13107,13101
test,EE-PA-0204,Davis v. Kraft Foods North America Inc.,Equal Employment,Yes,5,27859,27859,27847
test,EE-PA-0238,Hodczak v. Latrobe Specialty Steel Company,Equal Employment,Yes,22,48536,47716,47698
test,EE-PA-0250,"Mayer v. Driver Solutions, Inc.",Equal Employment,Yes,6,38239,36855,36845
test,EE-SC-0045,EEOC v. Palmetto Restaurant Group,Equal Employment,No,4,9826,9826,9829
test,EE-TN-0001,"EEOC v. A & I PRODUCTS, INC.",Equal Employment,No,4,10446,10146,10141
test,EE-TN-0009,EEOC v. APPALACHIAN OIL COMPANY INC,Equal Employment,No,3,3333,3333,3344
test,EE-TN-0089,EEOC v. Paramount Staffing,Equal Employment,No,7,15576,15316,15303
test,EE-TN-0103,EEOC v. Sharp Manufacturing Company of America,Equal Employment,No,4,11429,11129,11136
test,EE-TN-0145,Wilson v. Cendant Corporation,Equal Employment,Yes,3,18379,17484,17496
test,EE-TX-0047,EEOC v. BLUE FLASH EXPRESS LLC,Equal Employment,No,4,4560,4468,4474
test,EE-TX-0053,EEOC v. BRENTWOOD HEALTHCARE LTD,Equal Employment,No,4,6536,6446,6457
test,EE-TX-0062,"EEOC v. Beall Concrete Enterprises, Inc., a wholly owned subsidiary",Equal Employment,No,6,10962,10812,10812
test,EE-TX-0065,"EEOC v. Brookdale Living Communities Of Texas, Inc.",Equal Employment,No,5,6217,5947,5950
test,EE-TX-0080,EEOC v. PORT ARTHUR HOUSING AUTHORITY,Equal Employment,No,3,2675,2575,2575
test,EE-TX-0102,"EEOC v. Dolgencorp of Texas (""Dollar General"")",Equal Employment,No,4,6265,6217,6227
test,EE-TX-0126,"EEOC v. FLYING J, INC.",Equal Employment,No,3,3820,3690,3694
test,EE-TX-0138,EEOC v. G.I. TRUCKING COMPANY,Equal Employment,No,3,4252,4236,4241
test,EE-TX-0169,EEOC v. Harlingen Family Dentistry,Equal Employment,No,5,4741,4725,4727
test,EE-TX-0192,EEOC v. KROGER,Equal Employment,Yes,6,12259,12259,12257
test,EE-TX-0216,"EEOC v. M&S IMAGING PARTNERS, L.P.",Equal Employment,No,3,2481,2481,2483
test,EE-TX-0226,EEOC v. MIKE ALBERT LEASING INCORPORATED,Equal Employment,No,7,9222,9022,9035
test,EE-TX-0234,"EEOC v. Mothers Work, Inc.",Equal Employment,No,7,17186,16896,16902
test,EE-TX-0260,"EEOC v. Parfumes De Couer Limited, Inc.",Equal Employment,No,3,3479,3479,3487
test,EE-TX-0269,EEOC v. PETROFAC SERVICES INC,Equal Employment,No,3,3579,3579,3585
test,EE-TX-0284,"EEOC v. PRIME PLACEMENT, INC.",Equal Employment,No,4,5631,5431,5439
test,EE-TX-0305,EEOC v. RON CLARK FORD INC,Equal Employment,No,5,9545,9407,9406
test,EE-TX-0313,"EEOC v. SABIC AMERICAS, INC.",Equal Employment,No,4,5168,5168,5168
test,EE-TX-0324,"EEOC v. Sears, Roebuck & Co.",Equal Employment,No,5,4045,4045,4049
test,EE-TX-0380,EEOC v. U-Haul Co. of Texas,Equal Employment,No,7,8214,8178,8189
test,EE-TX-0393,EEOC v. Union Pacific Railroad Company,Equal Employment,No,6,13384,12968,12980
test,EE-TX-0416,EEOC v. Williamson County Cablevision Company Dba Cox Communications,Equal Employment,No,4,2974,2846,2846
test,EE-TX-0417,EEOC v. WILLIAMSON COUNTY CABLEVISION COMPANY,Equal Employment,No,3,2930,2820,2824
test,EE-TX-0424,"Jordan and United States of America v. Matagorda County, Texas",Equal Employment,No,4,10683,10651,10636
test,EE-TX-0432,United States of America v. Sheriff of McLennan County and McLennan County,Equal Employment,No,3,3771,3735,3728
test,EE-TX-0433,"United States of America v. City of San Antonio, Texas",Equal Employment,No,3,4018,3894,3914
test,EE-TX-0434,"Woodall v. American Airlines, Inc.",Equal Employment,Yes,7,19122,18762,18757
test,EE-UT-0006,EEOC v. DEES FAMILY RESTAURANT,Equal Employment,No,3,5326,5266,5273
test,EE-VA-0125,"United States of America v. City of Chesapeake, Virginia",Equal Employment,No,3,12750,12750,12743
test,EE-WA-0015,EEOC v. El Dorado Stone,Equal Employment,No,9,24073,23473,23507
test,EE-WA-0028,EEOC v. HORSESHOE LAKE GOLF COURSE,Equal Employment,No,6,7702,7574,7577
test,EE-WA-0031,EEOC v. HUNTWOOD INDUSTRIES,Equal Employment,No,6,7081,7081,7093
test,EE-WA-0046,EEOC v. CENTRAL PARK LODGES LONG TERM CARE INC (d/b/a LINDEN GROVE HEALTH CARE CENTER),Equal Employment,Yes,6,34372,33326,33333
test,EE-WA-0049,"EEOC v. LAIDLAW, INC.",Equal Employment,No,8,10841,10821,10829
test,EE-WA-0056,"EEOC v. Medical Management, Inc.",Equal Employment,No,5,7699,7443,7453
test,EE-WA-0062,"EEOC v. OLYMPIC SECURITY SERVICES, INC.",Equal Employment,No,3,5496,5492,5507
test,EE-WA-0088,EEOC v. Swinerton Builders,Equal Employment,No,4,4307,4287,4303
test,EE-WA-0099,EEOC v. TUALATIN VALLEY BUILDERS SUPPLY,Equal Employment,No,3,6053,6041,6043
test,EE-WI-0016,"EEOC v. HOME DEPOT USA, INC.",Equal Employment,No,4,4143,4143,4152
test,EE-WI-0033,"EEOC v. Management Hospitality of Racine, Inc., d/b/a IHOP",Equal Employment,No,6,33257,33203,33208
test,EE-WI-0040,"EEOC v. SCHNEIDER NATIONAL, INC.",Equal Employment,No,8,14318,14318,14317
test,EE-WV-0006,United States of America v. The Sheriff of Hampshire County and the Hampshire County Commission,Equal Employment,No,3,4813,4773,4768
test,EE-WY-0002,EEOC v. CUNDY ASPHALT PAVING CONSTRUCTION INC,Equal Employment,No,4,5591,5351,5360
test,EE-WY-0006,"EEOC v. M & N Equipment, Inc., LLC",Equal Employment,No,4,3238,3166,3171
test,EJ-CA-0001,Californians for Renewable Energy v. United States Environmental Protection Agency,Environmental Justice,No,4,46764,46084,46072
test,EJ-DC-0001,Standing Rock Sioux Tribe v. United States Army Corps of Engineers,Environmental Justice,No,27,242827,235871,235940
test,EJ-IL-0001,City of Evanston v. Texaco,Environmental Justice,No,4,33058,32482,32494
test,FA-CA-0004,Freedom from Religion Foundation v. Geithner,Speech and Religious Freedom,No,9,51958,51776,51851
test,FA-DC-0001,Roman Catholic Archbishop of Washington v. Sebelius,Speech and Religious Freedom,No,15,105617,103483,103468
test,FA-DC-0004,Gilardi v. Dep't of Health and Human Services [Gilardi v. Sebelius],Speech and Religious Freedom,No,12,68769,67718,67782
test,FA-DC-0005,"Tyndale House Publishers, Inc. v. Sebelius",Speech and Religious Freedom,No,9,78060,75870,75923
test,FA-DC-0011,Stewart v. Sebelius,Speech and Religious Freedom,No,4,9606,9266,9268
test,FA-DC-0012,Williams v. Sebelius,Speech and Religious Freedom,No,4,12584,12124,12132
test,FA-IA-0001,Dordt College v. Sebelius,Speech and Religious Freedom,No,10,94488,91808,91602
test,FA-IN-0002,Diocese of Fort Wayne-South Bend v. Burwell,Speech and Religious Freedom,No,9,65379,63409,63398
test,FA-MA-0001,ACLU of Mass v. Leavitt,Speech and Religious Freedom,No,4,10472,10472,10470
test,FA-MA-0002,Glik v. Cunniffe,Speech and Religious Freedom,No,13,71769,71187,71174
test,FA-MD-0001,Sharp v. Baltimore City Police,Speech and Religious Freedom,No,10,34341,33352,33353
test,FA-MN-0002,"Child Evangelism Fellowship of Minnesota v. Elk River Area School District, #728",Speech and Religious Freedom,No,5,9282,9072,9072
test,FA-MO-0001,Roman Catholic Archdiocese of St. Louis v. Sebelius,Speech and Religious Freedom,No,6,26176,26132,26504
test,FA-MO-0003,"Sharpe Holdings, Inc. v. U.S. Dep't of Health and Human Servs.",Speech and Religious Freedom,No,17,92081,92081,91961
test,FA-MS-0001,"Catholic Diocese of Biloxi, Inc. v. Sebelius",Speech and Religious Freedom,No,7,46147,44767,44753
test,FA-OK-0001,Hobby Lobby v. Sebelius,Speech and Religious Freedom,No,16,112095,109175,109230
test,FA-OK-0005,Southern Nazarene University v. Sebelius,Speech and Religious Freedom,No,14,103998,101778,101569
test,FA-PA-0010,Zubik v. Burwell [II],Speech and Religious Freedom,No,16,62963,61603,61594
test,FA-TN-0001,Roman Catholic Diocese of Nashville v. Sebelius,Speech and Religious Freedom,No,14,101556,98960,98946
test,FA-TX-0006,Criswell College v. Sebelius,Speech and Religious Freedom,No,4,16025,15525,15525
test,FH-AL-0003,United States v. Biswas,Fair Housing/Lending/Insurance,No,4,12334,11954,11958
test,FH-AL-0007,United States v. First United Security Bank,Fair Housing/Lending/Insurance,No,10,30988,29839,29864
test,FH-AL-0008,Central Alabama Fair Housing Center v. Magee,Fair Housing/Lending/Insurance,Yes,12,83303,80833,80848
test,FH-CA-0007,United States v. Countrywide Financial Corporation,Fair Housing/Lending/Insurance,No,5,24330,24188,24208
test,FH-CA-0013,United States v. Plaza Home Mortgage,Fair Housing/Lending/Insurance,No,3,14084,13714,13707
test,FH-CA-0015,City of Los Angeles v. JPMorgan Chase,Fair Housing/Lending/Insurance,No,10,61852,60352,60312
test,FH-CT-0001,United States v. Shawmut Mortgage Company,Fair Housing/Lending/Insurance,No,4,7977,7977,7985
test,FH-DC-0001,U.S. v. Chevy Chase Federal Savings Bank,Fair Housing/Lending/Insurance,No,3,11876,11764,11784
test,FH-IA-0001,United States v. Nieman,Fair Housing/Lending/Insurance,No,3,6017,5747,5752
test,FH-MA-0002,"Barrett v. H&R Block, Inc.",Fair Housing/Lending/Insurance,Yes,8,39415,38405,38425
test,FH-NE-0001,United States v. Latvian Tower Condominium,Fair Housing/Lending/Insurance,No,3,9450,9386,9391
test,FH-NJ-0003,Mt. Holly Gardens Citizens in Action v. Township of Mount Holly,Fair Housing/Lending/Insurance,No,16,202489,199428,199513
test,FH-NY-0008,Vargas v. Town of Smithtown,Fair Housing/Lending/Insurance,Yes,6,19780,19394,19393
test,FH-NY-0014,"United States v. Burgundy Gardens, LLC",Fair Housing/Lending/Insurance,No,7,10719,10399,10422
test,FH-NY-0015,"United States v. Larkspur, LLC",Fair Housing/Lending/Insurance,No,4,14345,13827,13842
test,FH-NY-0018,"United States v. GFI Mortgage Bankers, Inc.",Fair Housing/Lending/Insurance,No,6,14949,14561,14577
test,FH-NY-0023,Fortune Society v. Sandcastle Towers Housing Development Fund Corp.,Fair Housing/Lending/Insurance,No,5,61046,59436,59416
test,FH-NY-0025,Mhany Management Inc. v. County Of Nassau,Fair Housing/Lending/Insurance,No,17,193390,190169,190175
test,FH-TX-0006,United States v. Nixon,Fair Housing/Lending/Insurance,No,3,8927,8642,8645
test,FH-TX-0007,United States v. Primelending,Fair Housing/Lending/Insurance,No,4,8978,8658,8666
test,FH-TX-0009,United States v. Fort Davis State Bank,Fair Housing/Lending/Insurance,No,3,6707,6427,6427
test,FH-WI-0003,United States v. Southport Bank,Fair Housing/Lending/Insurance,No,3,6376,6204,6208
test,ID-CT-0005,U.S. v. Connecticut,Intellectual Disability (Facility),No,18,108371,107617,107564
test,ID-MS-0002,U.S. v. Mississippi,Intellectual Disability (Facility),No,5,7879,7859,7864
test,ID-NY-0001,Benjamin B. v. Mario Cuomo,Intellectual Disability (Facility),Yes,2,7360,7348,7365
test,ID-WA-0003,Dunakin v. Quiqley,Intellectual Disability (Facility),Yes,8,55835,54969,54966
test,ID-WY-0001,Weston v. Wyoming State Training School,Intellectual Disability (Facility),Yes,34,97567,97567,97562
test,IM-AZ-0013,Chamber of Commerce of the United States v. Whiting,Immigration and/or the Border ,No,15,176104,175860,176031
test,IM-AZ-0015,United States v. Arizona,Immigration and/or the Border ,No,15,208235,205245,205452
test,IM-AZ-0016,Friendly House v. Whiting,Immigration and/or the Border ,Yes,13,227276,224116,224110
test,IM-AZ-0021,"Doe v. Johnson [later Kelly, Nielsen]",Immigration and/or the Border ,Yes,31,292172,286100,285764
test,IM-AZ-0025,Unknown Party v. Motel 6,Immigration and/or the Border ,Yes,5,50751,49391,49391
test,IM-AZ-0026,Tenorio-Serrano v. Driscoll,Immigration and/or the Border ,Yes,5,31158,30268,30278
test,IM-CA-0103,Center for Biological Diversity v. U.S. Department of Homeland Security,Immigration and/or the Border ,No,13,215111,209135,208630
test,IM-CA-0119,American Civil Liberties Union of Northern California v. U.S. Immigration and Customs Enforcement,Immigration and/or the Border ,No,4,7702,7502,7508
test,IM-CA-0120,Garland v. Gonzalez (Aleman Gonzalez v. Sessions),Immigration and/or the Border ,Yes,6,47553,46323,46361
test,IM-CA-0122,Community Legal Services in East Palo Alto v. U.S. Department of Homeland Security,Immigration and/or the Border ,No,3,11195,10975,10974
test,IM-CA-0123,Doe 1 v. McAleenan,Immigration and/or the Border ,Yes,5,45081,44471,44476
test,IM-CA-0132,City and County of San Francisco v. Sessions III,Immigration and/or the Border ,No,6,42623,41653,41630
test,IM-CA-0144,Innovation Law Lab v. Nielsen,Immigration and/or the Border ,No,6,52578,51158,51212
test,IM-CA-0150,Nightingale v. U.S. Citizenship and Immigration Services,Immigration and/or the Border ,Yes,5,35389,34699,34705
test,IM-CA-0165,The Regents of the University of California v. U.S. Department of Homeland Security,Immigration and/or the Border ,No,5,50027,48644,48460
test,IM-CA-0166,Z.W. v. U.S. Department of Homeland Security,Immigration and/or the Border ,No,5,42132,41022,41001
test,IM-CA-0169,California v. Trump,Immigration and/or the Border ,No,3,21584,21082,21080
test,IM-CO-0011,Civil Rights Education and Enforcement Center v. U.S. Department of Homeland Security,Immigration and/or the Border ,No,3,16249,15819,15813
test,IM-CT-0005,Unidad Latina En Accion v. U.S. Dept. of Homeland Security,Immigration and/or the Border ,No,8,28382,28172,28164
test,IM-CT-0007,El Badrawi v. Department of Homeland Security,Immigration and/or the Border ,No,12,175437,171167,170895
test,IM-DC-0006,Immigrationportal.com v. Ridge,Immigration and/or the Border ,Yes,4,9224,9188,9193
test,IM-DC-0022,L-R v. Johnson,Immigration and/or the Border ,Yes,6,33155,32557,32559
test,IM-DC-0028,American-Arab Anti-Discrimination Committee v. U.S. Customs and Border Protection,Immigration and/or the Border ,No,3,4800,4710,4711
test,IM-DC-0035,Protect Democracy Project v. U.S. Department of Homeland Security,Immigration and/or the Border ,No,8,16993,16427,16428
test,IM-DC-0055,Muslim Advocates v. U.S. Department of Justice,Immigration and/or the Border ,No,2,6070,5920,5921
test,IM-DC-0059,O.A. v. Trump,Immigration and/or the Border ,Yes,5,78167,75997,76046
test,IM-DC-0070,O.M.G. v. Wolf,Immigration and/or the Border ,No,7,102950,100092,100145
test,IM-DC-0073,C.G.B. v. Wolf,Immigration and/or the Border ,Yes,15,189321,182951,182793
test,IM-DC-0079,Kirwa v. United States Department of Defense,Immigration and/or the Border ,Yes,11,52976,51856,51857
test,IM-DC-0080,Nio v. United States Department of Homeland Security,Immigration and/or the Border ,Yes,7,77296,76336,76343
test,IM-DC-0087,P.J.E.S v. Wolf,Immigration and/or the Border ,Yes,8,73715,71435,71308
test,IM-DC-0091,Human Rights First v. Wolf,Immigration and/or the Border ,No,3,51884,50334,50376
test,IM-FL-0029,Gayle v. Meade,Immigration and/or the Border ,Yes,28,326512,321132,321026
test,IM-IN-0002,Buquer v. City of Indianapolis,Immigration and/or the Border ,Yes,16,91401,89611,89616
test,IM-LA-0006,Xavier v. Belfor USA Group Inc.,Immigration and/or the Border ,Yes,7,52511,52375,52368
test,IM-MA-0008,Asgari v. Trump,Immigration and/or the Border ,No,6,7321,7051,7043
test,IM-MA-0015,Calderon Jimenez v. Nielsen,Immigration and/or the Border ,Yes,10,76942,75200,75485
test,IM-MA-0023,Haitian-Americans United v. Trump,Immigration and/or the Border ,No,3,17247,16647,16649
test,IM-MD-0008,National Association for the Advancement of Colored People v. U.S. Department of Homeland Security,Immigration and/or the Border ,No,4,34154,33094,33094
test,IM-MD-0016,Coreas v. Bounds,Immigration and/or the Border ,Yes,14,84924,82484,82485
test,IM-MO-0002,Gray v. City of Valley Park,Immigration and/or the Border ,No,31,205406,200806,200887
test,IM-MS-0003,Tamayo Espinoza v. Witte,Immigration and/or the Border ,No,6,39352,38112,38116
test,IM-MT-0001,Rios-Diaz v. Butler,Immigration and/or the Border ,Yes,5,38111,36578,36580
test,IM-NJ-0006,Jama v. United States Immigration and Natural Service,Immigration and/or the Border ,No,8,71773,71149,71108
test,IM-NY-0037,Aguilar v. ICE,Immigration and/or the Border ,Yes,17,223663,215595,215758
test,IM-NY-0043,Milanes v. Chertoff,Immigration and/or the Border ,Yes,7,60190,58940,58956
test,IM-NY-0049,Centro de la Comunidad Hispana v. Town of Oyster Bay,Immigration and/or the Border ,No,8,33774,33054,33058
test,IM-NY-0050,American Immigration Council v. U.S. Department of Homeland Security,Immigration and/or the Border ,No,3,37855,36585,36652
test,IM-NY-0055,State of New York v. Trump,Immigration and/or the Border ,No,24,302243,293695,293809
test,IM-NY-0065,State of New York v. U.S. Department of Justice,Immigration and/or the Border ,No,6,73840,72590,72598
test,IM-NY-0079,New York Immigration Coalition v. Trump,Immigration and/or the Border ,No,5,27163,26349,26343
test,IM-OK-0003,Chamber of Commerce of the United States v. Henry,Immigration and/or the Border ,No,8,72427,71505,71600
test,IM-PA-0011,Urbina v. Rustin,Immigration and/or the Border ,Yes,3,2074,2064,2064
test,IM-TX-0020,Swift & Company v. Immigration and Customs Enforcement,Immigration and/or the Border ,No,6,31769,31238,31231
test,IM-TX-0032,Crane v. Johnson,Immigration and/or the Border ,No,7,51214,50644,50679
test,IM-TX-0038,"Kambala v. Signal International, LLC",Immigration and/or the Border ,No,8,54919,53233,53246
test,IM-TX-0043,"Mercado v. Dallas County, Texas",Immigration and/or the Border ,No,13,140578,135245,135208
test,IM-TX-0046,El Paso County v. State of Texas,Immigration and/or the Border ,No,2,9174,8884,8885
test,IM-TX-0048,"Trujillo v. Bexar County, Texas et. al",Immigration and/or the Border ,No,11,31054,29854,29854
test,IM-UT-0002,Utah Coalition of La Raza v. Herbert,Immigration and/or the Border ,Yes,11,74173,72771,72741
test,IM-VT-0002,Migrant Justice v. Nielsen,Immigration and/or the Border ,No,5,34013,33183,33182
test,IM-WA-0040,Pars Equality Center v. Pompeo,Immigration and/or the Border ,Yes,7,65332,64200,64189
test,IM-WA-0044,Dawson v. Asher,Immigration and/or the Border ,No,17,74662,72524,72417
test,JC-CA-0024,Butler v. Santa Cruz County,Jail Conditions,Yes,5,23066,22376,22360
test,JC-CA-0028,Sanchez v. Placer County,Jail Conditions,Yes,3,5214,5156,5146
test,JC-CA-0030,Spellman v. Humboldt County,Jail Conditions,Yes,7,12345,12223,12224
test,JC-CA-0032,Todd v. Solano County,Jail Conditions,Yes,6,16732,16334,16300
test,JC-CA-0069,Hall v. Mims,Jail Conditions,Yes,10,86848,85698,85691
test,JC-CA-0077,Torres v. County of Merced,Jail Conditions,Yes,4,4437,4437,4441
test,JC-CA-0131,M.H. v. County of Alameda,Jail Conditions,No,6,75196,74716,74704
test,JC-CA-0132,Cole v. County of Santa Clara,Jail Conditions,Yes,5,63077,61907,61895
test,JC-CA-0133,Upshaw v. Alameda County,Jail Conditions,Yes,4,20830,20470,20472
test,JC-CA-0137,Gonzalez v. Ahern,Jail Conditions,Yes,2,19392,18842,18852
test,JC-CA-0142,Mohrbacher v. Alameda County Sheriffs Office,Jail Conditions,Yes,6,38898,37954,38041
test,JC-CA-0143,Ahlman v. Barnes,Jail Conditions,Yes,19,180914,177928,177831
test,JC-DC-0005,Barnes v. District of Columbia,Jail Conditions,Yes,11,127072,125362,125347
test,JC-DC-0007,Johnson v. District of Columbia,Jail Conditions,Yes,17,102982,101002,101024
test,JC-DC-0014,Pierce v. District of Columbia,Jail Conditions,No,5,43262,42942,42904
test,JC-FL-0012,Haney v. Miami-Dade County,Jail Conditions,Yes,16,58450,57556,57511
test,JC-FL-0019,Gambuzza v. Parmenter,Jail Conditions,Yes,11,20968,20118,20116
test,JC-GA-0016,Foster v. Fulton County,Jail Conditions,Yes,6,36461,36461,36453
test,JC-IL-0045,Hart v. Sheahan,Jail Conditions,Yes,16,84357,83653,83583
test,JC-IL-0047,Smentek v. Sheriff of Cook County,Jail Conditions,Yes,14,76656,76396,76378
test,JC-IL-0049,Malewski v. Preckwinkle,Jail Conditions,Yes,4,10100,10032,10037
test,JC-IN-0018,Walker v. Floyd County,Jail Conditions,Yes,9,28208,28018,28020
test,JC-IN-0024,Driver v. Marion County Sheriff,Jail Conditions,Yes,9,37585,36975,36954
test,JC-KY-0006,"Hollingsworth v. Campbell County, Kentucky",Jail Conditions,Yes,14,22678,21763,21735
test,JC-MD-0004,Dotson v. Satterfield,Jail Conditions,Yes,5,18549,18549,18546
test,JC-MD-0017,Seth v. McDonough,Jail Conditions,Yes,21,341957,331598,331639
test,JC-NJ-0009,"Hicks v. Camden County, New Jersey",Jail Conditions,Yes,7,39210,38300,38295
test,JC-NM-0005,United States v. Santa Fe County,Jail Conditions,No,8,41435,40840,40852
test,JC-NM-0011,Bravo v. Board of County Commissioners for the County of Doña Ana,Jail Conditions,Yes,3,28947,28337,28348
test,JC-NY-0026,Marriott v. Montgomery County,Jail Conditions,Yes,17,71788,71748,71755
test,JC-NY-0032,Williams v. Niagara County,Jail Conditions,Yes,4,20733,20303,20305
test,JC-NY-0034,Ciraolo v. City of New York,Jail Conditions,No,5,17842,17842,17836
test,JC-OK-0009,England v. Delaware County Sheriff,Jail Conditions,No,4,33564,33074,33078
test,JC-PA-0023,"Boone v. Philadelphia, Pennsylvania",Jail Conditions,Yes,10,70010,69930,69856
test,JC-PA-0028,Kurian v. County of Lancaster,Jail Conditions,Yes,5,28555,27565,27568
test,JC-PA-0032,Fernandez v. Northampton County,Jail Conditions,No,4,10461,10111,10114
test,JC-PA-0033,"Reynolds v. County of Dauphin, PA",Jail Conditions,Yes,15,67774,65604,65681
test,JC-PA-0039,Graham v. Allegheny County,Jail Conditions,Yes,9,166791,162851,162896
test,JC-SC-0003,Prison Legal News v. Berkeley County Sheriff,Jail Conditions,No,7,35027,34680,34685
test,JC-TN-0009,Doe v. CoreCivic of Tennessee,Jail Conditions,Yes,2,5984,5794,5794
test,JC-TX-0021,Bradshaw v. McLennan County,Jail Conditions,Yes,7,24479,23877,23876
test,JC-TX-0023,Rodriguez v. County of El Paso,Jail Conditions,No,2,6129,5949,5957
test,JI-FL-0006,Hughes v. Sheriff Grady Judd,Juvenile Institution,Yes,8,111141,110057,110053
test,JI-FL-0008,G.H. v. Marstiller,Juvenile Institution,Yes,3,21344,20534,20542
test,JI-HI-0002,United States v. Hawaii,Juvenile Institution,No,5,21679,21639,21644
test,JI-ID-0002,Doe v. Minidoka County,Juvenile Institution,Yes,3,6731,6711,6709
test,JI-OH-0006,United States v. Strickland,Juvenile Institution,No,36,448558,448332,448141
test,JI-OR-0004,Robyn A. v. McCoy,Juvenile Institution,Yes,3,8420,8380,8387
test,JI-SD-0003,Smook v. Minehaha County,Juvenile Institution,Yes,13,38699,37503,37495
test,MH-FL-0002,Canupp v. Liberty Behavioral Health Corporation,Mental Health (Facility),Yes,21,58021,57666,57690
test,MH-IL-0001,Hargett v. Baker,Mental Health (Facility),Yes,13,59003,58029,58029
test,MH-LA-0002,Cooper v. Kliebert,Mental Health (Facility),Yes,6,36655,36171,36192
test,MH-MA-0001,Brewster v. Dukakis,Mental Health (Facility),Yes,15,97986,97962,98008
test,MH-MA-0005,Rosie D. v. Romney,Mental Health (Facility),Yes,29,180867,179825,179881
test,MH-MS-0001,United States v. Mississippi,Mental Health (Facility),No,5,58675,57665,57672
test,MH-NY-0011,Jane Doe v. Hunter College,Mental Health (Facility),No,8,40300,40220,40291
test,MH-TN-0001,U.S. v. Tennessee,Mental Health (Facility),No,10,16879,16675,16679
test,MH-VA-0002,U.S. v. Virginia,Mental Health (Facility),No,6,13111,13087,13080
test,NH-DC-0001,U.S. v. District of Columbia,Nursing Home Conditions,No,42,173631,173631,173675
test,NH-KY-0002,"U.S. V. BREATHITT COUNTY, KENTUCKY",Nursing Home Conditions,No,4,11970,11958,11974
test,NH-MD-0001,U.S. v. Greenbelt Nursing,Nursing Home Conditions,No,6,23326,23310,23309
test,NH-PA-0001,U.S. v. GMS Management-Tucker,Nursing Home Conditions,No,3,5102,5090,5095
test,NS-CA-0004,Hepting v. AT&T,National Security,Yes,14,101118,101112,101253
test,NS-CA-0028,American Civil Liberties Union of Northern California v. Transportation Security Administration,National Security,No,3,5652,5534,5541
test,NS-CT-0001,Council on American-Islamic Relations - Connecticut v. U.S. Citizenship and Immigration Services,National Security,No,3,10643,10413,10408
test,NS-DC-0001,ACLU v. Central Intelligence Agency,National Security,No,13,71700,70654,70650
test,NS-DC-0003,Electronic Privacy Information Center v. National Security Agency,National Security,No,8,40776,40296,40255
test,NS-DC-0091,Crisman v. Department of Justice,National Security,No,4,25951,25301,25303
test,NS-DC-0096,American Civil Liberties Union v. Department of Justice / Electronic Privacy Information Center v. Department of Justice,National Security,No,13,67406,65680,65634
test,NS-DC-0106,James Madison Project (Daily Beast) v. U.S. Department of Justice,National Security,No,15,43487,41862,41744
test,NS-DC-0110,Muslim Advocates v. U.S. Department of Homeland Security,National Security,No,7,28863,27945,27930
test,NS-DC-0111,Protect Democracy Project v. U.S. Department of Justice,National Security,No,3,2720,2630,2630
test,NS-DC-0112,Protect Democracy Project v. Office of Management and Budget,National Security,No,20,29375,28915,28872
test,NS-DC-0123,ACLU Foundation v. Mattis,National Security,No,14,47742,46786,46809
test,NS-DC-0144,Page v. Comey,National Security,No,2,17595,17005,17013
test,NS-IL-0001,Salah v. U.S. Department of Treasury,National Security,No,3,6257,6105,6112
test,NS-IL-0002,U.S. v. Daoud,National Security,No,14,73899,73471,73483
test,NS-NY-0015,ACLU v. U.S. Department of Justice,National Security,No,5,28081,27821,27814
test,NS-NY-0022,ACLU v. NSA,National Security,No,3,7640,7450,7457
test,NS-NY-0026,The New York Times Company v. United States Department of Justice,National Security,No,4,18299,18219,18216
test,NS-TX-0003,Perez v. Clapper,National Security,No,4,11826,11566,11568
test,NS-UT-0002,Abdi v. Wray,National Security,No,5,42722,38112,38094
test,NS-VA-0007,American Civil Liberties Union of Virginia v. U.S. Department of Homeland Security,National Security,No,15,47782,46480,46505
test,NS-WA-0003,Salim v. Mitchell,National Security,No,5,60021,59271,59262
test,PA-FL-0001,Sanchez v. Carnival Corporation,Public Accomm./Contracting,Yes,2,3938,3872,3875
test,PA-NC-0006,Berger v. United States Department of Justice,Public Accomm./Contracting,No,5,24098,23438,23443
test,PB-AL-0006,Aaron-Brush v. Bentley,Public Benefits / Government Services,No,4,13189,12709,12708
test,PB-AR-0004,Jernigan v. Crane,Public Benefits / Government Services,No,5,29831,28953,28973
test,PB-CA-0012,Clayworth v. Bonta,Public Benefits / Government Services,No,8,32935,32411,32436
test,PB-CA-0027,California Association of Health Facilities v. Maxwell-Jolly; Development Services Network v. Maxwell-Jolly,Public Benefits / Government Services,No,16,76577,74878,74981
test,PB-CA-0057,Michigan v. Devos,Public Benefits / Government Services,No,8,110360,107480,107512
test,PB-DC-0009,Gresham v. Azar,Public Benefits / Government Services,No,5,47155,45819,45854
test,PB-DC-0012,Campaign Legal Center v. DOJ,Public Benefits / Government Services,No,3,8904,8764,8766
test,PB-DC-0013,Whitman-Walker Health v. U.S. Department of Health and Human Services,Public Benefits / Government Services,No,4,68449,66359,66304
test,PB-DE-0003,United States v. Delaware,Public Benefits / Government Services,No,19,167918,167362,167566
test,PB-FL-0004,Long v. Benson,Public Benefits / Government Services,Yes,9,42345,41027,41029
test,PB-FL-0006,Lebron v. Secretary of the Florida Department of Children & Families,Public Benefits / Government Services,Yes,6,49390,48230,48219
test,PB-FL-0008,Wilson v. Ake,Public Benefits / Government Services,No,3,12609,12211,12205
test,PB-FL-0010,Cruz v. Arnold,Public Benefits / Government Services,No,12,60994,59530,59537
test,PB-FL-0011,Dykes v. Dudek,Public Benefits / Government Services,Yes,18,90651,87552,87548
test,PB-GA-0005,Knipp v. Perdue,Public Benefits / Government Services,No,8,26163,25023,25032
test,PB-GA-0007,Hunter v. Cook,Public Benefits / Government Services,Yes,16,57665,55955,55999
test,PB-IN-0003,A.M.T. v. Gargano,Public Benefits / Government Services,Yes,15,38255,37405,37399
test,PB-MD-0004,NAACP v. Bureau of the Census,Public Benefits / Government Services,No,11,63712,62072,62051
test,PB-ME-0002,Van Meter v. Mayhew,Public Benefits / Government Services,Yes,8,39635,38825,38876
test,PB-MI-0005,Caspar v. Snyder,Public Benefits / Government Services,No,4,30310,30310,30310
test,PB-NC-0003,L.S. v. Delia,Public Benefits / Government Services,Yes,21,112442,109402,109418
test,PB-NE-0001,Bill M. v. Nebraska Department of Health and Human Services,Public Benefits / Government Services,Yes,17,55818,55406,55296
test,PB-NY-0014,Jobe O. v. Spitzer,Public Benefits / Government Services,Yes,6,28346,27806,27815
test,PB-OH-0011,Ray v. Ohio Department of Health,Public Benefits / Government Services,No,7,31802,31674,31676
test,PB-OH-0013,Preterm-Cleveland v. Attorney General of Ohio,Public Benefits / Government Services,No,11,140766,140766,140759
test,PB-OK-0004,Anderson v. Lake,Public Benefits / Government Services,Yes,4,17807,16997,17065
test,PB-OR-0005,Rummell v. Kitzhaber,Public Benefits / Government Services,No,5,41080,39994,40001
test,PB-PA-0022,Jennings v. Wolf,Public Benefits / Government Services,Yes,2,12438,12078,12083
test,PB-SC-0006,A.W. v. South Carolina Department of Mental Health,Public Benefits / Government Services,Yes,4,22937,22681,22688
test,PB-SD-0001,Rosenbrahn v. Daugaard,Public Benefits / Government Services,No,6,36046,35276,35280
test,PB-TX-0003,Steward v. Perry,Public Benefits / Government Services,Yes,41,420787,408363,408189
test,PB-TX-0012,"Franciscan Alliance, LLC v. Burwell",Public Benefits / Government Services,No,8,84284,81674,81674
test,PB-VA-0004,Harris v. McDonnell,Public Benefits / Government Services,Yes,6,27377,26607,26617
test,PC-AR-0013,Nelson v. Correctional Medical Services,Prison Conditions,No,12,42762,41922,41918
test,PC-AZ-0002,United States v. State of Arizona,Prison Conditions,No,5,28903,28719,28646
test,PC-CA-0006,Boyden v. McCarthy/Rowland,Prison Conditions,Yes,4,12325,12325,12334
test,PC-CA-0056,Mitchell v. Felker,Prison Conditions,Yes,22,144141,141961,142082
test,PC-CA-0079,Torres v. Milusnic,Prison Conditions,Yes,16,415881,404260,404033
test,PC-CT-0003,Bartkus v. Manson,Prison Conditions,Yes,12,41045,40949,40692
test,PC-CT-0007,Roe v. Meachum,Prison Conditions,Yes,3,15629,15573,15593
test,PC-DC-0003,Inmates of Occoquan v. Barry,Prison Conditions,Yes,26,119585,119109,119075
test,PC-DC-0006,Jane Doe v. District of Columbia,Prison Conditions,No,3,7526,7478,7479
test,PC-DC-0021,Prison Legal News v. Lappin,Prison Conditions,No,14,35929,35479,35466
test,PC-DE-0008,Wharton v. Danberg,Prison Conditions,Yes,6,26172,25902,25943
test,PC-FL-0004,Carniello v. Singletary,Prison Conditions,Yes,2,9113,9069,9069
test,PC-GA-0013,Ralph v. Adams,Prison Conditions,Yes,6,9314,9314,9315
test,PC-GA-0014,Mann v. Donald,Prison Conditions,Yes,6,41588,40748,40742
test,PC-GA-0024,Green v. Hooks,Prison Conditions,No,5,24853,24603,24604
test,PC-HI-0005,Davis v. Abercrombie,Prison Conditions,Yes,14,215084,211341,211396
test,PC-IA-0022,Voshell v. Spence,Prison Conditions,Yes,6,6879,6669,6683
test,PC-ID-0011,Smith v. Reinke,Prison Conditions,No,2,7383,7383,7385
test,PC-IL-0041,Davis v. Baldwin,Prison Conditions,Yes,5,59513,57945,57954
test,PC-IN-0016,Lindh v. Warden,Prison Conditions,Yes,9,36470,35837,35817
test,PC-LA-0012,Prison Legal News v. Stephens,Prison Conditions,No,6,6672,6452,6452
test,PC-MA-0026,Disability Law Center v. Massachusetts Department of Correction,Prison Conditions,No,17,88801,87781,87841
test,PC-MA-0046,Briggs v. Mass. Dept. of Corrections,Prison Conditions,Yes,5,49249,47919,47889
test,PC-ME-0006,Denbow v. Maine Department of Corrections,Prison Conditions,Yes,19,171394,165506,165542
test,PC-MI-0024,Thompson v. Overton,Prison Conditions,Yes,4,8214,7950,7962
test,PC-MI-0028,Cobbs v. Pramstaller,Prison Conditions,No,25,116476,115640,115614
test,PC-MI-0042,Heard v. Finco,Prison Conditions,No,19,58106,57576,57549
test,PC-MO-0001,McDonald v. Armontrout,Prison Conditions,Yes,13,56410,56374,56358
test,PC-MO-0017,Hicklin v. Precynthe,Prison Conditions,No,9,76119,76119,76061
test,PC-MS-0005,Presley v. Epps,Prison Conditions,Yes,14,34962,34242,34235
test,PC-MS-0007,Dockery v. Epps,Prison Conditions,Yes,5,117958,116028,116004
test,PC-NC-0009,Martin v. Keller,Prison Conditions,No,5,8748,8540,8541
test,PC-NC-0021,American Humanist Association v. Perry,Prison Conditions,No,3,19918,19590,19588
test,PC-NJ-0015,Bennett v. Spectrum Healthcare,Prison Conditions,Yes,9,32894,32035,32040
test,PC-NJ-0020,Thompson v. Ricci,Prison Conditions,No,6,12471,12371,12344
test,PC-NV-0016,Gilbert v. Gedney,Prison Conditions,No,1,1792,1692,1835
test,PC-NY-0004,Eng v. Smith,Prison Conditions,Yes,11,61533,61533,61630
test,PC-NY-0040,Hughes v. Goord,Prison Conditions,Yes,5,37996,37868,37867
test,PC-NY-0041,Marria v. Broadus,Prison Conditions,No,5,41784,41784,41773
test,PC-NY-0063,Shariff v. Allah,Prison Conditions,Yes,4,22952,22612,22618
test,PC-OK-0004,Fulbright v. Jones,Prison Conditions,No,14,41214,40066,40065
test,PC-OK-0005,Druley v. Patton,Prison Conditions,No,8,14016,13616,13619
test,PC-PA-0035,Richardson v. Kane,Prison Conditions,Yes,8,46745,45396,45378
test,PC-PA-0042,Abu-Jamal v. Kerestes,Prison Conditions,No,12,83545,82207,82159
test,PC-PA-0044,McCreary v. Federal Bureau of Prisons,Prison Conditions,Yes,6,36709,35219,35218
test,PC-RI-0008,Spratt v. Wall,Prison Conditions,No,10,17996,17952,17949
test,PC-TX-0011,Trojcak v. United States of America,Prison Conditions,No,6,19314,19074,19072
test,PC-TX-0022,Goodman v. Davis,Prison Conditions,No,25,76102,75546,75489
test,PC-VA-0014,Prison Legal News v. Johnson,Prison Conditions,No,6,12801,12421,12430
test,PC-VA-0021,Couch v. Jabe,Prison Conditions,No,8,41292,39567,39598
test,PC-VA-0022,DePaola v. Virginia Department of Corrections,Prison Conditions,Yes,10,156978,152828,164140
test,PC-VA-0024,Thorpe v. Virginia Department of Corrections,Prison Conditions,Yes,2,27855,26875,26867
test,PC-VA-0025,Greenhill v. Clarke,Prison Conditions,No,11,25091,24478,24481
test,PC-VA-0027,U.S. v. Hampton Roads Regional Jail Authority,Prison Conditions,No,5,15057,14607,14599
test,PC-WA-0021,Brawley v. State of Washington,Prison Conditions,No,6,17075,16935,16935
test,PC-WA-0026,Haldane v. Hammond,Prison Conditions,Yes,4,22077,21607,21610
test,PC-WA-0028,C.S. v. King County,Prison Conditions,Yes,5,20120,19430,19399
test,PC-WY-0006,Miller v. Murphy,Prison Conditions,No,4,12845,12603,12605
test,PD-CO-0001,Colorado Criminal Defense Bar v. Hickenlooper,Indigent Defense,No,5,31591,30541,30548
test,PD-LA-0006,Yarls v. Bunton,Indigent Defense,Yes,6,21517,21277,21281
test,PH-MO-0002,Tinsley v. Pierce,Public Housing,Yes,6,37570,37570,37535
test,PN-AL-0003,Doe v. Entrekin,Policing,No,2,6628,6398,6404
test,PN-CA-0012,Rodriguez v. California Highway Patrol,Policing,Yes,7,34393,34205,34220
test,PN-CA-0018,Local 10 ILWU v. City of Oakland,Policing,Yes,26,188171,188051,188285
test,PN-CA-0020,Sabeghi v. Uu,Policing,No,4,8956,8926,8930
test,PN-CA-0046,Chua v. City of Los Angeles,Policing,Yes,6,48441,47395,47406
test,PN-CA-0049,Ochoa v. Los Angeles,Policing,Yes,3,17637,17205,17215
test,PN-CO-0005,Cruz v. Denver,Policing,Yes,3,29325,28185,28184
test,PN-DC-0008,Lane v. District of Columbia,Policing,No,5,31889,31279,31273
test,PN-DC-0014,Black Lives Matter D.C. v. Trump,Policing,Yes,4,45880,44590,44597
test,PN-GA-0003,Calhoun v. Pennington,Policing,No,16,124695,120637,120625
test,PN-IL-0007,Alliance to End Repression v. City of Chicago,Policing,Yes,46,240580,240536,240478
test,PN-IL-0008,Dunn v. City of Chicago,Policing,Yes,11,84366,82622,82604
test,PN-IL-0013,Vergara v. Dal Ponte,Policing,No,4,9567,9451,9447
test,PN-KY-0001,Scott v. Louisville Metro Government,Policing,Yes,4,38008,37228,37179
test,PN-MD-0001,"U.S. v. Prince George's County, Maryland",Policing,No,8,38547,38447,38441
test,PN-MI-0001,"U.S. v. City of Detroit, Michigan",Policing,No,97,3022488,3021514,3020841
test,PN-MO-0003,White v. Jackson,Policing,No,9,87740,87740,87749
test,PN-NY-0001,Louima v. City of New York,Policing,No,7,190285,189781,189674
test,PN-NY-0013,Davis v. City of New York,Policing,Yes,19,193890,192458,192473
test,PN-NY-0024,Bell v. City of New York,Policing,No,3,18387,17949,17958
test,PN-NY-0054,People of New York v. New York,Policing,No,3,41900,40380,40386
test,PN-OH-0004,U.S. v. City of Warren,Policing,No,10,49989,49989,49976
test,PN-OH-0007,"Leis v. ACLU of Ohio Foundation, Inc.",Policing,No,6,7898,7810,7810
test,PN-OH-0010,Alsaada v. City of Columbus,Policing,No,4,82551,82551,82581
test,PN-OR-0003,Index Newspapers LLC v. City of Portland,Policing,Yes,22,159320,154370,154157
test,PN-PA-0011,Davis v. City of Philadelphia,Policing,Yes,4,7199,6997,7028
test,PN-PA-0023,Rulli v. Pittsburgh,Policing,Yes,6,49129,48709,48712
test,PN-RI-0001,Lopera v. Town of Coventry,Policing,No,14,78516,77123,77104
test,PN-TN-0001,Blanchard v. City of Memphis,Policing,No,17,146762,143704,143688
test,PN-VI-0001,U.S. v. Territory of the Virgin Islands,Policing,No,51,938203,924480,924084
test,PN-WA-0004,Mahoney v. Holder,Policing,No,5,48274,46989,47064
test,PR-NV-0001,Calvary Chapel Dayton Valley v. Sisolak,Presidential/Gubernatorial Authority,No,19,69797,67219,67144
test,PR-NY-0001,New York Times v. U.S. Department of Justice,Presidential/Gubernatorial Authority,No,9,17472,17302,17298
test,PR-NY-0004,Knight First Amendment Institute at Columbia University v. Trump,Presidential/Gubernatorial Authority,No,8,50991,49949,49932
test,PR-NY-0009,Trump v. Deutsche Bank,Presidential/Gubernatorial Authority,No,9,65162,64912,64876
test,PR-NY-0010,Agudath Israel of America v. Cuomo,Presidential/Gubernatorial Authority,No,8,31594,30696,30684
test,PR-WA-0001,State of Washington v. Azar,Presidential/Gubernatorial Authority,No,11,80993,79855,79871
test,SD-LA-0013,Dandridge v. Jefferson Parish School Board,School Desegregation,Yes,15,43174,42404,42400
test,SD-LA-0049,Cooksey v. Caddo Parish School Board,School Desegregation,No,3,2664,2354,2354
test,SD-MI-0002,Grutter v. Bollinger,School Desegregation,Yes,18,167215,167215,167347
test,SD-MI-0003,Gratz v. Bollinger,School Desegregation,Yes,17,79262,79152,79154
test,VR-DC-1178,Thompson v. Trump,Election/Voting Rights,No,2,9916,9596,9597
test,VR-FL-0168,Mi Familia Vota Education Fund v. Detzner,Election/Voting Rights,No,15,159400,155877,155881
test,VR-GA-0168,Cooper v. Raffensperger,Election/Voting Rights,No,7,76213,69927,69927
test,VR-GA-0170,Black Voters Matter Fund v. Raffensperger,Election/Voting Rights,Yes,23,162510,156369,156311
test,VR-LA-0120,Clark v. Edwards,Election/Voting Rights,No,17,313654,307890,307711
test,VR-SC-0078,Thomas v. Andino,Election/Voting Rights,No,24,294472,289479,289450
test,VR-WI-0017,Frank v. Walker,Election/Voting Rights,Yes,16,127210,125496,125516
test,CJ-LA-0005,Cook v. Bogalusa City Court,Criminal Justice (Other),Yes,11,41045,39775,39729
test,CJ-MO-0024,Baker v. Florissant,Criminal Justice (Other),Yes,5,56188,56188,56175
test,CJ-NJ-0001,Hawker v. Consovoy,Criminal Justice (Other),Yes,4,21696,21656,21667
test,CW-DC-0001,LaShawn A. v. Fenty,Child Welfare,Yes,46,331510,326874,326988
test,CW-TX-0002,Brackeen v. Zinke,Child Welfare,No,9,249503,246183,246506
test,DR-CA-0023,Brantley v. Maxwell-Jolly,Disability Rights-Pub. Accom.,Yes,17,177730,177730,177644
test,DR-CO-0006,Richardson v. City of Steamboat Springs,Disability Rights-Pub. Accom.,No,3,7467,7467,7461
test,DR-CO-0011,Colorado Cross-Disability Coalition v. Colorado Rockies Baseball Club,Disability Rights-Pub. Accom.,No,5,21548,21548,21550
test,DR-MD-0001,Gillespie v. Dimensions Health Corporation,Disability Rights-Pub. Accom.,No,6,41009,40224,40229
test,DR-NY-0016,Martinez v. Cuomo,Disability Rights-Pub. Accom.,No,6,33637,32257,32167
test,DR-RI-0003,United States v. Rhode Island,Disability Rights-Pub. Accom.,No,23,166343,161981,162158
test,DR-WV-0001,G.T. v. Board of Education of Kanawha,Disability Rights-Pub. Accom.,Yes,4,31858,30928,30941
test,ED-MI-0007,D.R. ex rel. Richardson v. Michigan Department of Education,Education,Yes,7,59159,58910,58941
test,ED-NC-0001,Students for Fair Admissions v. University of North Carolina,Education,No,5,68672,68192,68205
test,ED-NY-0010,A.B. v. Rhinebeck Central School District,Education,No,3,9524,9524,9548
test,ED-WI-0002,W. v. Kenosha Unified School District No. 1 Board of Education,Education,No,8,40302,39450,39459
test,EE-AR-0042,EEOC v. SALINE COUNTY MEDICAL CENTER (d/b/a SALINE MEMORIAL HOSPITAL),Equal Employment,No,4,4840,4748,4764
test,EE-AR-0048,"EEOC v. THE CAJUN CO., INC.",Equal Employment,No,4,8644,8624,8612
test,EE-AR-0062,Nelson v. Wal-Mart Stores Inc.,Equal Employment,Yes,7,51226,50058,50068
test,EE-CA-0082,EEOC v. Entravision Communications Corp,Equal Employment,No,3,5512,5512,5519
test,EE-CA-0306,Amochaev v. Citigroup Global Markets Inc.,Equal Employment,Yes,8,83457,82577,82515
test,EE-CO-0035,"EEOC v. MEDEGEN MEDICAL PRODUCTS, LLC",Equal Employment,No,3,5501,5493,5476
test,EE-CO-0038,"EEOC v. Moreland Auto Group, LLP",Equal Employment,No,6,13614,13560,13576
test,EE-DC-0043,Moore v. Chertoff,Equal Employment,Yes,28,235849,232429,232324
test,EE-DC-0044,Contreras v. Ridge,Equal Employment,Yes,12,150313,145928,145845
test,EE-FL-0043,"EEOC v. EMERGENCY MEDICINE ASSOCIATES, INC.",Equal Employment,No,6,16032,15900,15920
test,EE-FL-0051,EEOC v. FRANCISCO BALDOR SCHOOL,Equal Employment,No,3,4185,4113,4116
test,EE-FL-0077,"EEOC v. MEARS TRANSPORTATION GROUP, INC., and A-1 LIQUIDAT",Equal Employment,No,5,8525,8323,8336
test,EE-FL-0121,EEOC v. WALPOLE INC,Equal Employment,No,4,5523,5320,5326
test,EE-GA-0005,EEOC v. APPLEBEE'S NEIGHBORHOOD BAR & GRILL OF GEORGIA INC,Equal Employment,No,4,6644,6640,6643
test,EE-GA-0036,EEOC v. Gulfstream Aerospace Corporation,Equal Employment,No,7,42048,42048,42039
test,EE-GA-0072,"EEOC v. RACETRAC PETROLEUM, INC.",Equal Employment,No,5,5945,5945,5941
test,EE-IL-0009,"EEOC v. AMERICAN AIRLINES, INC.",Equal Employment,No,3,4208,4208,4214
test,EE-IL-0064,EEOC v. Carl Buddig & Company,Equal Employment,No,6,10336,10332,10330
test,EE-IL-0076,"EEOC v. Dutch Farms, Inc.",Equal Employment,No,3,6869,6857,6862
test,EE-IL-0080,EEOC v. FEDERAL EXPRESS CORPORATION,Equal Employment,No,5,12531,12483,12473
test,EE-IL-0102,EEOC v. Gurtz Electric Company,Equal Employment,No,4,5867,5867,5862
test,EE-IL-0171,EEOC v. NORWEGIAN AMERICAN HOSPITAL,Equal Employment,No,4,4830,4806,4810
test,EE-IL-0330,"EEOC v. Yellow Transportation, Inc. and YRC, INC.",Equal Employment,No,5,34945,34529,34520
test,EE-KS-0006,EEOC v. CLARA BARTON HOSPITAL ASSOCIATION INC,Equal Employment,No,3,3905,3905,3908
test,EE-KS-0025,Williams v. Sprint/United Mgmt. Co.,Equal Employment,Yes,38,438676,433506,433524
test,EE-MD-0002,EEOC v. Advancemed Corporation,Equal Employment,No,3,2505,2505,2501
test,EE-MD-0064,"EEOC v. KBJN, INC d/b/a BURGER KING",Equal Employment,No,4,3295,3219,3214
test,EE-MD-0139,Hopson v. Baltimore,Equal Employment,Yes,4,41961,41399,41385
test,EE-MI-0066,EEOC v. Flint Ink,Equal Employment,No,4,3286,3286,3302
test,EE-MI-0084,"EEOC v. HI-MILL MANUFACTURING, INC.",Equal Employment,No,3,3206,3206,3223
test,EE-MI-0139,EEOC v. Rpm Auto Sales,Equal Employment,No,7,10155,10155,10168
test,EE-MI-0185,"United States of America v. City of Pontiac, Michigan and Local #376 Fire Fighters Union, International Association of Fire Fighters",Equal Employment,No,3,7446,7186,7189
test,EE-NC-0019,EEOC v. CENTEX-ROONEY CONSTRUCTION COMPANY INC,Equal Employment,No,3,3792,3732,3736
test,EE-NC-0033,"EEOC v. ENVIRONMENTAL AIR SYSTEMS, INC.",Equal Employment,No,3,3373,3237,3240
test,EE-NC-0044,EEOC v. G-A MASONRY CORPORATION,Equal Employment,No,3,3559,3551,3554
test,EE-NJ-0104,EEOC v. WASHINGTON GROUP INTERNATIONAL,Equal Employment,No,3,6054,5838,5849
test,EE-NM-0015,"EEOC v. Bell Gas, Inc.",Equal Employment,No,8,12938,12938,12955
test,EE-NM-0044,EEOC v. SONIC DRIVE-IN,Equal Employment,No,4,6079,6063,6068
test,EE-NV-0009,"EEOC v. CONSOLIDATED RESORTS, INC.",Equal Employment,No,7,24713,24113,24122
test,EE-NY-0048,"EEOC v. Empire Healthchoice HMO, Inc.",Equal Employment,No,4,4232,4092,4095
test,EE-NY-0058,EEOC v. FOX NEWS NETWORK LLC,Equal Employment,No,3,5274,5274,5283
test,EE-NY-0118,EEOC v. JONES APPAREL GROUP INC and NINE WEST FOOTWEAR CORP,Equal Employment,No,5,12644,12640,12660
test,EE-NY-0141,"EEOC v. ROCHDALE VILLAGE, INC.",Equal Employment,No,6,5161,5041,5041
test,EE-OH-0008,"EEOC v. Ameritech Services, Inc.",Equal Employment,No,5,12408,12408,12414
test,EE-OH-0086,United States v. Board of County Commissioners of Ashtabula County,Equal Employment,No,3,6146,6098,6089
test,EE-PA-0097,EEOC v. KVAERNER PHILADELPHIA SHIPYARD INC,Equal Employment,No,3,3286,3216,3221
test,EE-SC-0024,EEOC v. Hoover Dodge,Equal Employment,No,7,14334,14334,14337
test,EE-TN-0015,"EEOC v. BRIDGESTONE/FIRESTONE NORTH AMERICAN TIRE, LLC D/B/A BRIDGES",Equal Employment,No,5,6836,6808,6822
test,EE-TN-0132,"Goodreau v. Bridgestone/Firestone North American Tire, LLC.",Equal Employment,No,3,2667,2667,2668
test,EE-TX-0001,"EEOC v. 24 HOUR FITNESS USA, INC.",Equal Employment,No,5,8118,8062,8063
test,EE-TX-0143,"EEOC v. Gilbert Plumbing Company, Inc.",Equal Employment,No,3,6294,6294,6298
test,EE-TX-0235,"EEOC v. James O. ""Skip"" Baker d/b/a Baker Investment Company and Mr. Gatti's Pizza",Equal Employment,No,3,3234,3234,3238
test,EE-TX-0259,"EEOC v. PARADISE TAN, INC.",Equal Employment,No,3,4236,4085,4092
test,EE-WA-0021,"EEOC v. Global Imaging Systems, Inc., dba QBS",Equal Employment,No,6,6963,6845,6847
test,EE-WA-0057,EEOC v. NEWPORT BAY RESTAURANT,Equal Employment,No,3,7027,6795,6815
test,EE-WA-0118,"Perez-Farias v. Global Horizons, Inc.",Equal Employment,Yes,45,193416,190973,190985
test,FA-CO-0008,Fellowship of Catholic University Students v. Sebelius,Speech and Religious Freedom,No,9,105519,102189,102203
test,FA-DC-0010,Midwest Fastener Corp. v. Sebelius,Speech and Religious Freedom,No,4,13836,13326,13331
test,FA-DC-0023,National Urban League v. Trump,Speech and Religious Freedom,No,2,18068,17458,17458
test,FA-IL-0012,Harris v. Quinn,Speech and Religious Freedom,Yes,5,48404,48168,48208
test,FH-DC-0018,National Fair Housing Alliance v. Carson,Fair Housing/Lending/Insurance,No,8,90786,88266,88271
test,FH-FL-0001,Jeffrey O. v. City of Boca Raton,Fair Housing/Lending/Insurance,No,12,82518,81516,81555
test,FH-FL-0002,"Gonzalez v. Sunrise Lakes Condominium Apartments, Phase 3, Inc. 4",Fair Housing/Lending/Insurance,No,2,5132,5072,5073
test,FH-MA-0001,"United States v. Stonecleave Village Association, Inc.",Fair Housing/Lending/Insurance,No,3,9060,8782,8785
test,FH-MN-0001,"United States v. Loki Properties, LLP",Fair Housing/Lending/Insurance,No,3,4349,4177,4181
test,FH-OH-0001,United States v. Huntington Mortgage Company,Fair Housing/Lending/Insurance,No,4,3748,3748,3755
test,FH-VA-0004,National Fair Housing Alliance v. HHHunt Corporation,Fair Housing/Lending/Insurance,No,9,29928,28748,28754
test,ID-FL-0002,JR v. Hansen,Intellectual Disability (Facility),No,7,35344,34912,34922
test,ID-IL-0004,Illinois League of Advocates for the Developmentally Disabled v. Quinn,Intellectual Disability (Facility),Yes,10,81753,81353,81370
test,ID-TN-0002,People First of Tenn. v. Clover Bottom Devel. Center,Intellectual Disability (Facility),Yes,15,119290,118480,118470
test,IM-CA-0025,Hernandez v. Balakian,Immigration and/or the Border ,Yes,6,25732,25622,25584
test,IM-CA-0146,East Bay Sanctuary Covenant v. Barr,Immigration and/or the Border ,No,9,93526,91206,91237
test,IM-CA-0149,La Clinica de la Raza v. Trump,Immigration and/or the Border ,No,8,161990,157449,157338
test,IM-DC-0023,Arpaio v. Obama,Immigration and/or the Border ,No,5,30725,30037,30038
test,IM-DC-0071,Heredia Mons v.McAleenan,Immigration and/or the Border ,Yes,25,328314,317242,316992
test,IM-GA-0005,"De Leon-Granados v. Eller And Sons Trees, Inc.",Immigration and/or the Border ,Yes,11,48609,47963,47976
test,IM-IL-0021,Council on American-Islamic Relations - Chicago v. U.S. Citizenship & Immigration Services,Immigration and/or the Border ,No,2,4528,4484,4486
test,IM-MA-0001,Parinejad v. USICE,Immigration and/or the Border ,Yes,3,10615,10461,10474
test,IM-MA-0018,"Irish International Immigrant Center, Inc. v. Cuccinelli",Immigration and/or the Border ,No,2,9479,9229,9233
test,IM-MD-0010,Mayor and City Council of Baltimore v. Trump,Immigration and/or the Border ,No,6,73424,71644,71618
test,IM-NM-0002,Carranza v. ICE,Immigration and/or the Border ,Yes,10,71524,69364,69294
test,IM-OR-0010,Las Americas Immigrant Advocacy Center v. Trump,Immigration and/or the Border ,No,9,106288,103578,103530
test,IM-PA-0009,Alli v. Decker,Immigration and/or the Border ,Yes,4,24142,23812,23807
test,IM-SC-0001,Lowcountry Immigration Coalition v. Haley,Immigration and/or the Border ,Yes,8,69661,68965,68976
test,IM-TX-0019,"Valenzuela v. Swift Beef Company, Inc.",Immigration and/or the Border ,Yes,7,20925,20385,20373
test,IM-WA-0036,Jewish Family Service of Seattle v. Trump,Immigration and/or the Border ,Yes,4,36337,35467,35461
test,JC-AR-0009,Allen v. Holladay,Jail Conditions,Yes,6,6701,6411,6441
test,JC-CA-0073,Rosas v. Baca,Jail Conditions,Yes,14,125701,123611,123778
test,JC-CA-0125,Topete v. County of San Bernardino,Jail Conditions,Yes,9,53727,52747,52720
test,JC-CO-0006,Shook v. Board of County Commissioners,Jail Conditions,Yes,6,35028,34682,34685
test,JC-FL-0021,United States v. Miami Dade County,Jail Conditions,No,14,87651,85887,85905
test,JC-IL-0039,Bullock v. Sheahan,Jail Conditions,Yes,11,50369,49659,49659
test,JC-KY-0016,"Napier v. Laurel County, KY",Jail Conditions,Yes,5,29379,29271,29289
test,JC-MA-0010,Mack v. Suffolk County,Jail Conditions,Yes,23,64881,64793,64761
test,JC-MD-0016,Munyiri v. Haduch,Jail Conditions,No,8,22750,22620,22629
test,JC-NJ-0010,Wilson v. County of Gloucester,Jail Conditions,Yes,8,21311,20841,20844
test,JC-NY-0060,Butler v. Suffolk County,Jail Conditions,Yes,5,65715,64985,64971
test,JI-LA-0012,United States v. Terrebonne Parish,Juvenile Institution,No,6,24264,23834,23834
test,JI-ME-0001,Desrosiers v. Androscoggin Co.,Juvenile Institution,Yes,4,7030,7022,7023
test,JI-MS-0009,"Disability Rights Mississippi v. Forrest County, Miss.",Juvenile Institution,No,4,5971,5801,5819
test,JI-PA-0004,D.B. v. Casey,Juvenile Institution,Yes,2,12791,12759,12767
test,JI-TN-0006,Doe v. Hommrich,Juvenile Institution,Yes,7,36585,35665,35651
test,NS-CA-0013,Twitter v. Barr,National Security,No,20,159875,157495,157387
test,NS-NY-0014,The New York Times Company v. United States Department of Justice,National Security,No,9,4714,4614,4622
test,PB-AR-0001,Tessa G. v. Arkansas Department of Human Services,Public Benefits / Government Services,No,9,24009,23135,23136
test,PB-CA-0031,Golinski v. U.S. Office of Personnel Management,Public Benefits / Government Services,No,10,106267,106267,106006
test,PB-CA-0039,Carranza v. Douglas,Public Benefits / Government Services,No,4,11661,11361,11369
test,PB-DC-0004,Day v. District of Columbia,Public Benefits / Government Services,Yes,17,201724,197544,197567
test,PB-LA-0003,Adar v. Smith,Public Benefits / Government Services,No,8,45564,44650,44709
test,PB-NC-0007,Gerber v. Cooper,Public Benefits / Government Services,No,10,43555,41836,41844
test,PB-NE-0004,Waters v. Heineman,Public Benefits / Government Services,No,9,39913,39529,39532
test,PB-SC-0005,Carson v. Heigel,Public Benefits / Government Services,No,5,14947,14771,14777
test,PC-IL-0039,Morales v. Findley,Prison Conditions,Yes,6,35838,35438,35435
test,PC-IL-0044,Hampton v. Baldwin,Prison Conditions,No,6,44381,42931,42931
test,PC-IL-0045,Gay v. Baldwin,Prison Conditions,No,4,22913,22665,22665
test,PC-IN-0015,Benkahla v. Federal Bureau of Prisons,Prison Conditions,No,4,19602,18962,18968
test,PC-MD-0013,Rogers v. Maryland Department of Public Safety and Correctional Services,Prison Conditions,No,10,38033,36823,36758
test,PC-NC-0017,"Mathis v. GEO Group, Inc.",Prison Conditions,Yes,11,46373,45025,45014
test,PC-NJ-0004,Roe v. Fauver,Prison Conditions,Yes,9,26638,26594,26594
test,PC-NJ-0023,Prince v. Aiellos,Prison Conditions,No,18,79771,78112,78103
test,PC-OR-0011,VanValkenburg v. Oregon Department of Corrections,Prison Conditions,No,8,52973,51987,51997
test,PC-OR-0012,Barrett v. Premo,Prison Conditions,No,9,38418,37458,37726
test,PC-PA-0031,Disability Rights Network of Pennsylvania v. Wetzel,Prison Conditions,No,6,13286,13242,13242
test,PC-PA-0037,Jamal v. Kane,Prison Conditions,No,7,46256,44996,44989
test,PC-PA-0039,Shoatz v. Wetzel,Prison Conditions,No,7,27268,27008,27010
test,PC-VA-0015,Burnette v. Fahey,Prison Conditions,Yes,9,42211,41471,41463
test,PC-VT-0006,Prisoner A v. State of Vermont,Prison Conditions,No,2,3562,3462,3473
test,PH-IL-0002,Lambert v. Alexander County Housing Authority,Public Housing,Yes,5,21853,21323,21328
test,PN-CA-0053,NAACP v. San Jose,Policing,Yes,2,28937,28937,28943
test,PN-IL-0026,Black Lives Matter v. Wolf,Policing,No,4,31433,31073,31044
test,PN-NY-0012,Stinson v. City of New York,Policing,Yes,14,111723,109843,109905
test,PN-OH-0002,U.S. v. City of Steubenville,Policing,No,17,62934,62934,62974
test,PN-TX-0002,Morrow v. City of Tenaha,Policing,Yes,8,80519,77837,77774
test,PR-CA-0007,Sadat v. Trump,Presidential/Gubernatorial Authority,No,2,15365,15025,15030
test,VR-AZ-0051,Coronado v. Brewer,Election/Voting Rights,No,8,38989,38119,38137
test,VR-DC-1174,Alliance Party v. D.C. Board of Elections,Election/Voting Rights,No,2,5585,5425,5430
test,VR-FL-0171,Calvin v. Jefferson County Board of Commissioners,Election/Voting Rights,No,7,43371,41135,41142
test,CJ-AZ-0002,Wood v. Ryan,Criminal Justice (Other),No,12,116340,114096,114058
test,CJ-GA-0001,Alderman v. Donald,Criminal Justice (Other),No,9,55142,54230,54156
test,CJ-MI-0004,Does v. Snyder,Criminal Justice (Other),No,19,219948,219886,219840
test,CJ-MI-0006,Parsons v. U.S. Department of Justice,Criminal Justice (Other),No,8,38202,38202,38197
test,CJ-NY-0015,Black Love Resists in the Rust v. City of Buffalo,Criminal Justice (Other),Yes,2,16559,16059,16062
test,DR-CA-0061,Disability Rights California v. County of Alameda,Disability Rights-Pub. Accom.,No,5,42653,41471,41541
test,DR-CO-0022,"Baca v. Parkview Medical Center, Inc.",Disability Rights-Pub. Accom.,No,3,6118,6018,6019
test,DR-KY-0001,Adams & Knights v. Kentucky,Disability Rights-Pub. Accom.,Yes,27,941034,940970,940706
test,DR-PA-0008,Hollihan v. Pennsylvania Department of Corrections,Disability Rights-Pub. Accom.,Yes,5,15551,15101,15101
test,ED-AL-0001,M.R. v. Board of School Commissioners of Mobile County (Ala.),Education,Yes,7,45590,44720,44718
test,ED-MS-0006,Williams v. Bryant,Education,No,6,19341,18781,18770
test,ED-NY-0009,Pratt v. Indian River Cent. Sch. Dist.,Education,Yes,10,63380,61720,61717
test,EE-AL-0085,EEOC v. VULCAN LINCOLN-MERCURY,Equal Employment,No,5,5051,4881,4893
test,EE-AL-0122,"Waters v. Cook's Pest Control, Inc.",Equal Employment,Yes,13,51600,49812,49832
test,EE-AR-0038,EEOC v. PARTS WAREHOUSE INC.,Equal Employment,No,4,4481,4481,4495
test,EE-AZ-0055,EEOC v. HEALTHHELP INC,Equal Employment,No,5,10963,10963,10968
test,EE-CA-0098,EEOC v. HARMAN-CHIU INC. KFC/TACO BELL,Equal Employment,No,5,17126,16628,16663
test,EE-CA-0344,"Pearson v. Samsonite Company Stores, Inc.",Equal Employment,Yes,10,40479,40479,40390
test,EE-CA-0363,Morgan v. U.S. Soccer Federation,Equal Employment,Yes,10,221685,211726,211028
test,EE-CO-0067,Gooden v. Timpte,Equal Employment,No,6,30491,30491,30507
test,EE-DC-0032,Taylor v. D.C. Water & Sewer Authority,Equal Employment,Yes,15,85945,84365,84268
test,EE-FL-0079,EEOC v. MID-STATE MACHINE & FABRICATING CORPORATION,Equal Employment,No,4,7097,6795,6808
test,EE-FL-0080,EEOC v. MORGAN TIRE & AUTO INC (d/b/a OLSON TIRE COMPANY),Equal Employment,No,5,10500,10115,10124
test,EE-FL-0115,EEOC v. Taco Bell,Equal Employment,No,8,9792,9616,9625
test,EE-FL-0138,Demarse v. Cracker Barrel Old County Store,Equal Employment,Yes,3,4057,4057,4058
test,EE-ID-0018,EEOC v. KRAFT FOODS GLOBAL INC (d/b/a NABISCO INC),Equal Employment,No,3,4975,4891,4894
test,EE-ID-0033,Yorgensen v. Hollywood Ent Corp,Equal Employment,No,6,6141,5920,5925
test,EE-IL-0173,"EEOC v. Outsourcing Solutions, Inc. & Osi Collection Services, Inc.",Equal Employment,Yes,5,11330,11330,11326
test,EE-IL-0181,EEOC v. PRO-PAK INDUSTRIES INC,Equal Employment,No,3,5266,5266,5273
test,EE-IL-0209,"EEOC v. SPACELABS BURDICK, INC.",Equal Employment,No,3,3805,3805,3800
test,EE-IL-0245,"EEOC v. Von Maur, Inc.",Equal Employment,No,3,5926,5926,5938
test,EE-IL-0255,EEOC v. Walsh Construction Company,Equal Employment,No,6,14433,14013,14019
test,EE-MN-0040,"EEOC v. LEIFERMAN ENTERPRISES, LLC, d/b/a HARMON AUTOGLASS",Equal Employment,No,4,5630,5580,5578
test,EE-NC-0008,EEOC v. BASF CORPORATION,Equal Employment,No,3,3594,3586,3588
test,EE-NC-0041,EEOC v. FURNITURE DISTRIBUTORS INC.,Equal Employment,No,4,5567,5567,5576
test,EE-NJ-0116,Engers v. AT&T,Equal Employment,Yes,17,86264,84874,84857
test,EE-NV-0032,EEOC v. Gold River Operating Corporation,Equal Employment,No,9,19224,18844,18858
test,EE-NY-0192,United States of America and the Vulcan Society v. City of New York,Equal Employment,Yes,101,1029241,1003100,1002357
test,EE-NY-0193,United States of America v. City of New York and New York City Department of Transportation,Equal Employment,No,8,32324,31882,31865
test,EE-NY-0275,The Port Authority Police Asian Jade Society of New York & New Jersey v. Port Authority of New York,Equal Employment,No,7,63714,63310,63316
test,EE-OH-0013,EEOC v. CHRIS'S CAFE INC,Equal Employment,No,3,5705,5705,5707
test,EE-OK-0006,EEOC v. BANK OF OKLAHOMA,Equal Employment,No,7,13690,13690,13697
test,EE-PA-0022,EEOC v. BAREFEET SHOES,Equal Employment,No,3,7492,7460,7461
test,EE-PA-0122,"EEOC v. O'Brien-Kreitzberg, Inc.",Equal Employment,No,3,3236,3236,3239
test,EE-PA-0148,"Equal Employment Opportunity Commission v. Schott North America, Inc.",Equal Employment,No,6,23952,23676,23672
test,EE-SD-0011,"EEOC v. TACO BELL, INC., dba TACO BELL EXPRESS & DOUBLE-D",Equal Employment,No,7,8661,8531,8538
test,EE-TN-0131,EEOC v. Whirlpool Corporation,Equal Employment,No,5,28531,28431,28436
test,EE-TX-0258,EEOC v. Oxycare Plus,Equal Employment,No,4,3474,3474,3477
test,EE-TX-0335,EEOC v. SPRING VALLEY UNITED METHODIST CHURCH,Equal Employment,No,3,3778,3778,3786
test,EE-VA-0141,Roe v. U.S. Dep't of Defense,Equal Employment,No,5,59927,59057,59027
test,EE-WA-0032,EEOC v. Hannah Motors Company,Equal Employment,No,7,9635,9603,9607
test,EE-WA-0105,EEOC v. United Airlines,Equal Employment,No,5,23403,23303,23317
test,FA-MO-0007,Wieland v. Sebelius,Speech and Religious Freedom,No,8,38922,38922,38865
test,FA-PA-0016,Fulton v. City of Philadelphia,Speech and Religious Freedom,No,11,78384,76376,76352
test,FH-AR-0001,Watlington v. City of McCrory,Fair Housing/Lending/Insurance,Yes,5,15931,15371,15370
test,FH-DC-0015,Open Communities Alliance v. Carson,Fair Housing/Lending/Insurance,No,4,36971,36031,36031
test,FH-IN-0004,"United States v. Edward Rose & Sons, Inc.",Fair Housing/Lending/Insurance,No,5,17930,17914,17926
test,FH-MA-0007,Massachusetts Fair Housing Center v. HUD,Fair Housing/Lending/Insurance,No,3,14049,13659,13664
test,ID-KY-0002,U.S. v. Kentucky,Intellectual Disability (Facility),No,5,36341,36293,36288
test,ID-OK-0002,Homeward Bound v. Hissom Memorial Center,Intellectual Disability (Facility),Yes,10,84390,84076,84057
test,IM-AL-0001,Abimbola v. Robinson,Immigration and/or the Border ,Yes,7,12677,12199,12202
test,IM-AR-0001,Rosalino Perez-Benites v. Candy Brand LLC,Immigration and/or the Border ,Yes,15,52338,51174,51182
test,IM-CA-0068,Morales v. Terra Universal Inc.,Immigration and/or the Border ,Yes,5,24535,23841,23865
test,IM-CA-0075,Lyon v. U.S. Immigration and Customs Enforcement,Immigration and/or the Border ,Yes,13,99174,97994,97945
test,IM-CA-0112,Lopez-Venegas v. Napolitano,Immigration and/or the Border ,Yes,4,39586,38758,38771
test,IM-CA-0127,American Civil Liberties Union of Northern California v. U.S. Department of Homeland Security,Immigration and/or the Border ,No,3,8936,8766,8762
test,IM-CA-0167,State of California v. U.S. Department of Homeland Security,Immigration and/or the Border ,No,6,26086,25384,25384
test,IM-DC-0020,AILA v. Department of Homeland Security,Immigration and/or the Border ,No,5,16588,15988,15991
test,IM-DC-0021,M.S.P.C. v. Johnson,Immigration and/or the Border ,No,3,25542,24892,24892
test,IM-DC-0053,M.G.U. v. Nielsen,Immigration and/or the Border ,No,7,21356,20796,20791
test,IM-IL-0019,Al Homssi v. Trump,Immigration and/or the Border ,No,2,4982,4922,4928
test,IM-LA-0015,"Devassy v. Signal International, LLC",Immigration and/or the Border ,No,3,28867,28077,28075
test,IM-NY-0041,Stern v. The Town of Mount Kisco,Immigration and/or the Border ,No,3,8843,8827,8822
test,IM-NY-0052,Tuyizere v. Utica City School District Board of Education,Immigration and/or the Border ,Yes,5,24694,23984,23976
test,IM-NY-0082,Onosamba-Ohindo v. Barr,Immigration and/or the Border ,Yes,4,32943,31988,31988
test,IM-TX-0042,"Perales Serna v. Texas Department of State Health Services, Vital Statistics Unit",Immigration and/or the Border ,No,5,48816,47946,47953
test,IM-TX-0044,Texas v. Travis County,Immigration and/or the Border ,No,20,96122,94252,94162
test,JC-MS-0013,U.S. v. Harrison County,Jail Conditions,No,7,17036,17036,17053
test,JC-NY-0030,Spinner v. City of New York,Jail Conditions,Yes,11,30772,29895,29891
test,JC-NY-0048,Pritchard v. County of Erie,Jail Conditions,Yes,18,72440,72350,72340
test,JC-TN-0012,Busby v. Bonner,Jail Conditions,Yes,26,191027,184087,184102
test,JC-WA-0010,Farris v. Franklin County,Jail Conditions,Yes,13,56046,54908,54956
test,JI-OK-0001,Terry D. v. Rader & Oklahoma,Juvenile Institution,Yes,6,26237,26125,26173
test,NS-CA-0001,In re National Security Letter (3 cases),National Security,No,29,161222,160890,160587
test,NS-DC-0090,Leopold v. National Security Agency,National Security,No,4,11581,11511,11509
test,NS-DC-0105,Associated Press v. Federal Bureau of Investigation,National Security,No,3,14214,13814,13814
test,NS-MI-0002,ACLU v. NSA,National Security,No,6,80849,79889,79899
test,NS-OR-0002,Fikre v. FBI,National Security,No,11,88955,86731,86586
test,NS-WA-0002,ACLU v. US Department of Justice,National Security,No,11,84037,80896,80985
test,PB-CT-0014,NAACP v. Department of Commerce,Public Benefits / Government Services,No,4,9431,9141,9132
test,PB-FL-0012,Jones v. Arnold,Public Benefits / Government Services,Yes,19,59149,57069,57096
test,PB-FL-0017,Florida Pediatric Society v. Levine,Public Benefits / Government Services,Yes,17,206323,203366,203430
test,PB-HI-0005,Temple v. Abercrombie,Public Benefits / Government Services,No,7,34226,32998,33008
test,PB-IL-0001,Fields v. McDonald,Public Benefits / Government Services,Yes,26,194193,194193,194354
test,PB-IN-0009,Romero v. Brown,Public Benefits / Government Services,No,3,9640,9370,9374
test,PB-KY-0001,Love v. Beshear,Public Benefits / Government Services,No,11,100258,99362,99310
test,PB-NY-0003,Reynolds v. Giuliani,Public Benefits / Government Services,Yes,15,87546,87270,87290
test,PB-NY-0013,O'Toole v. Cuomo & U.S. v. New York (formerly Disability Advocates Inc. (DAI) v. Pataki),Public Benefits / Government Services,Yes,57,718843,704971,704976
test,PB-OK-0001,Bishop v. United States,Public Benefits / Government Services,No,15,135584,134168,134073
test,PB-TX-0001,Asociacion de Trabajadores Fronterizos v. U.S. Department of Labor,Public Benefits / Government Services,No,11,55922,55586,55439
test,PC-AZ-0020,Rudisill v. Ryan,Prison Conditions,No,8,30215,29367,29432
test,PC-CA-0059,Hecker v. CDCR,Prison Conditions,Yes,18,80027,77821,77794
test,PC-FL-0021,Disability Rights Florida v. Crews,Prison Conditions,No,13,56530,55762,55759
test,PC-GA-0023,Coen v. Georgia Department of Corrections,Prison Conditions,Yes,8,22928,22114,22166
test,PC-MO-0018,J.E.M. v. Kinkade,Prison Conditions,No,7,27924,27134,27162
test,PC-TX-0023,Rhames v. United States of America,Prison Conditions,Yes,8,32536,31286,31306
test,PC-WA-0032,Goninan v. Wash. Dep't of Corrections,Prison Conditions,No,13,24782,21962,21941
test,PC-WY-0004,Pevar v. Lampert,Prison Conditions,Yes,4,5296,5224,5227
test,PD-WA-0002,Wilbur v. City of Mount Vernon,Indigent Defense,Yes,11,102235,99035,98952
test,PR-DC-0011,Cable News Network v. Trump,Presidential/Gubernatorial Authority,No,3,8744,8544,8543
test,PR-NY-0007,Soos v. Cuomo,Presidential/Gubernatorial Authority,No,16,110464,107075,107076
test,SD-MI-0001,Milliken v. Bradley,School Desegregation,Yes,21,208321,208317,208335
